method,time,ux_m,vx_m_s,ax_m_s2,uy_m,vy_m_s,ay_m_s2
chrono,0.0005,0.0,-0.0035604296056169,0.004432078401999753,0.0,0.0145720768455693,0.0021280564650183464
chrono,0.001,-1.778238400529375e-06,-0.0035564768012632,0.004640145073724715,7.2868406803816566e-06,0.0145736813607923,0.0022101962619836732
chrono,0.0015,-3.5543454565134525e-06,-0.0035522141119843,0.004440727208907502,1.4574657642901778e-05,0.0145756339248657,0.0021296293904462696
chrono,0.002,-5.330128694747138e-06,-0.0035515664766032,0.004155896167635532,2.1862838516795158e-05,0.0145763617477628,0.002021356292657523
chrono,0.0025,-7.103477782766099e-06,-0.0035466981760152,0.004038831581119832,2.915206333378717e-05,0.0145784496340325,0.001973169180253483
chrono,0.003,-8.876438547189558e-06,-0.0035459215288569,0.003938635367218585,3.6441577924484214e-05,0.0145790291814873,0.0019212711352939449
chrono,0.0035,-1.0648840061189269e-05,-0.0035448030279811,0.0041976169304057745,4.37314788958032e-05,0.0145798019424591,0.00200511255744118
chrono,0.004,-1.2421172579601958e-05,-0.0035446650364979,0.004324282717222072,5.1021503942899615e-05,0.0145800500943015,0.0020411175379000885
chrono,0.0045,-1.419143154390845e-05,-0.0035405179286289,0.004110672795447213,5.831235032199844e-05,0.0145816927580848,0.0019466550235474874
chrono,0.005,-1.596249377677772e-05,-0.0035421244654637,0.00410708697758484,6.560290259369217e-05,0.0145811045435739,0.0019326305858450965
chrono,0.0055,-1.773273091032479e-05,-0.0035404742676369,0.0037918682621951093,7.289391641338017e-05,0.0145820276393833,0.0018108804123856985
chrono,0.006,-1.950036841080749e-05,-0.0035352750006034,0.0033123007367333287,8.018605551668445e-05,0.0145842782064979,0.0016555708908093606
chrono,0.0065,-2.126714110517458e-05,-0.0035335453891742,0.003065288806638097,8.747862620339664e-05,0.0145851413734119,0.0015606099059236758
chrono,0.007,-2.3033754749102187e-05,-0.0035332272877723,0.0029030372220095217,9.477134672009058e-05,0.0145854410334299,0.0014809249157949687
chrono,0.0075,-2.4800300897576122e-05,-0.0035330922965431,0.0027609714260952685,0.00010206422430977802,0.0145857551794333,0.0014149823438091385
chrono,0.008,-2.6565714577708732e-05,-0.0035308273604024,0.002658226113076217,0.00010935759410138357,0.0145867395830365,0.001370018404218835
chrono,0.0085,-2.8331042879914392e-05,-0.0035306566043844,0.002744068738876205,0.00011665104309127594,0.0145868979798942,0.001395815556314094
chrono,0.009,-3.0092285899119275e-05,-0.003522486038461,0.002860876309623807,0.00012394608617050107,0.0145900861583483,0.001430763062799825
chrono,0.0095,-3.185437540076386e-05,-0.0035241790032913,0.0028308386151381306,0.00013124086176150018,0.0145895511820999,0.001422918058490163
chrono,0.01,-3.361548557279104e-05,-0.0035222203442575,0.00292563729947141,0.0001385360280055925,0.0145903324881135,0.0014693962069284253
chrono,0.0105,-3.537555559640637e-05,-0.0035201400468531,0.0032636730655857156,0.0001458316366797774,0.0145912173483694,0.0016002615543663065
chrono,0.011,-3.71379220215351e-05,-0.0035247328503031,0.0034187130668856917,0.00015312649086229868,0.0145897083650567,0.0016540021051332655
chrono,0.0115,-3.889922964195325e-05,-0.0035226152411056,0.0033477979419142996,0.00016042189927728545,0.0145908168300119,0.0016318905343379662
chrono,0.012,-4.066008194558712e-05,-0.0035217046072025,0.003469000676599969,0.00016771753490918417,0.0145912712636705,0.0016831045853238145
chrono,0.0125,-4.242063804560381e-05,-0.0035211121997228,0.003654945530118988,0.0001750134468251896,0.0145918238321897,0.0017424779424571298
chrono,0.013,-4.418022407193245e-05,-0.0035191720529476,0.003531543704409477,0.00018230979791469815,0.0145927021788256,0.0016991168790762383
chrono,0.0135,-4.593903652372333e-05,-0.0035176249035499,0.0034478489702904477,0.00018960657142627624,0.0145935470231828,0.0016807291492856365
chrono,0.014,-4.769677362859159e-05,-0.0035154742097717,0.0031561125713618515,0.00019690386953999384,0.0145945962274462,0.00157848374783811
chrono,0.0145,-4.9453731354787145e-05,-0.0035139154522052,0.0029271645815190346,0.00020420152045677598,0.0145953018336332,0.0015020929067619008
chrono,0.015,-5.1209641305560716e-05,-0.0035118199020037,0.002859614324271419,0.00021149968160580346,0.0145963222979814,0.0014997643343333507
chrono,0.0155,-5.296433335999495e-05,-0.0035093841088,0.002618140234714284,0.00021879834776777907,0.0145973323240228,0.0014355139263476382
chrono,0.016,-5.4716672105104e-05,-0.0035046774899233,0.002757414063542822,0.00022609805044360165,0.0145994053515761,0.0014939824063716686
chrono,0.0165,-5.646631150713066e-05,-0.0034992788039124,0.0030312613285809606,0.00023339886771278628,0.0146016345385129,0.0015828298212000444
chrono,0.017,-5.8215930421545714e-05,-0.003499237829085,0.0032317034386190415,0.00024069989508418432,0.014602054742618,0.001650615792519075
chrono,0.0175,-5.9963273338348166e-05,-0.0034946858336529,0.0034417310747237913,0.0002480018315143828,0.0146038728605156,0.0017302092818810301
chrono,0.018,-6.171071328553435e-05,-0.00349487989453,0.003577814561795205,0.0002553037892089882,0.0146039153891392,0.0017779523023811975
chrono,0.0185,-6.345815195796245e-05,-0.0034948773446229,0.0036712017720618847,0.00026260591962287694,0.0146042608277912,0.0018096910805382158
chrono,0.019,-6.520525285380607e-05,-0.0034942017917878,0.0035117553619857006,0.00026990825564648935,0.0146046720472745,0.001739863943100011
chrono,0.0195,-6.695158409730784e-05,-0.003492662487059,0.003394216183776206,0.00027721098577138115,0.0146054602496726,0.0016939051491761908
chrono,0.02,-6.86978501465152e-05,-0.0034925320984814,0.0031479275416094665,0.00028451384629230025,0.0146057210418176,0.0016226864709621292
chrono,0.0205,-7.044475782080895e-05,-0.0034938153482577,0.0028451483923714036,0.0002918166751319784,0.0146056576794168,0.001535372739514429
chrono,0.021,-7.219153986970372e-05,-0.0034935640979239,0.0025116998976238186,0.00029911969410670314,0.0146060379495194,0.0014204135070383437
chrono,0.0215,-7.393824142154504e-05,-0.0034934031038979,0.002098392706233338,0.0003064228248038925,0.0146062613944405,0.0012634155585905897
chrono,0.022,-7.568338567154331e-05,-0.0034902884996106,0.0021171470019666614,0.0003137265764174002,0.0146075032268733,0.0012640968054286631
chrono,0.0225,-7.742646845954049e-05,-0.0034861655764865,0.0020418506563475965,0.00032103120031659604,0.014609247798452,0.0012369039269143926
chrono,0.023,-7.916865589874256e-05,-0.0034843748778696,0.0018675243730190694,0.0003283362911628007,0.0146101816923277,0.001170250183852248
chrono,0.0235,-8.090904353319495e-05,-0.0034807752690031,0.001872525171152397,0.000335642131821301,0.0146116813170376,0.0011650546616333237
chrono,0.024,-8.264850675832047e-05,-0.0034789264502811,0.0017535086543666682,0.00034294841752008365,0.0146125713976621,0.0011365605863144844
chrono,0.0245,-8.438871965832373e-05,-0.0034804258004388,0.0015460288596142696,0.0003502544720180023,0.014612108995772,0.0010844094844668427
chrono,0.025,-8.612756231918262e-05,-0.0034776853216788,0.0014284896468237808,0.0003575611525547806,0.0146133610734401,0.0010412254432762968
chrono,0.0255,-8.786853409636919e-05,-0.0034819435541563,0.0015618205400571255,0.0003648673222917953,0.0146123394740647,0.0010701229808952341
chrono,0.026,-8.960829026660733e-05,-0.0034795123404076,0.0017843937070428587,0.0003721741012794877,0.0146135579754693,0.0011389645663095326
chrono,0.0265,-9.134919204678571e-05,-0.0034818035604656,0.001979895734995251,0.00037948060547138285,0.0146130083837774,0.0012053272825713044
chrono,0.027,-9.308823528997312e-05,-0.0034780864865392,0.002151113209780929,0.00038678788708798595,0.014614563233042,0.001269146620361774
chrono,0.0275,-9.482622031975474e-05,-0.0034759700594169,0.0019897980763618826,0.00039409572312848473,0.0146156720810029,0.001228408622738034
chrono,0.028,-9.65637576895162e-05,-0.0034750747395377,0.0017167560090094987,0.0004014038383807761,0.0146162305045959,0.0011393870313904401
chrono,0.0285,-9.830139417799089e-05,-0.0034752729768118,0.0015724104851047133,0.00040871190488017684,0.0146161329989198,0.0010900931159617702
chrono,0.029,-0.00010003897479471391,-0.0034751612337469,0.0013955185829523402,0.00041602015956318517,0.0146165093659049,0.0010275778628523046
chrono,0.0295,-0.00010177752190521083,-0.0034770942209221,0.0014478101277380865,0.00042332830520389053,0.0146162912814734,0.0010437306516714834
chrono,0.03,-0.00010351617363113519,-0.0034773034518728,0.001529138630833297,0.000430636612011176,0.0146166136146475,0.0010639942511619978
chrono,0.0305,-0.00010525512005676863,-0.0034778928510843,0.0014174665729666763,0.0004379448287167853,0.0146164334111515,0.0010037231425856351
chrono,0.031,-0.00010699294823879324,-0.0034756563643136,0.0013564160569714122,0.0004452535376630873,0.0146174178926817,0.0009591821143285442
chrono,0.0315,-0.00010873007364575749,-0.0034742508140201,0.0013529945274237888,0.00045256263565918164,0.014618195992147,0.0009393638014570356
chrono,0.032,-0.00011046564293437644,-0.0034711385773668,0.001385206141361897,0.0004598723432715779,0.0146194152247469,0.0009486802934427866
chrono,0.0325,-0.0001121993327587445,-0.0034673796487363,0.001233638781423796,0.00046718284400928956,0.0146210014755945,0.0008926438894474943
chrono,0.033,-0.00011393297709272332,-0.0034672886677572,0.0011396546748762056,0.0004744936170746894,0.0146215461308083,0.0008545658221046148
chrono,0.0335,-0.00011566657704797922,-0.0034671999104097,0.0010296358989618994,0.0004818045223185796,0.0146218104876306,0.0008262692788475943
chrono,0.034,-0.00011739904185614769,-0.0034649296162758,0.0009638150334571103,0.0004891159945570878,0.0146229444771699,0.0007987385354571838
chrono,0.0345,-0.0001191317749623666,-0.0034654662127664,0.0011251181082809335,0.0004964274382434908,0.0146228873726497,0.000825339308480806
chrono,0.035,-0.00012086351597517808,-0.003463482025271,0.0012189793465714313,0.0005037392939256924,0.0146237113644695,0.0008297531530426941
chrono,0.0355,-0.00012259477456799672,-0.0034625171855991,0.0013595256930714378,0.0005110513452177001,0.014624102584017,0.0008728274134570245
chrono,0.036,-0.00012432844701393275,-0.0034673448922037,0.0013087051546714292,0.0005183626832923893,0.0146226761494821,0.000852052267857165
chrono,0.0365,-0.00012606126014635954,-0.0034656262651638,0.00115859380227142,0.0005256743653546947,0.0146233641244528,0.0007840551031857197
chrono,0.037,-0.0001277948985217714,-0.0034672767506335,0.0010389457203285666,0.0005329858297919987,0.0146229288746245,0.0007413202284142799
chrono,0.0375,-0.0001295266605055856,-0.0034635239674027,0.0007310642209285699,0.0005402981123061867,0.0146245650283572,0.0006279183732714902
chrono,0.038,-0.00013125897358756689,-0.0034646261641435,0.0005316718386285774,0.0005476103202097793,0.0146244158073661,0.0005310015577571782
chrono,0.0385,-0.0001329902165307928,-0.0034624858866387,0.00036875894943333963,0.0005549230365400892,0.0146254326604969,0.0004595728100190975
chrono,0.039,-0.00013472333626873834,-0.0034662394758326,1.3274728361941815e-05,0.000562235177789,0.0146242824978746,0.0003315540575333522
chrono,0.0395,-0.00013645531357830976,-0.0034639546190235,-4.35659488380842e-05,0.0005695477444770947,0.0146251333761947,0.0003075244890285301
chrono,0.04,-0.00013818765025597202,-0.0034646733553716,0.00010225302369998566,0.0005768602441753867,0.0146249993966617,0.0003654824070761178
chrono,0.0405,-0.00013991971313154217,-0.0034641257511453,-3.9080955823796636e-05,0.000584172909333297,0.0146253303156731,0.00032571814926175504
chrono,0.041,-0.00014165097338758592,-0.0034625205122573,0.000135956695099994,0.000591485932376179,0.0146260460858085,0.0003809183883190382
chrono,0.0415,-0.00014338274633518555,-0.0034635458948925,0.0003852551725523742,0.0005987987815339879,0.0146256983156497,0.00046827943858100224
chrono,0.042,-0.00014511376174197732,-0.0034620308135935,0.0004471400008571206,0.0006061119718971941,0.0146263807263459,0.0005078479115429077
chrono,0.0425,-0.00014684453210078718,-0.0034615407176665,0.00019169371227140396,0.0006134253710048942,0.0146267982153447,0.0004194906745143424
chrono,0.043,-0.00014857534468071254,-0.0034616251597971,-0.0002074373810952408,0.000620738773390278,0.0146268047708354,0.0002787898236381433
chrono,0.0435,-0.00015030628370471533,-0.0034618780480852,-0.0002926864071714206,0.0006280522203243877,0.0146268938682803,0.00024374456559529887
chrono,0.044,-0.00015203871700075755,-0.0034648665921436,-0.00018009899948570474,0.0006353652772140006,0.014626113779169,0.00027924734441437104
chrono,0.0445,-0.00015377220908352474,-0.0034669841652463,-0.0001252176538571221,0.0006426780791243814,0.0146256038208397,0.0003051450481761787
chrono,0.045,-0.00015550437235778425,-0.0034643265487215,-0.00031420711776665114,0.0006499914221460013,0.0146266860432495,0.0002443239640285303
chrono,0.0455,-0.00015723560954572502,-0.0034624743758182,-0.0005912106667095454,0.0006573052160582793,0.0146275878244183,0.000145016076923928
chrono,0.046,-0.00015896778231316855,-0.0034643455351242,-0.0010150506907095334,0.0006646187491608779,0.0146270662052027,-1.6776585809537215e-05
chrono,0.0465,-0.0001606991130391755,-0.0034626614520815,-0.0012594607884619208,0.0006719326050680929,0.0146277118144511,-0.0001002172586620445
chrono,0.047,-0.00016243022271278384,-0.0034622193466624,-0.001352291730019072,0.0006792466862318991,0.014628162327694,-0.00013227562928583953
chrono,0.0475,-0.0001641608695771568,-0.0034612937291169,-0.0015092407691714399,0.0006865610839706937,0.0146287954775257,-0.00019628925440953604
chrono,0.048,-0.0001658936102877373,-0.0034654814209616,-0.0016590510917428713,0.0006938748378354787,0.0146275077296208,-0.00025436021996194126
chrono,0.0485,-0.00016762712273554747,-0.0034670248955876,-0.0018149219493952646,0.0007011885016816877,0.0146273276923989,-0.00031851192448582665
chrono,0.049,-0.0001693602395204108,-0.0034662335697452,-0.0018436464698428818,0.0007085023213873887,0.0146276394113416,-0.0003408543625525847
chrono,0.0495,-0.00017109337645637712,-0.0034662738717153,-0.0017677104819333813,0.0007158162913580013,0.0146279399412626,-0.00033228724057634976
chrono,0.05,-0.0001728266513532084,-0.0034665497938718,-0.0022137063255809756,0.0007231302333473855,0.0146278839788184,-0.00048294933438578863
chrono,0.0505,-0.000174560989618322,-0.0034686765299964,-0.002910446813138118,0.0007304439231460846,0.0146273795972826,-0.0007201954974000895
chrono,0.051,-0.0001762972586183409,-0.0034725380005214,-0.0031350528982476596,0.0007377569208723844,0.0146259954526676,-0.0008177529754000883
chrono,0.0515,-0.00017803497078217045,-0.0034754243273861,-0.0031870082502333517,0.0007450694351925913,0.014625028640512,-0.0008482475577857651
chrono,0.052,-0.0001797735161603864,-0.0034770907563214,-0.003311115247233323,0.0007523817407918965,0.0146246111985143,-0.0009105696315334537
chrono,0.0525,-0.0001815119581995983,-0.003476884078495,-0.0035050142776571376,0.0007596940858194956,0.0146246900552663,-0.0010049051840334688
chrono,0.053,-0.00018325114895401118,-0.0034783815089176,-0.0035985916785809457,0.0007670062692256008,0.0146243668120817,-0.0010488283068286514
chrono,0.0535,-0.0001849909611747469,-0.0034796244414726,-0.0035659954615095174,0.0007743182165302898,0.0146238946094792,-0.001048825154942788
chrono,0.054,-0.0001867319572383952,-0.003481992127347,-0.003745567626719039,0.0007816297741699008,0.0146231152792223,-0.0011176185562571596
chrono,0.0545,-0.00018847369178276452,-0.0034834690887485,-0.0039799318233238005,0.0007889411413831982,0.0146227344266134,-0.0012085408223239114
chrono,0.055,-0.0001902164435771958,-0.003485503588762,-0.004226817360747613,0.0007962521439539016,0.0146220051413432,-0.001301315770714409
chrono,0.0555,-0.0001919625910563605,-0.003492294958043,-0.004320234258604753,0.0008035622153473032,0.0146201427867239,-0.0013390038785810227
chrono,0.056,-0.0001937104037311732,-0.0034956253495726,-0.004113342337619016,0.0008108717188349823,0.0146190069754985,-0.001278684731285837
chrono,0.0565,-0.00019545891906713742,-0.003497030672233,-0.003983450125680936,0.0008181809559557884,0.0146184742416391,-0.001225268714471436
chrono,0.057,-0.0001972073708111921,-0.0034969034882276,-0.003880694214790457,0.0008254902012454768,0.0146184905793012,-0.001191994076409469
chrono,0.0575,-0.0001989561261767081,-0.0034975107307082,-0.0038232179832856914,0.0008327993320458027,0.0146182616005817,-0.0011820542703142273
chrono,0.058,-0.000200705929999212,-0.0034996076449019,-0.003904007561904745,0.0008401081286436851,0.0146175931957733,-0.0012171073350334353
chrono,0.0585,-0.00020245729896439801,-0.0035027379304268,-0.004128902322323784,0.0008474164709521836,0.0146166846169298,-0.0012918978064715213
chrono,0.059,-0.00020420962610978588,-0.0035046542908141,-0.004449115654909501,0.0008547245336905929,0.0146161254768361,-0.0013968113429761956
chrono,0.0595,-0.00020596325665711568,-0.0035072610946798,-0.004635626175528558,0.0008620322195092012,0.014615371637223,-0.0014651216052999957
chrono,0.06,-0.00020771766911475975,-0.0035088249150705,-0.004698017738552359,0.000869339633688182,0.0146148283581124,-0.0014866419663142273
chrono,0.0605,-0.00020947405007232245,-0.0035127619150923,-0.00437808801550474,0.0008766464676535912,0.0146136679307836,-0.001399685893047609
chrono,0.061,-0.0002112306447363821,-0.0035131893282066,-0.003811151155928534,0.0008839532059354838,0.0146134765638672,-0.001230337431476243
chrono,0.0615,-0.00021298784743195576,-0.0035144053914012,-0.0035386817002951857,0.0008912597289889024,0.014613046106726,-0.0011380043835762098
chrono,0.062,-0.00021474645212637977,-0.0035172093891456,-0.0036332774937190373,0.0008985658526605989,0.0146122473434497,-0.0011614787048096328
chrono,0.0625,-0.00021650485226298866,-0.0035168002730725,-0.003725377808452385,0.0009058720329706005,0.014612360619972,-0.0011873068007285646
chrono,0.063,-0.0002182635833327673,-0.0035174621393929,-0.0036038787550237757,0.0009131780917177035,0.014612117494132,-0.0011520783741284038
chrono,0.0635,-0.000220023477136011,-0.0035197876068197,-0.0034163105122999794,0.0009204837817772815,0.0146113801191803,-0.0010923897460713085
chrono,0.064,-0.00022178593978217087,-0.0035249252923393,-0.0032525196265476325,0.0009277886575014826,0.0146097514484447,-0.001042172947261917
chrono,0.0645,-0.00022355100113480297,-0.0035301227052334,-0.00296535285610478,0.000935092620202499,0.0146079254020543,-0.0009560206894952168
chrono,0.065,-0.00022531734446518126,-0.0035326866605482,-0.002759330561047623,0.0009423961985774998,0.0146071567500701,-0.0008882729887428384
chrono,0.0655,-0.00022708481665978386,-0.0035349443894719,-0.0027252909594428602,0.0009496993802457776,0.0146063633365939,-0.0008720134857713935
chrono,0.066,-0.00022885221366275577,-0.0035347940056587,-0.0026705776966857507,0.0009570025758396938,0.0146063911877192,-0.0008527431359428678
chrono,0.0665,-0.0002306187939007387,-0.0035331604762314,-0.002646215064771463,0.0009643060365839007,0.0146069214884422,-0.0008402246969095492
chrono,0.067,-0.00023238569783134988,-0.0035338078612804,-0.002466539072233344,0.0009716093674022874,0.0146066616366403,-0.0007822432433285662
chrono,0.0675,-0.00023415391039471878,-0.0035364251265483,-0.002370504544799997,0.0009789123234680008,0.014605912131499,-0.000748940720699986
chrono,0.068,-0.00023592202140776397,-0.003536222026365,-0.0024651395465333367,0.0009862152767707855,0.0146059066055686,-0.0007714009068618701
chrono,0.0685,-0.00023769031030917986,-0.0035365778031006,-0.002459186920704787,0.000993518154043277,0.0146057545449297,-0.0007634357635712857
chrono,0.069,-0.00023945906545574935,-0.0035375102929864,-0.0022145357979571783,0.0010008209455847905,0.0146055830831059,-0.0006836532304332264
chrono,0.0695,-0.0002412281578759723,-0.003538184840412,-0.0017372088353238319,0.001008123616274198,0.0146053413787675,-0.0005269191355428878
chrono,0.07,-0.0002429961593535257,-0.0035360029550601,-0.0013062397874142925,0.0010154266559245784,0.0146060793008122,-0.0003843987818951704
chrono,0.0705,-0.00024476517385174645,-0.0035380289964722,-0.0010915897795523975,0.00102272938940548,0.0146054669617596,-0.0003086912921808283
chrono,0.071,-0.00024653556832354706,-0.0035407889438389,-0.001161931395514301,0.0010300317479274013,0.0146047170439352,-0.00032071884693802
chrono,0.0715,-0.00024830619053917147,-0.0035412444310904,-0.0015448597773047908,0.0010373340078498883,0.0146045198448608,-0.00043382183431894816
chrono,0.072,-0.00025007715094160776,-0.0035419208048776,-0.0018095353779476703,0.001044636186903397,0.0146043581070973,-0.0005031110764332729
chrono,0.0725,-0.0002518478965897186,-0.0035414912961861,-0.001697134700609541,0.0010519384410208887,0.0146045082349685,-0.0004667398961951939
chrono,0.073,-0.00025361904607035246,-0.0035422989614728,-0.0016163492614047587,0.0010592406270074906,0.0146043719733185,-0.0004479301404190479
chrono,0.0735,-0.00025539091176118855,-0.0035437313814698,-0.0017037939584809809,0.0010665425803683959,0.0146039067217414,-0.00048045055280963666
chrono,0.074,-0.0002571634924063426,-0.0035451612900776,-0.0017338082722476457,0.0010738443597387015,0.0146035587405359,-0.0005018038654000972
chrono,0.0745,-0.00025893652083675,-0.0035460568608385,-0.0017375510487142825,0.0010811459677932955,0.01460321610925,-0.0004970594770000672
chrono,0.075,-0.0002607092570977576,-0.003545472522276,-0.00180686364010955,0.0010884476655129982,0.0146033954394026,-0.0005057104200285812
chrono,0.0755,-0.0002624816410371489,-0.0035447678790413,-0.001703794992076222,0.0010957494726821781,0.014603614338302,-0.00046465093416665174
chrono,0.076,-0.00026425453431555557,-0.0035457865563494,-0.001622750986857147,0.001103051184297793,0.0146034232312262,-0.0004226425270000146
chrono,0.0765,-0.0002660287105145098,-0.003548352398087,-0.0017378944492380665,0.0011103524823963817,0.0146025961973012,-0.0004485059419856441
chrono,0.077,-0.00026780473258392057,-0.0035520441391265,-0.0019175098428952033,0.0011176532855065868,0.0146016062203395,-0.0004944967444332112
chrono,0.0775,-0.00026958119480480214,-0.0035529244413222,-0.00208215072268571,0.0011249539912926987,0.0146014115721379,-0.000542718596385666
chrono,0.078,-0.0002713576689923336,-0.0035529483752193,-0.002068789376742872,0.0011322546716217852,0.0146013606581813,-0.0005492299151952585
chrono,0.0785,-0.00027313449004839896,-0.0035536421121835,-0.001889219824552379,0.0011395551973946982,0.0146010515459375,-0.0004995574673714877
chrono,0.079,-0.0002749119587435178,-0.0035549373904102,-0.0018668450934142715,0.0011468554574661782,0.0146005201429518,-0.0004966579750811173
chrono,0.0795,-0.0002766897390833467,-0.003555560679394,-0.0019636231467666534,0.0011541555972681972,0.0146002796039104,-0.0005295287214382412
chrono,0.08,-0.0002784680505963921,-0.0035566230260274,-0.002107705722623807,0.0011614557005725779,0.014600206608946,-0.0005658346083904523
chrono,0.0805,-0.0002802458050493728,-0.003555508905887,-0.0023141476236095073,0.0011687559976484851,0.0146005941518131,-0.0006168765159238767
chrono,0.081,-0.00028202295641954755,-0.0035543027404789,-0.0023764897103618885,0.0011760565948690793,0.0146011944411412,-0.0006351064707762213
chrono,0.0815,-0.0002838022529049189,-0.0035585929705562,-0.002331470069228567,0.0011833566519048877,0.0146001140714866,-0.000618717639514308
chrono,0.082,-0.00028558222099872577,-0.0035599361878071,-0.0022557292878571536,0.001190656504001103,0.0145997041925277,-0.0005859308779333124
chrono,0.0825,-0.0002873639693763419,-0.0035634967548617,-0.002358354944795225,0.0011979558986649763,0.0145987893277973,-0.0006143512634617972
chrono,0.083,-0.00028914578963190607,-0.0035636405113784,-0.002536141410342852,0.0012052552386268844,0.0145986799237444,-0.0006630304428380978
chrono,0.0835,-0.0002909275867936101,-0.0035635943231921,-0.0026442088072428675,0.0012125545718550956,0.0145986664563235,-0.0006804804136239438
chrono,0.084,-0.00029270864161157206,-0.0035621096360661,-0.0026564322037809468,0.00121985413262099,0.0145991215319216,-0.0006703548601381538
chrono,0.0845,-0.0002944916350027249,-0.003565986782443,-0.0025104118681475995,0.0012271530896774963,0.014597914112879,-0.0006188078925190391
chrono,0.085,-0.0002962748687299621,-0.0035664674545552,-0.0024578419610809454,0.001234451959994387,0.0145977406337567,-0.0006138321999618903
chrono,0.0855,-0.0002980595306043554,-0.0035693237487344,-0.0025212174804714366,0.001241750454188395,0.0145969883881197,-0.00064963113914289
chrono,0.086,-0.000299844287480755,-0.0035695137526787,-0.0026975770221619164,0.0012490489876798017,0.0145970669827505,-0.0007184369033238861
chrono,0.0865,-0.00030162976096392846,-0.0035709469666296,-0.0027655666083428706,0.001256347304355282,0.0145966333508914,-0.000757262995114313
chrono,0.087,-0.0003034158373935725,-0.0035721528592606,-0.002605654680442863,0.0012636455008588898,0.0145963930072062,-0.0007053499114428451
chrono,0.0875,-0.0003052036443901285,-0.0035756139929979,-0.002446639904214306,0.0012709432532898857,0.0145955048619979,-0.0006613050657905141
chrono,0.088,-0.0003069930844107338,-0.0035788800412915,-0.002510616358276197,0.001278240559066779,0.0145946115539468,-0.0006892032926428286
chrono,0.0885,-0.0003087832102831589,-0.0035802517448672,-0.0027589134839571287,0.00128553767758538,0.0145942370370728,-0.0007495697193475236
chrono,0.089,-0.00031057414384694226,-0.0035818671274877,-0.003096711520480966,0.0012928346201245833,0.0145938850783599,-0.0008415587242284671
chrono,0.0895,-0.0003123653925727332,-0.0035824974513854,-0.0032463066750476294,0.001300131424703782,0.0145936091584665,-0.0008918968767665328
chrono,0.09,-0.0003141557522063909,-0.0035807192676499,-0.0031546957188190476,0.0013074285225150861,0.0145941956226528,-0.0008704788481617683
chrono,0.0905,-0.00031594729176598335,-0.0035830791189542,-0.0030461305195285697,0.0013147252225720885,0.0145934001140044,-0.0008491618278760882
chrono,0.091,-0.00031773829095593786,-0.0035819983800501,-0.0030532720611809636,0.0013220221017684886,0.0145937583928327,-0.0008577975874332754
chrono,0.0915,-0.0003195305221479483,-0.0035844623837812,-0.0032071894075333318,0.0013293185732810853,0.0145929430251518,-0.0008990024958858303
chrono,0.092,-0.0003213237772611288,-0.0035865102260291,-0.003119821634347605,0.0013366148047633808,0.0145924629645786,-0.0008749365240000426
chrono,0.0925,-0.00032311714610133713,-0.0035867376806235,-0.002945236613452362,0.0013439110762389905,0.0145925429512954,-0.0008206548962381499
chrono,0.093,-0.0003249111834513485,-0.0035880747000338,-0.0027892219723809567,0.0013512071078203847,0.014592063162648,-0.0007733703045238778
chrono,0.0935,-0.00032670707620618966,-0.0035917855097301,-0.0026002125184000093,0.0013585025742302026,0.0145909328197482,-0.0007265348134713653
chrono,0.094,-0.00032850376946014226,-0.0035933865080035,-0.002328712230309536,0.0013657979105283768,0.0145906725962134,-0.0006494243766332156
chrono,0.0945,-0.000330302443656727,-0.0035973483931848,-0.002133115511628573,0.0013730926318577807,0.0145894426588229,-0.0005901886252951881
chrono,0.095,-0.00033210190388954786,-0.0035989204655003,-0.002244584130852373,0.0013803870634334914,0.0145888631515656,-0.0006205966463333992
chrono,0.0955,-0.0003339017950801937,-0.0035997823815931,-0.0023459165410190373,0.0013876813192031934,0.0145885115392587,-0.0006450692318239417
chrono,0.096,-0.0003357017838615528,-0.0035999775626066,-0.0024115161508999512,0.0013949755117452778,0.0145883850842323,-0.000654828303962029
chrono,0.0965,-0.00033750327318760043,-0.0036029786520913,-0.002436628405466614,0.0014022693400138897,0.0145876565373018,-0.0006570910083382334
chrono,0.097,-0.00033930568970996777,-0.0036048330447752,-0.0024273382340571424,0.001409562922385893,0.0145871647439265,-0.0006588711152096223
chrono,0.0975,-0.0003411075812275177,-0.0036037830354363,-0.0025693784871524037,0.0014168566663594895,0.0145874879471671,-0.0007177847187572169
chrono,0.098,-0.0003429104981205189,-0.0036058337857047,-0.0026405742060999983,0.0014241502544440898,0.014587176169216,-0.0007433673424476998
chrono,0.0985,-0.0003447141150755284,-0.0036072339100047,-0.0025403005655476227,0.0014314436041792944,0.0145866994703337,-0.0007036272943811097
chrono,0.099,-0.00034651736624513596,-0.0036065023390404,-0.0023712729352952495,0.0014387370501240948,0.014586891889603,-0.0006626689195906957
chrono,0.0995,-0.00034831962599013444,-0.003604519490151,-0.0022130465260238054,0.0014460308462809768,0.0145875923139204,-0.000629296483752587
chrono,0.1,-0.0003501219462473948,-0.0036046405144663,-0.0020766910703809613,0.0014533246002619016,0.0145875079617748,-0.0005767294455573166
chrono,0.1005,-0.00035192480248313895,-0.0036057124713169,-0.002084681391747614,0.0014606182324067851,0.0145872642897715,-0.0005527880915239893
chrono,0.101,-0.000353728477564319,-0.0036073501626486,-0.002045859804423786,0.0014679116249032842,0.0145867849930174,-0.0005220604129620469
chrono,0.1015,-0.00035553266215193613,-0.0036083691755246,-0.0018042064678047592,0.0014752049359629815,0.0145866221194365,-0.0004446435617334017
chrono,0.102,-0.00035733729254439073,-0.0036092607848215,-0.0015648844363428658,0.0014824980761566908,0.0145862803873729,-0.0003788355799047492
chrono,0.1025,-0.00035914363550837436,-0.003612685927904,-0.0015713156094666878,0.0014897907208111794,0.0145852893089381,-0.0003751237910856715
chrono,0.103,-0.00036095089497201194,-0.0036145189269788,-0.0016273516088095416,0.0014970830423750858,0.014584643127842,-0.00039276329467146943
chrono,0.1035,-0.00036275876772795534,-0.0036157455120066,-0.0015682185451714233,0.0015043752185111003,0.01458435227191,-0.0003842201577858042
chrono,0.104,-0.0003645674982327707,-0.0036174610096338,-0.0015456124054142766,0.0015116671522796832,0.0145838675373042,-0.00037600726204766756
chrono,0.1045,-0.0003663762521027847,-0.003617507739741,-0.0016100591951952168,0.0015189590631953798,0.014583821831346,-0.0003935193544572528
chrono,0.105,-0.0003681861026719746,-0.0036197011384938,-0.0018079138507857088,0.0015262506022940825,0.0145830781975315,-0.00045636866351914237
chrono,0.1055,-0.00036999619178834653,-0.0036201782326693,-0.001937347980752407,0.0015335421604413813,0.0145831162945003,-0.0005019051880380807
chrono,0.106,-0.00037180734325037434,-0.0036223029236508,-0.0018410162506000112,0.001540833485364601,0.014582649846402,-0.00047544001700479334
chrono,0.1065,-0.00037361755328835233,-0.0036204200764418,-0.0016369448022523834,0.001548125127118799,0.0145832835084168,-0.00042172925950004084
chrono,0.107,-0.0003754277655255711,-0.00362042447408,-0.0014172301054571662,0.001555416837417889,0.0145834205983209,-0.00035922461571419583
chrono,0.1075,-0.00037723789042354294,-0.0036202497959497,-0.0011549257217904764,0.001562708559985776,0.0145834451357294,-0.00027744500556190063
chrono,0.108,-0.0003790485723795811,-0.0036213639120606,-0.0008618097839142738,0.0015700002249637024,0.0145833299557514,-0.00018197701931443348
chrono,0.1085,-0.0003808597860259777,-0.0036224272928654,-0.0006162682977143021,0.0015772917680293985,0.0145830861314436,-0.00010528330429532538
chrono,0.109,-0.00038267157252191986,-0.0036235729922926,-0.00041862389231429544,0.0015845831284717893,0.0145827208847926,-4.713089143332503e-05
chrono,0.1095,-0.0003844828830807945,-0.0036226211172662,-0.00011995024417620401,0.0015918746156330932,0.0145829743226411,5.205505693813469e-05
chrono,0.11,-0.0003862939890582062,-0.0036222119550243,-7.076212195715536e-05,0.0015991662386203032,0.0145832459744387,8.41193419143661e-05
chrono,0.1105,-0.0003881064461783712,-0.0036249142404595,-0.0002137337574476248,0.0016064573738999999,0.0145822705593226,4.788668996201837e-05
chrono,0.111,-0.00038991950770495,-0.0036261230529195,-9.826772384761522e-05,0.0016137483547416787,0.0145819616832749,6.750428803340267e-05
chrono,0.1115,-0.00039173230816613724,-0.0036256009223086,-0.0001566822430380876,0.001621039406421193,0.0145821033591569,2.7105961428509046e-05
chrono,0.112,-0.0003935445552943895,-0.0036244942567119,-0.0003315686210142708,0.0016283306301405898,0.0145824474388475,-4.989088828576458e-05
chrono,0.1125,-0.0003953560040623749,-0.0036228975358488,-0.0004165571580380905,0.0016356220858161907,0.0145829113510319,-8.88019101238633e-05
chrono,0.113,-0.00039716765537078924,-0.0036233026170343,-0.0005832073956190385,0.0016429135018162788,0.0145828320001623,-0.000162627390090584
chrono,0.1135,-0.0003989786554925434,-0.0036220002433107,-0.0005235207291618627,0.0016502051412758956,0.0145832789192122,-0.0001677905902095489
chrono,0.114,-0.0004007892584075856,-0.0036212058299267,-0.00034129664335233586,0.001657496894041377,0.0145835055311496,-0.0001061166814761771
chrono,0.1145,-0.0004025996543043364,-0.0036207917934523,-0.0003932186332475834,0.0016647887563061015,0.0145837245293445,-0.00011165564584296528
chrono,0.115,-0.0004044080022597152,-0.0036166959110502,-0.0004938732898094957,0.0016720812853038836,0.0145850579955014,-0.00014556334502862405
chrono,0.1155,-0.0004062190017455336,-0.0036219989717457,-0.00044937585124282277,0.0016793730895735826,0.0145836085395563,-0.0001352956171951953
chrono,0.116,-0.0004080301861495439,-0.0036223688083238,-0.00037023756904757966,0.0016866648853600952,0.0145835915729647,-0.00011323626473334176
chrono,0.1165,-0.0004098412741347923,-0.0036221759701971,-0.0004139681970142621,0.001693956681439096,0.0145835921579863,-0.00012877673306656488
chrono,0.117,-0.0004116531928133327,-0.0036238373569993,-0.0006818673496618974,0.0017012481366500964,0.0145829104220225,-0.00020082066405704846
chrono,0.1175,-0.0004134651778807674,-0.0036239701345638,-0.0009928759961904624,0.0017085395096380906,0.0145827459760612,-0.0002773630954000305
chrono,0.118,-0.0004152779037985832,-0.0036254518357847,-0.0011057415092618826,0.0017158306370970988,0.0145822549178765,-0.0003006958467857146
chrono,0.1185,-0.00041709210841234245,-0.0036284092275336,-0.0012347303611285596,0.0017231211895962772,0.0145811049984124,-0.000347502193776164
chrono,0.119,-0.0004189052963687878,-0.0036263759127048,-0.0014608926355094936,0.0017304120833394887,0.0145817874863882,-0.00040590051415236755
chrono,0.1195,-0.0004207186921695305,-0.0036267916019636,-0.0016047971501428285,0.0017377029788791798,0.014581791079537,-0.00043880931336669535
chrono,0.12,-0.0004225325222191323,-0.0036276600988934,-0.0019374164887904434,0.0017449937585588826,0.014581559359334,-0.0005365623313953077
chrono,0.1205,-0.0004243462943753773,-0.0036275443124831,-0.001963375611019008,0.001752284560612688,0.0145816041075002,-0.0005287037132239462
chrono,0.121,-0.0004261608037633424,-0.0036290187758768,-0.0016853136052618542,0.0017595750962217938,0.0145810712183,-0.0004364298638905544
chrono,0.1215,-0.00042797570051655853,-0.0036297935064522,-0.001712002247947584,0.0017668654877531775,0.0145807830627381,-0.00044339947292851685
chrono,0.122,-0.0004297910124171356,-0.0036306238009132,-0.0017198588008523633,0.001774155776587294,0.0145805776682993,-0.0004354058291809116
chrono,0.1225,-0.0004316079077131274,-0.0036337905924502,-0.0016620104712428247,0.0017814456545351964,0.0145797558957599,-0.0004017663003808754
chrono,0.123,-0.0004334251335111894,-0.0036344515960305,-0.00164266127708093,0.0017887355436697894,0.0145797782691161,-0.0003863797398903978
chrono,0.1235,-0.00043524261807559306,-0.0036349691285471,-0.001396654960752369,0.001796025368904386,0.0145796504692956,-0.00029212709960005226
chrono,0.124,-0.0004370607496103629,-0.0036362630693816,-0.001174835747371433,0.0018033149503563772,0.0145791629040096,-0.0002105941688857762
chrono,0.1245,-0.0004388795604847173,-0.0036376217492015,-0.0011685567975428708,0.0018106044991741954,0.014579097635555,-0.00021632370241910675
chrono,0.125,-0.0004406985987919221,-0.0036380766143305,-0.001121620238780961,0.0018178939578888942,0.0145789174293584,-0.00020793192720948097
chrono,0.1255,-0.00044251864721034373,-0.0036400968364366,-0.0012672420697047808,0.0018251832565320814,0.0145785972865282,-0.0002513263574284692
chrono,0.126,-0.00044433856167735986,-0.0036398289341907,-0.0013057165493523986,0.001832472739767388,0.0145789664705518,-0.0002503200073238449
chrono,0.1265,-0.0004461585268931145,-0.0036399304315893,-0.0011062406498000118,0.0018397622740747854,0.0145790686148275,-0.00017444108871429655
chrono,0.127,-0.00044797881009017715,-0.0036405663941385,-0.0009524778292095441,0.001847051675938377,0.014578803727192,-0.00012582794335248506
chrono,0.1275,-0.00044979959207414044,-0.0036415639678758,-0.0007532246707523975,0.0018543409536035949,0.014578555330404,-7.496055622861301e-05
chrono,0.128,-0.0004516201649459317,-0.0036411457435834,-0.0005537892809047442,0.0018616302855912759,0.0145786639753717,-3.390022041419424e-05
chrono,0.1285,-0.0004534415510027978,-0.0036427721135838,-0.00045857943448093135,0.0018689193970632956,0.0145782229440283,-1.9840300909481e-05
chrono,0.129,-0.0004552617603545972,-0.0036404187039103,-0.00035489044112379544,0.0018762088982148817,0.014579002303169,2.4023754819119908e-05
chrono,0.1295,-0.0004570812793479595,-0.0036390379870229,-0.00025109408563333836,0.0018834986320669933,0.014579467704085,4.9894961842832954e-05
chrono,0.13,-0.00045890061395836845,-0.0036386692203939,-0.00016256727446191851,0.001890788416098993,0.0145795680640894,6.161502557140641e-05
chrono,0.1305,-0.00046072028221100236,-0.0036393365054775,-0.00010606287755714272,0.0018980781240011957,0.0145794158043102,7.286740936194409e-05
chrono,0.131,-0.0004625415222057061,-0.0036424799893628,-0.00011641037670951873,0.0019053673589057019,0.014578469809018,4.107126277145109e-05
chrono,0.1315,-0.0004643622737789954,-0.0036415031465335,-0.00011904748985715923,0.001912656833303994,0.0145789487966284,2.4004929419045123e-05
chrono,0.132,-0.000466182543873761,-0.0036405401894413,-0.00016740708287623005,0.0019199464544147893,0.0145792422215467,1.0245473657106918e-05
chrono,0.1325,-0.00046800248344991413,-0.0036398791523375,-0.0002805697751714618,0.0019272361924760895,0.0145794761226803,-2.350666307141377e-05
chrono,0.133,-0.00046982265992956407,-0.0036403529591117,-0.0005139376708619467,0.001934525834110884,0.0145792832696981,-8.907065976667841e-05
chrono,0.1335,-0.0004716424193315083,-0.003639518804268,-0.0005255365980809561,0.0019418156036061784,0.0145795389905492,-7.924835581913079e-05
chrono,0.134,-0.00047346218537580587,-0.0036395320884337,-0.0004735250027142638,0.0019491053401569924,0.0145794731015434,-6.298858484289296e-05
chrono,0.1345,-0.00047528176178013304,-0.0036391528087586,-0.0005668657665666524,0.001956395262542293,0.014579844770613,-9.40666215381131e-05
chrono,0.135,-0.00047710176427295803,-0.0036400049856228,-0.0006862377450333389,0.0019636849943237833,0.0145794635631503,-0.0001353474229761937
chrono,0.1355,-0.00047892131791837933,-0.0036391072906729,-0.0008688195764333503,0.001970974917032492,0.0145798454173001,-0.00020724833652370953
chrono,0.136,-0.0004807419646585265,-0.0036412934805229,-0.000750971647966643,0.0019782645167895907,0.0145791995141831,-0.00017307238718563175
chrono,0.1365,-0.0004825625031125158,-0.0036410769080153,-0.0005598812194047671,0.0019855541301593005,0.0145792267394151,-0.00011816461038077499
chrono,0.137,-0.0004843830943399574,-0.0036411824550517,-0.0005552364540762012,0.00199284378638398,0.014579312449482,-0.00012759938359032557
chrono,0.1375,-0.00048620450929992565,-0.0036428299194165,-0.0005332950371857093,0.002000133173907792,0.0145787750474843,-0.00012235356299971132
chrono,0.138,-0.00048802710550377437,-0.0036451924078764,-0.000456931218442866,0.0020074222190928914,0.0145780903701872,-9.582895351877867e-05
chrono,0.1385,-0.0004898512605011618,-0.0036483099946709,-0.00047591237079050837,0.002014710848318696,0.0145772584517334,-9.245565716651884e-05
chrono,0.139,-0.0004916745825667146,-0.003646644131056,-0.00048379560326670756,0.002021999830444793,0.0145779642521944,-8.751615771409487e-05
chrono,0.1395,-0.0004934978279224067,-0.0036464907114951,-0.0005138016315952802,0.0020292887995621844,0.0145779382347212,-0.0001008102573569335
chrono,0.14,-0.0004953202630028075,-0.003644870160536,-0.0005752336387952658,0.0020365780777489018,0.0145785563734805,-0.00012984260784260337
chrono,0.1405,-0.0004971438870223777,-0.0036472480395265,-0.0007382300028952274,0.002043866896298291,0.0145776370988114,-0.0001972168962711896
chrono,0.141,-0.0004989683884711882,-0.00364900289745,-0.000860654201900005,0.0020511553935755877,0.0145769945545212,-0.0002536325121854908
chrono,0.1415,-0.0005007926804722063,-0.0036485840019976,-0.0008082908777190692,0.0020584440218449906,0.0145772565386761,-0.00024310856778545338
chrono,0.142,-0.0005026162587919991,-0.0036471566395062,-0.0008375773018904697,0.002065732862149977,0.0145776806101523,-0.00025718549149020406
chrono,0.1425,-0.00050443953212298,-0.0036465466620042,-0.0007840923607857089,0.0020730217775604964,0.0145778308209674,-0.00024118319602357764
chrono,0.143,-0.0005062620680607033,-0.0036450718755555,-0.0005774582932761932,0.0020803109366096806,0.0145783180984366,-0.0001576575822712962
chrono,0.1435,-0.0005080844459564027,-0.003644755791481,-0.0003757757468714101,0.002087600151052693,0.0145784288859179,-9.508775409990056e-05
chrono,0.144,-0.0005099070010223805,-0.0036451101316853,-0.00044515020637143313,0.0020948893769554833,0.0145784518055289,-0.00014453107092835115
chrono,0.1445,-0.0005117290512567374,-0.003644100468685,-0.0007089044511047986,0.0021021787381790835,0.0145787224472517,-0.00023972244196161321
chrono,0.145,-0.0005135517383879629,-0.0036453742627708,-0.0009835605889190826,0.0021094679773837888,0.0145784784095002,-0.0003240888606426446
chrono,0.1455,-0.0005153746701069828,-0.0036458634380253,-0.0010703048511571534,0.002116757028998578,0.0145781032294984,-0.00034440167423795067
chrono,0.146,-0.0005171990459411635,-0.0036487516683312,-0.000927449453852385,0.002124045561096688,0.0145770641961303,-0.0002882924871618474
chrono,0.1465,-0.0005190239073615821,-0.0036497228411045,-0.0007589523271381479,0.0021313338883229838,0.014576654452597,-0.00024240873296661682
chrono,0.147,-0.0005208487181895816,-0.0036496216558658,-0.0007245000871714721,0.0021386222215834805,0.0145766665210777,-0.00024329783953335764
chrono,0.1475,-0.0005226738316047586,-0.0036502268305409,-0.0009054489498000209,0.002145910457469785,0.0145764717724981,-0.000297217035871457
chrono,0.148,-0.0005244989573467418,-0.0036502514835038,-0.0010843847678047712,0.0021531987329083957,0.0145765508773517,-0.0003566127100763068
chrono,0.1485,-0.0005263239060807612,-0.0036498974679479,-0.0011555021766809438,0.0021604872347739945,0.0145770037310921,-0.00038012592274777867
chrono,0.149,-0.0005281496541933439,-0.0036514962252837,-0.0010349338811904644,0.0021677754088979817,0.0145763482479924,-0.00033702972529535744
chrono,0.1495,-0.0005299760572207157,-0.003652806054777,-0.0009806492479714187,0.0021750633285496923,0.0145758393034459,-0.00031322365627629
chrono,0.15,-0.0005318036651111857,-0.0036552157812473,-0.0011709879482904452,0.0021823508430557914,0.0145750290121885,-0.0003800249990143236
chrono,0.1505,-0.0005336320650427551,-0.0036567998631511,-0.0012256117693237919,0.0021896381729206993,0.0145746597299397,-0.00040711807852380913
chrono,0.151,-0.0005354609624123041,-0.0036577947387857,-0.0009719392710143019,0.0021969253235742947,0.0145743013071932,-0.00031981290551903675
chrono,0.1515,-0.0005372899287308108,-0.0036579326367217,-0.0006785524550333274,0.0022042124616762915,0.014574276203909,-0.00021233091170001574
chrono,0.152,-0.000539117724861593,-0.0036555922615958,-0.0005702317617190348,0.002211499903829184,0.014574884305896,-0.00016398238762385003
chrono,0.1525,-0.00054094540630234,-0.0036553628817386,-0.000526696931790495,0.0022187873756233933,0.0145749435883022,-0.00014712589373822027
chrono,0.153,-0.0005427740837261608,-0.0036573548477176,-0.0005641187238809681,0.0022260745387658876,0.0145743262850642,-0.00016363543400483004
chrono,0.1535,-0.0005446026016111549,-0.003657035769966,-0.0007389497237333504,0.0022333617056495836,0.0145743337674282,-0.00023976997015700313
chrono,0.154,-0.0005464311303325919,-0.0036570574427808,-0.0007313437785286021,0.002240648920935895,0.0145744305725486,-0.00024878798495227744
chrono,0.1545,-0.0005482584013785097,-0.0036545420918905,-0.000535994876642872,0.0022479366071831985,0.014575372494667,-0.00017709073675719638
chrono,0.155,-0.0005500860324499923,-0.0036552621426872,-0.00035369432111430143,0.002255224219213897,0.0145752240613318,-0.00011349278191916245
chrono,0.1555,-0.0005519154341175891,-0.0036588033356827,-0.00012194147039048953,0.002262511217349078,0.0145739962704408,-4.804441360957886e-05
chrono,0.156,-0.0005537445202239422,-0.0036581722122692,-2.9772017738111905e-05,0.0022697982352935797,0.0145740358889088,-2.5557221028583127e-05
chrono,0.1565,-0.0005555729470331228,-0.0036568536187786,-2.3460925904788305e-05,0.0022770854430263776,0.014574415465704,-1.4255149738047413e-05
chrono,0.157,-0.0005574008822791798,-0.0036558704922128,-3.1473059780932966e-05,0.0022843728651433803,0.0145748442338776,-7.060464285689791e-06
chrono,0.1575,-0.0005592286067152008,-0.0036554488717536,-0.00010948864942377023,0.0022916603816982017,0.014575033109657,-1.942674994288785e-05
chrono,0.158,-0.0005610563368403376,-0.0036554602502207,-1.570121329046225e-05,0.002298947889468189,0.0145750155401503,2.2356991076137655e-05
chrono,0.1585,-0.0005628847691188099,-0.0036568645570255,0.00014355789467143798,0.0023062351748509846,0.0145745707655854,8.218069880005005e-05
chrono,0.159,-0.0005647141702881386,-0.0036588023386246,0.0001784186278761852,0.0023135221491877855,0.0145739486734851,9.430563877154712e-05
chrono,0.1595,-0.0005665431450752045,-0.0036579495739561,1.4139164623793748e-05,0.0023208092385667844,0.0145741787579154,3.96145592714466e-05
chrono,0.16,-0.0005683719493743133,-0.0036576085985141,-1.126944442858282e-05,0.0023280963835107804,0.014574289888051,3.274968276673327e-05
chrono,0.1605,-0.0005702008697835437,-0.0036578408182536,0.0003224170939904643,0.0023353834810503904,0.0145741950791631,0.00014044899075241597
chrono,0.161,-0.000572029237581928,-0.003656735597023,0.00043035129438571235,0.0023426707234154853,0.0145744847302793,0.00019110823876661564
chrono,0.1615,-0.0005738584796906032,-0.0036584842172863,0.0002977264681619042,0.00234995769321808,0.014573939605212,0.0001674320871237914
chrono,0.162,-0.0005756873476095992,-0.0036577358376651,0.00013613960439045903,0.002357244862492003,0.0145743385477457,0.00012072144972377497
chrono,0.1625,-0.0005775155726069903,-0.0036564499949078,4.129146769998606e-05,0.0023645321993380763,0.0145746736923093,8.492529300951901e-05
chrono,0.163,-0.0005793439748119633,-0.0036568044100645,2.9123574600006412e-05,0.002371819572458189,0.0145747462401401,7.640284380010309e-05
chrono,0.1635,-0.0005811720963343481,-0.0036562430448708,7.968516015714282e-05,0.0023791070690231952,0.0145749931300389,9.697762982857363e-05
chrono,0.164,-0.0005829996627629841,-0.0036551328570247,0.0003893529826714352,0.0023863947653817996,0.0145753927171283,0.00019867208575696793
chrono,0.1645,-0.0005848272695451184,-0.0036552135645367,0.0006359630403333464,0.002393682441402395,0.0145753520412627,0.00028218085794280104
chrono,0.165,-0.0005866553140692066,-0.0036560890476775,0.0005997156979238094,0.002400970082868187,0.0145752829316976,0.00028106233772870075
chrono,0.1655,-0.0005884822899917541,-0.0036539518452332,0.0005775957250285843,0.0024082580835520784,0.0145760013676393,0.0002920118484810124
chrono,0.166,-0.0005903089614287538,-0.0036533428741629,0.0007117983206285782,0.0024155461677485,0.0145761683929391,0.0003570777771905229
chrono,0.1665,-0.0005921362590771695,-0.0036545952966069,0.0007372348182951875,0.0024228341062682013,0.0145758770394246,0.00038649561033827985
chrono,0.167,-0.0005939633482163753,-0.0036541782786095,0.0006670322685857025,0.0024301221514626825,0.0145760903890178,0.00037090478101416596
chrono,0.1675,-0.0005957911916667502,-0.0036556869006897,0.0005770470450857075,0.0024374100036931856,0.014575704461008,0.00034089161138086056
chrono,0.168,-0.0005976185743379325,-0.003654765342455,0.000495613074061863,0.002444697981850097,0.0145759563136798,0.00031390844603329526
chrono,0.1685,-0.0005994463404304096,-0.0036555321844527,0.0003432320189999526,0.002451985830247999,0.0145756967958473,0.00026382866661419274
chrono,0.169,-0.0006012739000476053,-0.0036551192344302,0.00013471082049517795,0.002459273793267991,0.0145759260401148,0.0002098874052426951
chrono,0.1695,-0.0006031000856717705,-0.0036523712485838,0.00012494519008566214,0.002466562176024395,0.0145767655127566,0.00021844541793324454
chrono,0.17,-0.000604925598391981,-0.0036510254401499,0.00010556333503806772,0.002473850819882689,0.0145772877166607,0.00020521570353336318
chrono,0.1705,-0.0006067515677431468,-0.0036519387026639,1.6676111857119986e-05,0.0024811393615018773,0.014577083238398,0.00016982422016181565
chrono,0.171,-0.0006085772583451776,-0.0036513812038782,-7.557216480955748e-05,0.0024884281284907883,0.0145775339776342,0.0001569538478189123
chrono,0.1715,-0.0006104013820683596,-0.0036482474466652,-3.947178462384994e-05,0.0024957174507233004,0.0145786444651292,0.0001713670753903649
chrono,0.172,-0.0006122271272865909,-0.0036514904364599,-2.2418640328591977e-05,0.0025030063988623896,0.0145778962781792,0.00015648918736657503
chrono,0.1725,-0.0006140524882569665,-0.0036507219408512,-3.230287920001695e-05,0.0025102954842999847,0.0145781708751798,0.00014708655082859172
chrono,0.173,-0.0006158781612087827,-0.0036513459037749,-0.00020355469147148057,0.0025175844843443873,0.0145780000887142,0.00011388829459523295
chrono,0.1735,-0.0006177039115221605,-0.0036515006266421,-0.000590436165566728,0.002524873490304891,0.0145780119211019,1.150665534275336e-05
chrono,0.174,-0.000619531080999991,-0.0036543389558942,-0.0007447888102904976,0.0025321621242304915,0.014577267851076,-3.8872279366687834e-05
chrono,0.1745,-0.000621358185009524,-0.0036542080187709,-0.000784719254838124,0.002539450887046296,0.0145775256316013,-5.2262586933270515e-05
chrono,0.175,-0.0006231849422863034,-0.0036535145537987,-0.0008590182224524319,0.0025467397902865785,0.0145778064805663,-7.427168213340673e-05
chrono,0.1755,-0.00062501272790072,-0.0036555712283797,-0.0008971845312000555,0.0025540283592975777,0.0145771380221682,-8.536796051445654e-05
chrono,0.176,-0.0006268397876335596,-0.003654119466182,-0.0008864675266095805,0.0025613172155904973,0.0145777125857921,-8.501790001433495e-05
chrono,0.1765,-0.0006286671687679712,-0.0036547622686751,-0.0010342736385857486,0.002568606092193282,0.0145777532055905,-0.00013821709404771538
chrono,0.177,-0.0006304941711727796,-0.0036540048095718,-0.0010078497686285442,0.00257589503766098,0.0145778909353564,-0.00013820093930498665
chrono,0.1775,-0.0006323217909511847,-0.0036552395570915,-0.0008557300180619029,0.00258318371904398,0.0145773627660207,-8.622865196661862e-05
chrono,0.178,-0.0006341494429425998,-0.0036553039826709,-0.0008857232309667058,0.0025904724794947875,0.0145775209015725,-7.252259162855117e-05
chrono,0.1785,-0.0006359791543971705,-0.0036594229089947,-0.0008874450553571579,0.0025977607452583873,0.0145765315273018,-5.581555375239453e-05
chrono,0.179,-0.0006378107912857756,-0.0036632737773899,-0.0007457132793476136,0.0026050484268693996,0.0145753632219875,-3.1669040856808718e-06
chrono,0.1795,-0.0006396423003891538,-0.0036630182065091,-0.0005323521997904624,0.0026123361485173857,0.0145754432961079,5.561146935239067e-05
chrono,0.18,-0.0006414727760795103,-0.0036609513808565,-0.0005647854831285704,0.0026196242238887,0.0145761507424379,3.16894781952335e-05
chrono,0.1805,-0.0006433030184247457,-0.0036604846905487,-0.0005566346208809687,0.002626912395279485,0.0145763427816546,3.7141616066652515e-05
chrono,0.181,-0.0006451336785883166,-0.0036613203274203,-0.0005257844532999929,0.002634200513002588,0.0145762354462333,4.822180983325774e-05
chrono,0.1815,-0.0006469639862871635,-0.0036606153971806,-0.0005422687000285661,0.002641488811199577,0.0145765963938986,2.0628382633381376e-05
chrono,0.182,-0.0006487943527869744,-0.0036607329997731,-0.00043638089808094635,0.002648777150944498,0.0145766794898898,3.913849873823002e-05
chrono,0.1825,-0.0006506244376511816,-0.0036601697284932,-0.0002902901217000151,0.0026560656304613905,0.0145769590336932,9.663491107141164e-05
chrono,0.183,-0.0006524544441407487,-0.0036600129791972,-0.00012337702944288323,0.002663354279120289,0.0145772973179745,0.0001502650670570543
chrono,0.1835,-0.0006542847716674016,-0.0036606550532792,9.318634307620144e-05,0.0026706429544560983,0.0145773506714953,0.00019319330781905752
chrono,0.184,-0.0006561151855791758,-0.0036608278233003,0.00030620774926667,0.0026779316990618862,0.014577489211692,0.0002568549904047418
chrono,0.1845,-0.0006579455214481555,-0.0036606717381023,0.00045923342460952286,0.0026852205610896906,0.0145777240555001,0.0003162959957617569
chrono,0.185,-0.000659775048764577,-0.0036590546327584,0.0003665242843904877,0.002692509679723676,0.0145782372680336,0.0002899997790760402
chrono,0.1855,-0.0006616053129819832,-0.0036605284349569,0.00020057049690476382,0.0026997985598852803,0.0145777603231761,0.00024038059211423367
chrono,0.186,-0.000663435436319193,-0.00366024667426,0.00028825206203335406,0.002707087541962,0.0145779641534958,0.0002599905504428959
chrono,0.1865,-0.0006652656790659961,-0.003660485493821,0.00033695987980478107,0.002714376491518289,0.014577899112471,0.00027060457219050366
chrono,0.187,-0.0006670955710079696,-0.0036597838837367,0.00024449066137618064,0.0027216654914556937,0.0145779998749469,0.00023057965799052246
chrono,0.1875,-0.0006689246446047736,-0.0036581471933699,0.00011288939318570847,0.002728954724542987,0.0145784661744735,0.00016832471571908464
chrono,0.188,-0.0006707532412375539,-0.0036571932658491,0.00014347133766665738,0.0027362441329729925,0.0145788168600361,0.00016188741019049875
chrono,0.1885,-0.0006725812118333341,-0.0036559411915316,0.0003408102162428658,0.002743533744159976,0.0145792223739653,0.00020626650048571364
chrono,0.189,-0.0006744096262267796,-0.0036568287869294,0.0004907571129619285,0.0027508231877170775,0.0145788871143732,0.0002400894293380587
chrono,0.1895,-0.0006762393449951665,-0.0036594375367206,0.0005713951811809681,0.0027581123885119796,0.0145784015897146,0.00025450641535711734
chrono,0.19,-0.0006780679502679243,-0.0036572105452616,0.0005744363461381006,0.0027654019120841034,0.0145790471442918,0.00025298431297622007
chrono,0.1905,-0.000679897481283942,-0.0036590620321318,0.0005410800770333406,0.0027726912305289786,0.0145786368896146,0.00024689772423336365
chrono,0.191,-0.0006817265623131341,-0.0036581620588384,0.00048464952760954175,0.002779980682842381,0.0145789046269123,0.00021595260179044625
chrono,0.1915,-0.0006835553571461483,-0.0036575896658279,0.000362809625371417,0.0027872702495436996,0.0145791334025349,0.00017684039463336125
chrono,0.192,-0.000685383992096722,-0.0036572699012971,0.0002125827769761853,0.0027945599401104915,0.014579381133613,0.00015422337182376586
chrono,0.1925,-0.0006872134641927596,-0.0036589441917677,3.760964071904061e-05,0.0028018493085719964,0.0145787369229932,0.00010921309717610532
chrono,0.193,-0.0006890432581223571,-0.0036595878592417,-0.00012232055122381644,0.0028091385267818014,0.0145784364196199,6.217503339522339e-05
chrono,0.1935,-0.0006908720490975684,-0.0036575819503577,-0.00027967979943809864,0.002816428136565602,0.0145792195676618,2.828716549521527e-05
chrono,0.194,-0.0006927000136313088,-0.0036559290675776,-0.00029312801732858266,0.0028237180165748,0.0145797600183182,3.18624030475757e-05
chrono,0.1945,-0.0006945276375861509,-0.0036552479096297,-2.9058930071419148e-05,0.0028310080774461843,0.0145801217428852,9.912062991909853e-05
chrono,0.195,-0.0006963547637627299,-0.0036542523529681,-4.292694685716808e-05,0.0028382982955257874,0.0145804361590294,8.797198110007305e-05
chrono,0.1955,-0.0006981814691899846,-0.0036534108546237,-0.00021878083407621065,0.0028455887144432923,0.0145808378350768,2.8216327385741752e-05
chrono,0.196,-0.0007000088739557153,-0.0036548095314739,-0.00018940322443807727,0.002852878886747484,0.0145803446083418,3.132942347624142e-05
chrono,0.1965,-0.0007018367679245685,-0.0036557879376632,-0.00019239473750951692,0.0028601688441838857,0.0145799148729677,4.0456457023805926e-05
chrono,0.197,-0.0007036654305387913,-0.003657325228285,-0.00024700739713808976,0.002867458675204576,0.0145796620412864,1.6233134133326555e-05
chrono,0.1975,-0.0007054946704941889,-0.0036584799109562,-0.0002686440423619054,0.0028747484130229872,0.0145794756369398,1.0395518047564186e-05
chrono,0.198,-0.0007073240011760129,-0.0036586613636953,-0.0002312078057809821,0.0028820380549667846,0.0145792838875213,3.83428729810374e-05
chrono,0.1985,-0.0007091536250896091,-0.0036592478270994,-0.000446349435361894,0.002889327707378181,0.0145793048226896,-3.0868471904810235e-05
chrono,0.199,-0.0007109835050427282,-0.0036597599060695,-0.000827170557595228,0.002896617371598992,0.0145793284417872,-0.00015602487762857362
chrono,0.1995,-0.0007128130879231476,-0.0036591657607554,-0.0011446276951999782,0.0029039070966775937,0.0145794501570153,-0.0002556306316856972
chrono,0.2,-0.0007146419433231577,-0.0036577108004261,-0.0015268130038475782,0.0029111970567176904,0.0145799200803008,-0.0003690657647047722
chrono,0.2005,-0.0007164718626969657,-0.0036598387474401,-0.0018140180512618645,0.002918486744750398,0.0145793760653087,-0.00045026327116669593
chrono,0.201,-0.0007183023768108088,-0.0036610282274689,-0.0017701007238809254,0.0029257761950060857,0.0145789005114728,-0.0004259102876572131
chrono,0.2015,-0.0007201324634763528,-0.0036601733312145,-0.0016986176731142734,0.0029330658444675917,0.0145792989229471,-0.00038656504577151365
chrono,0.202,-0.0007219622728179553,-0.0036596186829395,-0.0016815951014809414,0.002940355638813591,0.0145795886920976,-0.00038548222328104755
chrono,0.2025,-0.0007237924868375156,-0.0036604280395254,-0.0015514663486142816,0.00294764527218358,0.0145792667398671,-0.0003670018739953038
chrono,0.203,-0.000725623200626746,-0.003661427578429,-0.00133360789265714,0.00295493480699488,0.0145790696226181,-0.00030209235623813145
chrono,0.2035,-0.0007274541805452062,-0.0036619598365018,-0.0011076285933571128,0.002962224261454982,0.0145789089203276,-0.0002292968491809959
chrono,0.204,-0.0007292864722007186,-0.0036645833112402,-0.0010333315954999453,0.002969513310869587,0.0145780988290441,-0.0002101828300619483
chrono,0.2045,-0.0007311196213447557,-0.0036662982884046,-0.001134014093357095,0.002976802112986787,0.0145776042345057,-0.00023741100075242677
chrono,0.205,-0.0007329540792799794,-0.0036689158704019,-0.0014377907580190282,0.0029840905676284946,0.0145769092834323,-0.0003317853776619491
chrono,0.2055,-0.0007347904030127195,-0.0036726474652767,-0.001540825054014232,0.0029913785167471896,0.0145758982374235,-0.00036668998707139756
chrono,0.206,-0.0007366269580735274,-0.0036731101213916,-0.00134522691235234,0.0029986664768612004,0.0145759202279882,-0.00029686400738560524
chrono,0.2065,-0.0007384630992633978,-0.0036722823799075,-0.0013426238073238142,0.0030059546359108846,0.0145763180993896,-0.00029150678749039524
chrono,0.207,-0.0007403000922935332,-0.003673986060365,-0.0014633324086952388,0.0030132425476688818,0.0145758235159587,-0.0003263148583524442
chrono,0.2075,-0.0007421373125947595,-0.0036744406027143,-0.0015457194835618953,0.003020530376804692,0.0145756582716065,-0.00034280593147149673
chrono,0.208,-0.0007439742852597409,-0.0036739453298478,-0.001613551583895206,0.0030278182629882855,0.0145757723672658,-0.0003558004424237181
chrono,0.2085,-0.0007458098861151674,-0.0036712017105495,-0.001608532157299952,0.003035106584597186,0.0145766432177143,-0.0003411250028048043
chrono,0.209,-0.0007476448699553773,-0.0036699676807057,-0.0015809896903857177,0.0030423951497264845,0.0145771302586638,-0.0003131140841713345
chrono,0.2095,-0.0007494802399633516,-0.0036707400159687,-0.001460553301323833,0.0030496836943096906,0.0145770891663817,-0.00026835109369522617
chrono,0.21,-0.000751316239936739,-0.0036719999468167,-0.0011806282683286117,0.0030569720462103878,0.014576703801405,-0.00018277035280002605
chrono,0.2105,-0.0007531537750469219,-0.0036750702202832,-0.0010390607315000316,0.0030642598956817924,0.0145756989429802,-0.00013372948143807237
chrono,0.211,-0.0007549911933737441,-0.0036748366537173,-0.000986804383833346,0.0030715478440382915,0.0145758967129008,-0.00011045952863802151
chrono,0.2115,-0.0007568283334169479,-0.0036742800863511,-0.0010348870337904732,0.0030788359168980872,0.0145761457197256,-0.0001202617509285123
chrono,0.212,-0.0007586658917031475,-0.0036751165722861,-0.0011022608805523774,0.003086123882934194,0.014575932072157,-0.00013371838247606895
chrono,0.2125,-0.0007605035944143745,-0.0036754054224505,-0.0010660291518999848,0.003093411934399687,0.0145761029308623,-0.00011579821206174148
chrono,0.213,-0.0007623421451187218,-0.0036771014091692,-0.0010540067573713973,0.0031006997111878987,0.0145755535765415,-0.00011101370654750941
chrono,0.2135,-0.0007641814645147349,-0.003678638792047,-0.0011688542089666346,0.003107987366676279,0.0145753109766528,-0.0001517060180094327
chrono,0.214,-0.0007660207284139187,-0.0036785277981871,-0.0012248567564618895,0.0031152751186468985,0.014575503941234,-0.00017971657210944092
chrono,0.2145,-0.0007678613364803244,-0.003681216133053,-0.001144952869733331,0.0031225625828530945,0.0145749284123701,-0.00015490411605706677
chrono,0.215,-0.0007697015050235345,-0.0036803370859196,-0.0011224194727762007,0.003129850152492203,0.0145751392782121,-0.00013395713227145242
chrono,0.2155,-0.0007715413401567783,-0.0036796702665218,-0.0009185071739809668,0.0031371379205232808,0.0145755360623171,-6.323039652383635e-05
chrono,0.216,-0.0007733831968289584,-0.0036837133445183,-0.0008301926410285921,0.0031444251520929833,0.0145744631394285,-3.8271945014214804e-05
chrono,0.2165,-0.0007752245803959168,-0.0036827671342105,-0.0009330308389142781,0.0031517126699310005,0.0145750356758818,-7.441900547618052e-05
chrono,0.217,-0.0007770667593933744,-0.0036843579947982,-0.000842163310595194,0.0031590000085083003,0.0145746771547265,-5.7448816447768804e-05
chrono,0.2175,-0.0007789092883553339,-0.0036850579239659,-0.0007928997613999673,0.003166287336695578,0.0145746563745898,-6.0761669628629445e-05
chrono,0.218,-0.000780752166031129,-0.0036857553513033,-0.00078029271468571,0.0031735745335208787,0.0145743936505221,-6.171866450477821e-05
chrono,0.2185,-0.0007825945483925789,-0.0036847647231636,-0.0005204183541476226,0.003180861886371178,0.0145747057005127,1.5649532199986316e-05
chrono,0.219,-0.0007844370125204003,-0.003684928255622,-0.000282555027604743,0.0031881491484001823,0.0145745240580892,7.414485826187512e-05
chrono,0.2195,-0.0007862779940841502,-0.0036819631275189,-0.00018417012909043877,0.0031954368860852844,0.0145754753702746,8.688785005693336e-05
chrono,0.22,-0.0007881193883739757,-0.0036827885794199,-0.0001559070034999782,0.003202724631619497,0.0145754910683337,8.747796227608668e-05
chrono,0.2205,-0.0007899611494699421,-0.0036835221922938,-0.0001624663544952493,0.0032100123760192834,0.0145754887996753,9.428227816675263e-05
chrono,0.221,-0.0007918025677827734,-0.0036828366254597,1.0223956566648323e-05,0.0032173001690724845,0.0145755861063829,0.00014582422593339706
chrono,0.2215,-0.0007936448199299395,-0.0036845042940024,0.00011840923026190928,0.003224587771991777,0.0145752058386528,0.00015712116996184698
chrono,0.222,-0.000795486922976707,-0.0036842060936832,0.0003129748120476384,0.0032318754088892787,0.0145752737948586,0.0001983604390237439
chrono,0.2225,-0.0007973283609739035,-0.0036828759944765,0.0005708195893238068,0.0032391632076751997,0.0145755975718786,0.00026122441896660913
chrono,0.223,-0.0007991705094215762,-0.0036842968952495,0.0005642334642714056,0.003246450788393279,0.0145751614360785,0.0002519881336380047
chrono,0.2235,-0.0008010128074631417,-0.0036845960833786,0.0005837416554856711,0.0032537383878828985,0.0145751989793707,0.0002561854421142381
chrono,0.224,-0.0008028538439147637,-0.0036820729032747,0.0006647654410333061,0.0032610263849899013,0.0145759942139998,0.00027216495032848326
chrono,0.2245,-0.0008046943575861221,-0.0036810273425391,0.0006139459807095076,0.003268314573862896,0.0145763777459105,0.0002533892841046823
chrono,0.225,-0.0008065356496667064,-0.0036825841614119,0.0006378875132237687,0.003275602513489184,0.0145758792525448,0.00024513718542377
chrono,0.2255,-0.0008083767712191436,-0.0036822431046342,0.000760653408119028,0.003282890526226795,0.0145760254752452,0.00026456503933326914
chrono,0.226,-0.0008102173592398065,-0.0036811760412516,0.0007860825969523951,0.003290178841123287,0.0145766297931255,0.0002669548403904204
chrono,0.2265,-0.0008120583556731065,-0.0036819928667006,0.0007955154033952384,0.003297467056982001,0.0145764317173647,0.00025891345135699496
chrono,0.227,-0.0008138993561823682,-0.0036820010181927,0.0007739192856809193,0.0033047552403032976,0.0145763666425148,0.00024269825830467017
chrono,0.2275,-0.0008157386320021276,-0.003678551639763,0.0006065629155285297,0.0033120439961819848,0.014577511757313,0.00020142668906677908
chrono,0.228,-0.0008175780705359514,-0.0036788770676253,0.0005063548637333096,0.0033193326499242892,0.0145773074848016,0.00018111813997150655
chrono,0.2285,-0.0008194181141883972,-0.0036800873048942,0.0006416650073380828,0.0033266211670698875,0.0145770342911167,0.00022444961412389154
chrono,0.229,-0.0008212572012857855,-0.0036781741948075,0.0006305770803999564,0.0033339098895469876,0.0145774449542025,0.00021955052971446234
chrono,0.2295,-0.0008230959806407867,-0.0036775587097164,0.0004445437552428375,0.0033411986396811866,0.0145775002683563,0.0001714468071619415
chrono,0.23,-0.0008249342005447469,-0.0036764398078296,0.00046136958240474595,0.0033484875498486777,0.0145778203349737,0.00019035246522398843
chrono,0.2305,-0.0008267716586751739,-0.0036749162613315,0.0005399140303238028,0.0033557766968409786,0.0145782939845285,0.0002266134315334173
chrono,0.231,-0.0008286093690695884,-0.0036754207888117,0.0005182443735999985,0.003363065817715588,0.0145782417493065,0.00021405299182380722
chrono,0.2315,-0.0008304465842169373,-0.0036744302944058,0.0005870261402476162,0.0033703550373197777,0.0145784392083999,0.00021516833756676657
chrono,0.232,-0.0008322846866177791,-0.003676204801585,0.0006443822203523358,0.0033776439322793783,0.0145777899191143,0.00023477283983823548
chrono,0.2325,-0.0008341228132583423,-0.0036762532811013,0.00043927734665232573,0.0033849328254682842,0.0145777863778215,0.00017980802781915526
chrono,0.233,-0.0008359618587511219,-0.0036780909858323,0.00020634628301427615,0.003392221482942881,0.0145773149493861,0.0001210330163525257
chrono,0.2335,-0.0008378010829771521,-0.0036784484517553,0.00024514177033810184,0.0033995101067126887,0.0145772475395104,0.00014275521326205585
chrono,0.234,-0.0008396395677580104,-0.0036769695617187,0.00013849319520000574,0.0034067990198715925,0.0145778263178354,0.00011407586050478831
chrono,0.2345,-0.0008414777964111941,-0.0036764573062462,-0.0001588556477809533,0.0034140880085898884,0.0145779774366591,4.414983901913585e-05
chrono,0.235,-0.0008433164501715495,-0.0036773075207075,-0.0004828302040952674,0.003421377006043086,0.0145779949062016,-3.615704517605829e-05
chrono,0.2355,-0.0008451547577823515,-0.003676615222013,-0.0007736365031476566,0.0034286661357900983,0.0145782594940234,-0.00011604895521894185
chrono,0.236,-0.0008469931947071574,-0.0036768738493963,-0.0007500216761857425,0.00343595533784799,0.0145784041158288,-0.00010703904506646569
chrono,0.2365,-0.000848831025789587,-0.0036756621646439,-0.0008024399212285895,0.003443244710980703,0.0145787462653702,-0.00012081852010463005
chrono,0.237,-0.0008506686153867404,-0.0036751791943631,-0.000858059105776193,0.0034505341278708024,0.0145788337802089,-0.00012565736077136641
chrono,0.2375,-0.0008525062567187325,-0.0036752826639028,-0.0006795168801333198,0.0034578235752753816,0.0145788948093072,-6.589204588087971e-05
chrono,0.238,-0.0008543442793035316,-0.0036760451697732,-0.00046890919258571343,0.0034651129550549997,0.0145787595591048,-1.858293642816496e-06
chrono,0.2385,-0.000856182804436334,-0.0036770502656718,-0.00036556492052383253,0.00347240225574319,0.0145786013763532,2.5901745514391094e-05
chrono,0.239,-0.0008580211875011123,-0.0036767661296706,-0.00047541846408572484,0.0034796916248726883,0.0145787382590436,-1.0178743147565547e-05
chrono,0.2395,-0.0008598604810077237,-0.0036785870129319,-0.0005285903450809249,0.0034869806931623892,0.0145781365793462,-2.3165847100159453e-05
chrono,0.24,-0.0008617007219378081,-0.0036804818601954,-0.0002711877531952609,0.0034942695610572783,0.014577735789832,4.385983453335571e-05
chrono,0.2405,-0.0008635425499835536,-0.0036836560916366,-5.248342965716698e-05,0.0035015579738151004,0.0145768255155493,9.890423660474128e-05
chrono,0.241,-0.0008653845231555435,-0.0036839463440906,-0.00010761054764283986,0.003508846399703003,0.0145768517758933,7.754189012859889e-05
chrono,0.2415,-0.0008672255937363094,-0.0036821411612525,-0.00019414451612379376,0.00351613511777199,0.0145774361379953,5.220793839047896e-05
chrono,0.242,-0.0008690678743165092,-0.0036845611603108,-0.00025775001820476414,0.003523423471587378,0.0145767076307889,4.706015683326419e-05
chrono,0.2425,-0.0008709099209049942,-0.0036840931769013,-0.000324173106142829,0.0035307119129334985,0.0145768826921491,3.987651569050042e-05
chrono,0.243,-0.0008727512382851188,-0.0036826347602678,-0.0002925057214142707,0.003538000567869376,0.0145773098718232,5.19793960190809e-05
chrono,0.2435,-0.0008745920165851295,-0.0036815565997101,-0.00010308073212859727,0.003545289444084998,0.0145777524312179,0.0001057470660428061
chrono,0.244,-0.0008764333464356122,-0.0036826597012085,2.2377115914251094e-05,0.0035525781210822005,0.0145773539943344,0.00013122545667140377
chrono,0.2445,-0.0008782747174855832,-0.0036827421000113,0.00024354501457618261,0.0035598668741368966,0.0145775061094053,0.00019477824330959068
chrono,0.245,-0.0008801156100681773,-0.0036817851652003,0.00042953675402382244,0.003567155779718001,0.0145778111623001,0.00025796807747149213
chrono,0.2455,-0.0008819544473703811,-0.0036776746045705,0.0005424060631952697,0.003574445320836589,0.0145790822370858,0.00028684022780958056
chrono,0.246,-0.0008837931225155193,-0.0036773502901728,0.0006447427133619591,0.0035817349454125846,0.0145792491521079,0.0003102539442047763
chrono,0.2465,-0.0008856323218171536,-0.003678398602737,0.0006301838859143297,0.003589024466831292,0.014579042837437,0.000300829543652287
chrono,0.247,-0.0008874714290401098,-0.0036782144461418,0.0006638028793809745,0.003596314068786577,0.0145792039104682,0.00030836907729519814
chrono,0.2475,-0.0008893104488717496,-0.0036780396632475,0.0006832450667428457,0.0036036037509857843,0.0145793643984044,0.0003087876888144032
chrono,0.248,-0.0008911500637869274,-0.0036792298302474,0.0005589312190428348,0.0036108933517846886,0.0145792015979412,0.00026916336974296194
chrono,0.2485,-0.000892989184098747,-0.0036782406235783,0.00032453521127141983,0.0036181831239535944,0.0145795443377872,0.000198814354166677
chrono,0.249,-0.0008948276938524069,-0.0036770195072414,0.0003292245278619033,0.0036254731425965914,0.0145800372860577,0.00021045492380478677
chrono,0.2495,-0.0008966658573367203,-0.0036763269686668,0.0004469147285476369,0.0036327631716386033,0.0145800580839292,0.0002480826436476762
chrono,0.25,-0.0008985028132011408,-0.0036739117286296,0.0005085607357904727,0.0036400536251873783,0.0145809070975701,0.0002569584630143546
chrono,0.2505,-0.0009003408816373737,-0.0036761368726632,0.0004265204159571381,0.0036473438164879857,0.014580382601235,0.0002339619637047583
chrono,0.251,-0.0009021791869131546,-0.0036766105518417,0.00024383888119524263,0.003654633917662492,0.0145802023489303,0.00017225869719041836
chrono,0.2515,-0.0009040179130567205,-0.0036774522869049,0.0001922323120618643,0.003661923912800097,0.0145799902753406,0.00014484162356660186
chrono,0.252,-0.0009058556137351292,-0.003675401356834,3.993222799521708e-05,0.003669214220329592,0.0145806150589647,9.435902904762034e-05
chrono,0.2525,-0.0009076942942871646,-0.0036773611042623,-3.547862835712443e-05,0.003676504222559801,0.0145800044604427,7.231740608575132e-05
chrono,0.253,-0.0009095327668305897,-0.0036769450865482,5.209247358571391e-05,0.003683794257761802,0.0145800704039604,9.927767912380825e-05
chrono,0.2535,-0.0009113717894779771,-0.003678045295021,-1.1015543576197744e-05,0.0036910841450571996,0.0145797745907765,6.974625422383527e-05
chrono,0.254,-0.000913211454890761,-0.0036793308255202,-0.0001845895220761755,0.0036983738764639895,0.0145794628137021,6.433192190513637e-06
chrono,0.2545,-0.0009150504407710036,-0.0036779717603133,-0.000259200732385675,0.0037056639080466913,0.0145800631652501,-1.2020573390426562e-05
chrono,0.255,-0.0009168894631867985,-0.003678044831607,-0.0003273795889380894,0.003712953911383682,0.0145800066740062,-3.751409730471759e-05
chrono,0.2555,-0.0009187273645159255,-0.003675802658153,-0.00032159873079050714,0.003720244264746403,0.0145807067254225,-4.7978963742846216e-05
chrono,0.256,-0.0009205647146073304,-0.0036747001828827,-0.0003072193168761987,0.0037275348146839915,0.0145810998752012,-3.8504141523768944e-05
chrono,0.2565,-0.0009224023166549689,-0.0036752040953555,-0.0005439427129904877,0.0037348252391573022,0.0145808489466335,-9.552195236657502e-05
chrono,0.257,-0.0009242405706143542,-0.003676507919001,-0.0009846031326333612,0.0037421154815157898,0.0145804847170063,-0.00020301388220940927
chrono,0.2575,-0.0009260802038909555,-0.0036792665530899,-0.0011834283820666741,0.003749405353300983,0.0145797435705089,-0.0002448784422428151
chrono,0.258,-0.0009279190701947382,-0.0036777326074949,-0.001151668147957128,0.00375669552500299,0.0145803434038915,-0.00023086395410005473
chrono,0.2585,-0.0009297582916667491,-0.0036784429440547,-0.0010868010744428485,0.0037639856787148873,0.0145803074237157,-0.0001978804838428753
chrono,0.259,-0.0009315979210847702,-0.0036792588361861,-0.0009476832424047584,0.003771275630306492,0.0145799031833514,-0.00014626073775234194
chrono,0.2595,-0.0009334378599221704,-0.0036798776745972,-0.0009904012709190258,0.0037785655370752846,0.0145798135375295,-0.00016403998903337578
chrono,0.26,-0.0009352773159303496,-0.0036789120166911,-0.001054882032819031,0.003785855551775491,0.0145800294004162,-0.000180526379276204
chrono,0.2605,-0.0009371164167563117,-0.003678201651973,-0.0011037172190380775,0.0037931456257679907,0.0145801479850397,-0.00019159089755709551
chrono,0.261,-0.000938955717017742,-0.0036786005226664,-0.0011770392351428325,0.0038004356928457994,0.0145801341555268,-0.00022626146670001206
chrono,0.2615,-0.0009407960162715057,-0.0036805985074929,-0.0011099487217476017,0.003807725513949589,0.0145796422076665,-0.00021186656908088794
chrono,0.262,-0.0009426384598355542,-0.0036848871282265,-0.0008801148581333031,0.0038150147861773787,0.0145785444556047,-0.00013158965192373002
chrono,0.2625,-0.0009444827814263368,-0.0036886431812977,-0.0006461715550237937,0.0038223036849709957,0.0145777975871742,-5.453691319523557e-05
chrono,0.263,-0.0009463272670643397,-0.003688971275822,-0.0005768444473095435,0.0038295925247134877,0.0145776794849461,-4.0075645280946926e-05
chrono,0.2635,-0.0009481720270371197,-0.0036895199460956,-0.0006038952452381259,0.003836881298331679,0.0145775472364209,-5.96591317047294e-05
chrono,0.264,-0.0009500161736664126,-0.0036882932580369,-0.0004604979311333518,0.003844170369465799,0.0145781422681553,-2.3185333228510563e-05
chrono,0.2645,-0.0009518606657715756,-0.0036889842105948,-0.00034129988799048137,0.0038514593812961906,0.0145780236608305,1.314621924284966e-05
chrono,0.265,-0.0009537052241723742,-0.003689116801928,-0.000575638174857142,0.0038587484100353897,0.014578057478352,-6.236984407142778e-05
chrono,0.2655,-0.0009555497503287436,-0.0036890523126815,-0.0007908301845475984,0.0038660375206887865,0.0145782213069395,-0.00012839952571422737
chrono,0.266,-0.0009573937369481422,-0.0036879732386783,-0.0007903565027952155,0.003873326755030687,0.0145784686836405,-0.00012352547898576374
chrono,0.2665,-0.0009592373606611693,-0.0036872474262954,-0.0006210873910904844,0.0038806160482436902,0.0145785864261825,-7.970691227153823e-05
chrono,0.267,-0.0009610803435488036,-0.0036859657750995,-0.00029055033050000355,0.0038879055048425815,0.0145789131977015,4.881217142229031e-07
chrono,0.2675,-0.0009629224578743267,-0.0036842286512778,5.153948429049122e-05,0.0038951953333841993,0.0145796570832479,7.502707387613008e-05
chrono,0.268,-0.0009647650155861776,-0.0036851154234686,6.562543593332155e-05,0.003902485046348797,0.0145794259290902,5.719713889041329e-05
chrono,0.2685,-0.0009666070143213856,-0.0036839974705097,-7.131283233333516e-05,0.003909774956077083,0.0145798194567593,1.075637222381856e-05
chrono,0.269,-0.0009684494442619984,-0.0036848598811899,-8.506267542848381e-06,0.003917064745341703,0.0145795785290821,1.9492780509468487e-05
chrono,0.2695,-0.0009702907004397465,-0.0036825123556047,0.00012275566261426852,0.003924354817934683,0.0145801451859872,5.015365115712016e-05
chrono,0.27,-0.0009721325961661309,-0.0036837914528264,0.00020335477628092002,0.003931644741737378,0.0145798476054978,7.397439838573492e-05
chrono,0.2705,-0.0009739761394863544,-0.0036870866401339,0.00021012349267139166,0.003938934084520285,0.0145786855657224,7.213580202367726e-05
chrono,0.271,-0.0009758194567175416,-0.0036866344624057,0.00014307529800474566,0.003946223482235084,0.0145787954296935,3.8711622409405234e-05
chrono,0.2715,-0.000977662839316773,-0.0036867651987924,-4.873017000012985e-06,0.003953512928572989,0.0145788926758143,-6.433913338607259e-08
chrono,0.272,-0.0009795055776499195,-0.0036854766665798,-0.00021685862315240235,0.0039608025334940955,0.0145792098422213,-4.1913507571492015e-05
chrono,0.2725,-0.0009813486329131038,-0.0036861105260801,-0.0003851852402381067,0.003968092027029885,0.0145789870716059,-9.455090146187353e-05
chrono,0.273,-0.000983191801640193,-0.003686337454274,-0.00035682957652381574,0.003975381492299784,0.0145789305397244,-0.00010177069482845506
chrono,0.2735,-0.0009850367510745306,-0.0036898988686911,-0.00027391610729048175,0.003982670366135976,0.0145777476723126,-8.573150364757762e-05
chrono,0.274,-0.00098688179603601,-0.0036900899227055,-0.0001875019028285685,0.003989959218602401,0.0145777049328711,-5.3947516114337734e-05
chrono,0.2745,-0.0009887257469923805,-0.0036879019130454,-0.0001311756342428506,0.003997248415562399,0.0145783939200958,-2.3472853966733876e-05
chrono,0.275,-0.000990569145835729,-0.0036867976866714,-0.00014001146579524173,0.0040045378281801935,0.0145788252355643,-2.040686069997088e-05
chrono,0.2755,-0.0009924126622735674,-0.0036870328755495,-6.996920610479238e-05,0.0040118272328631965,0.0145788093659843,1.3621344157161139e-05
chrono,0.276,-0.0009942560240963072,-0.0036867236457139,-5.218054006189952e-05,0.0040191167249988,0.0145789842711497,3.469388164743593e-05
chrono,0.2765,-0.000996099672758377,-0.0036872973243878,-5.310868104763904e-05,0.004026405984330489,0.0145785186635009,2.671097279995292e-05
chrono,0.277,-0.0009979436855955814,-0.0036880256739429,0.00010220290771901204,0.004033695251878078,0.0145785350952003,6.177854014767701e-05
chrono,0.2775,-0.0009997885563747255,-0.0036897415585382,7.74381357523549e-05,0.004040984294050587,0.0145780843450247,4.994810344772729e-05
chrono,0.278,-0.001001632827253518,-0.0036885417578841,-7.415571524288247e-05,0.004048273544234177,0.014578500366994,1.8261123999184834e-08
chrono,0.2785,-0.001003476975122597,-0.0036882957379693,8.394110374282129e-05,0.004055562766964477,0.0145784454607527,6.144579932865213e-05
chrono,0.279,-0.0010053202598195865,-0.0036865693942621,0.00030627885819043516,0.004062852266746297,0.0145789995635202,0.00014730375405703184
chrono,0.2795,-0.0010071633725683427,-0.0036862254973969,0.00022677270077140594,0.004070141899508578,0.0145792655244828,0.00012116841542378221
chrono,0.28,-0.001009005323282186,-0.0036839014277168,4.6403950185725494e-05,0.004077431882138882,0.0145799652606532,5.6719286499952116e-05
chrono,0.2805,-0.001010847994592945,-0.003685342621496,0.0001195568351238003,0.004084721681632292,0.0145795989867571,7.424547185704473e-05
chrono,0.281,-0.0010126914970053358,-0.0036870048247925,0.00015130246313331343,0.004092011291748576,0.0145792202326904,7.836870463329149e-05
chrono,0.2815,-0.0010145354030399734,-0.0036878120690884,0.00016452968702856686,0.004099300786415683,0.0145789893342401,8.639230197140418e-05
chrono,0.282,-0.0010163787544771319,-0.0036867028744117,0.000268583486495214,0.004106590416266598,0.0145792597016965,0.00010750546577144502
chrono,0.2825,-0.001018220450841989,-0.0036833927298984,0.0004594668987475985,0.004113880486349392,0.0145801401656822,0.00015134954858098126
chrono,0.283,-0.0010200637349729869,-0.0036865682619107,0.0006488952771809434,0.004121170039178584,0.0145791056583174,0.00020768299926193513
chrono,0.2835,-0.0010219074534671968,-0.0036874369884635,0.0005763865210666504,0.004128459445346788,0.0145788123364965,0.00018504224395235336
chrono,0.284,-0.0010237509717527793,-0.003687036571323,0.00035592769354284145,0.0041357490234655014,0.0145791562373264,0.00012172464561432421
chrono,0.2845,-0.0010255942319349343,-0.0036865203640516,0.00026184420508093423,0.004143038718338876,0.0145793897466925,9.040666090006273e-05
chrono,0.285,-0.0010274375865575447,-0.0036867092449831,0.000266819599109495,0.004150328345160381,0.0145792536429983,9.740266724276938e-05
chrono,0.2855,-0.001029281094493184,-0.0036870158717798,3.314822626662849e-05,0.004157617923469192,0.0145791566176783,1.8978561690324064e-05
chrono,0.286,-0.001031123246491794,-0.0036843039969035,-0.00017880405242382786,0.0041649079420385815,0.0145800371387793,-5.762831679057001e-05
chrono,0.2865,-0.0010329663840781267,-0.0036862751726341,-0.0002090046022333552,0.004172197643159181,0.014579402241152,-6.428079938084845e-05
chrono,0.287,-0.0010348085294151765,-0.00368429067404,-0.0003053864391476231,0.004179487600625087,0.01457991493184,-8.510072293322848e-05
chrono,0.2875,-0.0010366512254507132,-0.0036853920710743,-0.0006608102815142971,0.004186777298845895,0.0145793964416424,-0.0001813082541332955
chrono,0.288,-0.0010384925886289809,-0.0036827263565331,-0.0006501126625762072,0.00419406749951548,0.0145804013391028,-0.000171682446766786
chrono,0.2885,-0.0010403335537083613,-0.0036819301590684,-0.0003032187529761939,0.0042013577718733874,0.0145805447159004,-6.40539266096968e-05
chrono,0.289,-0.0010421749553183313,-0.0036828032198426,-0.00027878912044757936,0.004208647915372898,0.0145802869989693,-7.141570361915295e-05
chrono,0.2895,-0.0010440172490338018,-0.0036845874308244,-0.00034210853650474773,0.004215937772494294,0.0145797142428615,-0.00011312028042377773
chrono,0.29,-0.0010458586034001183,-0.0036827087325279,-0.0003219461654714476,0.004223227997186801,0.0145804493850204,-9.966784830948785e-05
chrono,0.2905,-0.0010476995108905651,-0.0036818149810045,-0.0003309343633714411,0.004230518410614892,0.0145808268561277,-8.443164483329908e-05
chrono,0.291,-0.001049542877368359,-0.0036867329554567,-0.0005829410055714092,0.0042378079785853895,0.0145791359410781,-0.00016079778350464564
chrono,0.2915,-0.0010513875620563606,-0.0036893693759327,-0.0007109495162190256,0.00424509721512728,0.0145784730837168,-0.00020172218622841834
chrono,0.292,-0.0010532324803635973,-0.0036898366145951,-0.0005697626864761961,0.004252386408420489,0.0145783865864267,-0.00015549125311899897
chrono,0.2925,-0.0010550780260855097,-0.0036910914441271,-0.0004572351740428571,0.004259675446087685,0.0145780753343283,-0.00011595598999992687
chrono,0.293,-0.0010569244666737143,-0.0036928811760948,-0.0005634355822238204,0.004266964204617502,0.0145775170597136,-0.00014962953071891624
chrono,0.2935,-0.001058769832764539,-0.0036907321816284,-0.000799708698514312,0.004274253266333988,0.0145781234329039,-0.00021256669871430996
chrono,0.294,-0.001060614653095926,-0.0036896406625583,-0.000887226094671427,0.004281542491048701,0.0145784494294512,-0.0002225066409333837
chrono,0.2945,-0.0010624599968301895,-0.0036906874687576,-0.0008991001271190235,0.004288831500755985,0.0145780194145957,-0.0002225446182143862
chrono,0.295,-0.0010643050237031382,-0.0036900537458836,-0.0008492807547809413,0.004296120576277679,0.0145781510435343,-0.0002116534441001133
chrono,0.2955,-0.0010661499920695539,-0.003689936732626,-0.0007656566321047423,0.004303409775938377,0.014578399321342,-0.00019129299779044185
chrono,0.296,-0.0010679953610723825,-0.0036907380057677,-0.0006232959917999569,0.004310698894875786,0.0145782378747931,-0.00012019443357132109
chrono,0.2965,-0.0010698417728843834,-0.0036928236240326,-0.00036391968997140367,0.004317987684439889,0.0145775791282109,-1.8126679123719485e-05
chrono,0.297,-0.0010716881156269675,-0.0036926854853456,-0.0002111447732333521,0.004325276496482788,0.0145776240858096,2.5087696942855636e-05
chrono,0.2975,-0.0010735330383158104,-0.0036898453777445,-0.00011145647476191945,0.004332565710368191,0.0145784277708669,5.9004252790457945e-05
chrono,0.298,-0.0010753777579687318,-0.0036894393060247,0.000194892896485729,0.004339854934631682,0.0145784485268255,0.00016410233257136922
chrono,0.2985,-0.0010772230136031347,-0.0036905112688094,0.0002232665860381331,0.004347144038148482,0.0145782070337746,0.00019377557445227333
chrono,0.299,-0.0010790684831679664,-0.0036909391294609,6.480128399050364e-05,0.0043544331757087995,0.0145782751205556,0.00015635691564284233
chrono,0.2995,-0.0010809146961667793,-0.0036924259974382,0.00014889717997142106,0.00436172211768629,0.0145778839548545,0.0001866007375191883
chrono,0.3,-0.0010827616190447475,-0.0036938457558983,0.0002955301767142955,0.004369010839611276,0.0145774438499938,0.00023734704789054226
chrono,0.3005,-0.0010846072616963465,-0.0036912853033044,0.000379502199709545,0.004376299977138981,0.014578275055562,0.0002638980918952089
chrono,0.301,-0.0010864519202959944,-0.0036893171995022,0.000449873963595246,0.004383589469155291,0.0145789840326325,0.00027962233298569776
chrono,0.3015,-0.0010882980802723319,-0.0036923199527868,0.0005144276376476303,0.004390878696496098,0.0145784546814683,0.0002905722593903685
chrono,0.302,-0.0010901437926185142,-0.003691424692092,0.0005495405076523875,0.004398168083337595,0.014578773683065,0.00030388062209995594
chrono,0.3025,-0.0010919899002878042,-0.0036922153386737,0.00038748480971427854,0.004405457389751982,0.0145786128287143,0.0002743780998238539
chrono,0.303,-0.001093835426940748,-0.0036910533060185,0.0002560057964714109,0.004412746933842582,0.0145790881813493,0.0002514994926475619
chrono,0.3035,-0.0010956798402225187,-0.0036888265633772,0.0003999948653142846,0.004420036909023484,0.0145799503616766,0.00028906923894753264
chrono,0.304,-0.001097524889320578,-0.0036900981960392,0.0004889882954952523,0.004427326788732477,0.0145797594180044,0.00029619045384284465
chrono,0.3045,-0.001099369346231116,-0.0036889138211837,0.0005643029086857305,0.004434616837202282,0.0145800969395792,0.00030342032822379866
chrono,0.305,-0.0011012134899659465,-0.0036882874693528,0.0005841658300476222,0.00444190698246219,0.0145802905199556,0.00030487432339525763
chrono,0.3055,-0.0011030566137715248,-0.0036862476115774,0.0003855571033142903,0.004449197414575279,0.0145808642261801,0.0002373698341666886
chrono,0.306,-0.0011048995004319107,-0.0036857733207383,6.910577008094927e-05,0.004456488028574679,0.014581227998626,0.00013712921029045738
chrono,0.3065,-0.001106742227464319,-0.0036854540644199,-6.411807430478909e-05,0.004463778669207885,0.0145812812665018,7.758486033808476e-05
chrono,0.307,-0.0011085858797567072,-0.0036873045849898,-1.663384144286118e-05,0.004471068988084886,0.0145806377539494,7.630396327610153e-05
chrono,0.3075,-0.0011104292118435666,-0.0036866641737277,2.4472582457138326e-05,0.0044783594615613875,0.0145809469531352,8.887396598093271e-05
chrono,0.308,-0.0011122730765977806,-0.0036877295083584,-1.8320887004776748e-05,0.00448564989498329,0.0145808668436376,6.240722446667253e-05
chrono,0.3085,-0.001114116166124779,-0.0036861790536849,-0.00012576838770001197,0.004492940540454987,0.0145812909434004,1.1345802671464916e-05
chrono,0.309,-0.0011159588519391583,-0.0036853716289776,-6.943725542860708e-05,0.0045002312579905945,0.0145814350712176,-1.0052870933580358e-07
chrono,0.3095,-0.0011178017569467569,-0.0036858100150873,5.720006123760293e-06,0.00450752189153189,0.0145812670826433,4.407399062008229e-06
chrono,0.31,-0.0011196446093221235,-0.0036857047507294,0.00011152333783805344,0.004514812523441686,0.0145812638196595,3.875263446664757e-05
chrono,0.3105,-0.0011214887590823563,-0.0036882995201761,0.0001315805264285557,0.004522102756614688,0.0145804663459801,6.049365481904564e-05
chrono,0.311,-0.0011233331265021462,-0.003688734839857,6.806055706665148e-05,0.004529392875277788,0.0145802373260932,4.3555586461878415e-05
chrono,0.3115,-0.0011251783347231425,-0.0036904164417779,-4.227996482382357e-05,0.004536682826015492,0.0145799014755174,3.4131048618490922e-06
chrono,0.312,-0.0011270246183179289,-0.0036925671900715,-0.00012899426724286673,0.004543972409275787,0.0145791665206505,-2.3443606509452425e-05
chrono,0.3125,-0.0011288703817007306,-0.0036915267654776,-0.00019568473069525317,0.004551262241389381,0.0145796642271116,-3.392082234764446e-05
chrono,0.313,-0.001130716181371172,-0.0036915993410565,-0.00031980161520000784,0.004558552035708402,0.0145795886379533,-7.772303926196449e-05
chrono,0.3135,-0.001132562208392307,-0.0036920540422628,-0.00033341305228570947,0.004565841747170285,0.0145794229238241,-9.650355828566284e-05
chrono,0.314,-0.0011344074418739858,-0.0036904669632746,-0.0004917247806285594,0.004573131674110803,0.0145798538810579,-0.00012806856536667644
chrono,0.3145,-0.001136252399863369,-0.0036899159785058,-0.0005723077509333255,0.004580421601004581,0.0145798537875202,-0.00013759923984292213
chrono,0.315,-0.001138096887822737,-0.0036889759185885,-0.0006218270881380981,0.0045877116485672775,0.0145800951254437,-0.00013682480174290323
chrono,0.3155,-0.0011399398295135477,-0.0036858833818534,-0.0005566215833809789,0.004595002201637,0.0145811061394149,-9.865471261436131e-05
chrono,0.316,-0.0011417827737675301,-0.0036858885080218,-0.0003896900985857303,0.00460229286112368,0.014581318973472,-3.535331771433091e-05
chrono,0.3165,-0.001143625125343939,-0.0036847031525955,-0.0003370757824952315,0.004609583705082992,0.0145816879186498,-1.5551553200004215e-05
chrono,0.317,-0.0011454688313997652,-0.003687412111824,-0.0002752075645571334,0.004616874151593897,0.0145808930216801,1.1762509319065576e-05
chrono,0.3175,-0.001147312859108407,-0.0036880554171978,-0.00023879065286667273,0.004624164418435384,0.0145805336830344,3.6320867252470634e-05
chrono,0.318,-0.0011491578704687644,-0.0036900227208643,-0.0004432151739523731,0.004631454587778777,0.0145803386867809,-1.9454855795178867e-05
chrono,0.3185,-0.0011510034138663139,-0.003691086795141,-0.0007664953192380718,0.004638744509241899,0.0145798429261674,-0.00010505003267142448
chrono,0.319,-0.0011528483255869304,-0.0036898234410003,-0.0010187915302523635,0.004646034653384978,0.0145802882861466,-0.0001690371260572138
chrono,0.3195,-0.0011546943523179642,-0.0036920534620554,-0.0012353355106047399,0.0046533245275292845,0.0145797482885987,-0.00021702064628105147
chrono,0.32,-0.0011565399256403541,-0.0036911466447791,-0.0012866281665952098,0.004660614559669901,0.0145800642812255,-0.00020852918948577326
chrono,0.3205,-0.0011583866388853448,-0.0036934264898885,-0.0015657980396809271,0.004667904356320002,0.0145795933002407,-0.000292610755571452
chrono,0.321,-0.001160232772302372,-0.003692266834268,-0.0018400830161761981,0.004675194388878201,0.014580065116434,-0.0003933908254904816
chrono,0.3215,-0.0011620792478115316,-0.0036929510178354,-0.001797005083261913,0.00468248433694618,0.0145798961359673,-0.00039333593388565395
chrono,0.322,-0.0011639258872391256,-0.0036932788552319,-0.0016891787547904816,0.004689774294987681,0.0145799160830261,-0.00035146169400945837
chrono,0.3225,-0.00116577362930681,-0.0036954841354732,-0.001514469338400022,0.004697063994450579,0.0145793989258375,-0.00027575854903809436
chrono,0.323,-0.0011676204415187463,-0.0036936244237861,-0.0012780116196333467,0.0047043540917307,0.0145801945601369,-0.00021939307191426715
chrono,0.3235,-0.0011694698461193198,-0.003698809201401,-0.0012214890073333259,0.004711643416607181,0.0145786497529563,-0.000201165095942897
chrono,0.324,-0.0011713203164112063,-0.0037009405836223,-0.0014161045197618922,0.004718932494486183,0.014578155758135,-0.0002469300838715496
chrono,0.3245,-0.0011731718039331707,-0.0037029750440504,-0.0015227655568476103,0.004726221280119791,0.0145775712670998,-0.0002796757258286912
chrono,0.325,-0.0011750234789047465,-0.0037033499434527,-0.0014662413223476066,0.00473351006960368,0.0145775789679064,-0.00025091394358571034
chrono,0.3255,-0.0011768747594775864,-0.0037025611451401,-0.001377059151395246,0.004740799065019785,0.0145779908320783,-0.00022782833939991693
chrono,0.326,-0.001178727349434583,-0.0037051799141351,-0.0012625492569904835,0.004748087597823192,0.0145770656069133,-0.00020705333139039861
chrono,0.3265,-0.0011805799662941707,-0.0037052337190798,-0.0010565386932095305,0.004755376146972579,0.0145770982986383,-0.00015686927382378238
chrono,0.327,-0.0011824315138183605,-0.003703095048286,-0.0008802560963238218,0.004762664971242003,0.0145776485388719,-0.00010626068152852497
chrono,0.3275,-0.0011842837603033285,-0.0037044929699841,-0.000774627342323824,0.004769953747094879,0.0145775517058838,-7.643407053338689e-05
chrono,0.328,-0.0011861351495109362,-0.0037027784151441,-0.0006810800535571435,0.004777242789129582,0.0145780840693009,-5.2490646552544583e-05
chrono,0.3285,-0.0011879862184943635,-0.0037021379669303,-0.0004945569200237957,0.0047845318796525815,0.0145781810460042,1.2423040766593307e-05
chrono,0.329,-0.0011898385299035086,-0.003704622818229,-0.0003279551296476142,0.004791820767702487,0.0145777760999293,7.076107723329239e-05
chrono,0.3295,-0.0011916915427099273,-0.0037060256128273,-0.0002473990045190465,0.004799109352492892,0.0145771695806234,9.330719518579096e-05
chrono,0.33,-0.0011935454573933635,-0.0037078293669222,-0.0002604095914380901,0.0048063978493947945,0.0145769938038795,8.520529063342035e-05
chrono,0.3305,-0.0011953985382971988,-0.0037061618076816,-0.00038361779327143015,0.004813686624181385,0.0145775495731294,4.064355601432875e-05
chrono,0.331,-0.0011972522030817556,-0.0037073295691653,-0.0002609622255761816,0.004820975285987988,0.0145773236132094,8.030549146198496e-05
chrono,0.3315,-0.0011991046417263451,-0.003704877289388,-0.00011116393149520778,0.004828264279329697,0.0145779866835061,0.0001479151238952576
chrono,0.332,-0.0012009559056639363,-0.0037025278752728,-0.00027923189510472993,0.004835553619486788,0.0145786803141449,0.00011922079888090511
chrono,0.3325,-0.0012028069993519352,-0.0037021873758173,-0.00044131192806187583,0.004842843069702091,0.0145789004305364,6.192850157617951e-05
chrono,0.333,-0.0012046584207463518,-0.0037028427890766,-0.00044227560315713264,0.0048501324744334995,0.014578809462846,4.4996043104732275e-05
chrono,0.3335,-0.0012065087049719647,-0.0037005684513074,-0.0005938216708904724,0.004857422315293292,0.0145796817195508,-2.0761293190861895e-06
chrono,0.334,-0.001208359830406791,-0.0037022508692002,-0.0006349990191333363,0.004864712027031981,0.0145794234773985,-3.213482949046157e-05
chrono,0.3345,-0.0012102120233935532,-0.0037043859735457,-0.00033876359655238275,0.004872001461040082,0.0145788680163147,4.909277054294881e-05
chrono,0.335,-0.0012120643859099278,-0.0037047250332219,-0.0001472575851762076,0.004879290870270087,0.014578818460019,0.00011054865867157627
chrono,0.3355,-0.0012139179201879902,-0.0037070685557014,-0.00038498667300002596,0.0048865799308131785,0.0145781210860905,2.6962662652489183e-05
chrono,0.336,-0.0012157713694411765,-0.0037068985065501,-0.000560005313671439,0.004893869081927377,0.0145783022285705,-2.918716026184278e-05
chrono,0.3365,-0.001217624530820749,-0.0037063227594622,-0.0005192246979904677,0.004901158302240277,0.0145784406257418,-5.6406592761282765e-06
chrono,0.337,-0.0012194777434789694,-0.0037064253163141,-0.0006436336333714035,0.004908447716988978,0.0145788294974116,-1.002947763806801e-05
chrono,0.3375,-0.0012213316271395547,-0.0037077673208489,-0.0006604968751095111,0.0049157369274773766,0.0145784209768751,6.532709595116362e-06
chrono,0.338,-0.0012231861712633796,-0.0037090882479105,-0.0006737863321095082,0.004923025967360578,0.0145780797664137,3.427433052292729e-06
chrono,0.3385,-0.0012250399067259554,-0.003707470924884,-0.0008541051492047456,0.0049303152178235,0.0145785009256762,-5.13354478238272e-05
chrono,0.339,-0.00122689486458194,-0.0037099157122791,-0.0008176009058904899,0.004937604078118885,0.0145777205909132,-5.5313554461919456e-05
chrono,0.3395,-0.0012287499546079772,-0.003710180052282,-0.0005116724545618881,0.004944892858980782,0.014577561723601,2.6742601528541498e-05
chrono,0.34,-0.0012306037458151842,-0.0037075824143019,-0.00030346726411425334,0.004952182066433303,0.0145784149051331,9.643503182369766e-05
chrono,0.3405,-0.001232458428302552,-0.0037093649747363,-0.0001552419539428603,0.004959471101433882,0.0145780700012019,0.00016406442378076526
chrono,0.341,-0.001234314783762569,-0.0037127109200005,-0.0002056962690380867,0.004966759621229777,0.0145770395917227,0.00017955756739029298
chrono,0.3415,-0.0012361710540467197,-0.0037125405684335,-0.0003706933142999736,0.0049740482315618895,0.0145772206642506,0.0001502835703474674
chrono,0.342,-0.0012380263390511237,-0.0037105700087776,-0.00046492048712381314,0.004981337217151188,0.0145779711786201,0.0001171743392190262
chrono,0.3425,-0.0012398815147823816,-0.003710351462184,-0.00035067151797619714,0.004988626459751178,0.0145784852000005,0.00014565118826192518
chrono,0.343,-0.0012417356318940032,-0.0037082342232834,-0.00022515744500952093,0.004995916076116991,0.0145792327315823,0.0002028025422856469
chrono,0.3435,-0.0012435911046211334,-0.0037109454545848,-0.00036680797309998495,0.00500320535068588,0.0145785491378942,0.00017991591288562297
chrono,0.344,-0.0012454463056181808,-0.0037104019939325,-0.0001755921283856826,0.005010494782685976,0.0145788640000983,0.0002531432675094808
chrono,0.3445,-0.0012473010990909916,-0.0037095869455988,5.82453524571948e-05,0.005017784322492086,0.0145790796122073,0.0003363002089999427
chrono,0.345,-0.0012491549966003879,-0.0037077950186929,-9.776331490470487e-05,0.005025074209230179,0.014579773476138,0.0002923033010856237
chrono,0.3455,-0.0012510088410007114,-0.0037076888006211,-0.00015852092469519668,0.005032364178298082,0.014579938135864,0.0002572489233094933
chrono,0.346,-0.0012528625234353719,-0.003707364869335,5.3837969800011164e-05,0.005039654401679694,0.0145804467631449,0.00032026252664277673
chrono,0.3465,-0.0012547179843427347,-0.0037109218145663,0.00020337712476193288,0.005046944275309884,0.0145797472604313,0.0003771360579711941
chrono,0.347,-0.0012565730263481845,-0.0037100840110463,0.000146507149323849,0.005054234351084291,0.0145801515488583,0.0003566682924855006
chrono,0.3475,-0.0012584292400457109,-0.0037124273949596,7.164348415238175e-05,0.0050615241407019895,0.0145795792354187,0.00031497899215226523
chrono,0.348,-0.0012602838047177656,-0.0037091293440809,7.117621989525364e-05,0.005068814505658881,0.0145807299138215,0.00029953895717616506
chrono,0.3485,-0.0012621400319833276,-0.0037124545310237,0.00017565852899526475,0.005076104520500391,0.0145800296828553,0.0003231312974809291
chrono,0.349,-0.0012639959357879649,-0.0037118076092059,0.00020806266767142966,0.005083394685122089,0.0145803292434052,0.0003156115404571328
chrono,0.3495,-0.001265850569019178,-0.0037092664626533,9.894288196192018e-05,0.005090685289262986,0.0145812082818019,0.000286526051819045
chrono,0.35,-0.0012677053720939746,-0.0037096061495062,1.6366453814293485e-05,0.0050979758574314915,0.0145811363371013,0.0002674835098332889
chrono,0.3505,-0.0012695604767674062,-0.0037102093466907,-0.0002203785652714301,0.0051052663467619774,0.0145809786609556,0.0001853881283190042
chrono,0.351,-0.0012714155102583335,-0.0037100669817661,-0.0003511608718999714,0.005112556800998397,0.0145809084727689,0.00011709240516194221
chrono,0.3515,-0.0012732709494159833,-0.0037108783156049,-0.0001951969707428254,0.005119847264314997,0.0145809266332152,0.0001342788093667412
chrono,0.352,-0.0012751260005428033,-0.0037101022532091,5.177945980476617e-05,0.005127137891054984,0.0145812534799755,0.00020031224012856662
chrono,0.3525,-0.001276980966379515,-0.0037099316738662,0.000250795436357172,0.005134428605253483,0.0145814283970374,0.0002499210022523222
chrono,0.353,-0.0012788357090215419,-0.0037094852839282,0.00012808416578099133,0.005141719426523694,0.0145816425404184,0.0001931373947571099
chrono,0.3535,-0.0012806895118719908,-0.0037076057009214,3.353860861921021e-06,0.0051490106093783905,0.0145823657092651,0.00011647651998086552
chrono,0.354,-0.0012825434544460057,-0.0037078851478379,0.00012280588162857006,0.005156301710337097,0.0145822019174585,0.00012111374395710565
chrono,0.3545,-0.0012843980009383804,-0.0037090929846583,9.939324052349583e-06,0.005163592629868485,0.0145818390628836,0.00010547342225716452
chrono,0.355,-0.0012862524100155648,-0.0037088181543518,-0.00019968898080003852,0.005170883690666789,0.0145821215965102,6.605426263815519e-05
chrono,0.3555,-0.0012881065200726072,-0.0037082201144098,-0.00014727374119526986,0.005178174864989588,0.0145823486455416,8.162548454774107e-05
chrono,0.356,-0.001289962465899963,-0.0037118916547749,-0.00011220631461906718,0.0051854654930481026,0.0145812561171551,0.00011788463525231832
chrono,0.3565,-0.0012918177340968118,-0.0037105363934911,-0.00011808534965236055,0.005192756286909295,0.0145815877223622,0.000134443989747522
chrono,0.357,-0.0012936736588099462,-0.0037118494267958,-0.0001490562951999907,0.005200046999987384,0.0145814261562107,0.00011804830044774628
chrono,0.3575,-0.0012955276933251936,-0.0037080690301609,-0.00042305001933810936,0.005207338339592499,0.0145826792101216,2.8922070652489158e-05
chrono,0.358,-0.0012973822811609415,-0.0037091756716815,-0.0006992097037952227,0.005214629489550093,0.0145822999152027,-7.555321066182465e-05
chrono,0.3585,-0.0012992371268107927,-0.0037096912998776,-0.0008540141068714121,0.005221920522109791,0.0145820651193274,-0.000135295182071343
chrono,0.359,-0.00130109303788295,-0.0037118221441489,-0.0007590791108999861,0.0052292110923518875,0.014581140484269,-9.004931289516161e-05
chrono,0.3595,-0.0013029479684191214,-0.0037098610725665,-0.0005354996966047343,0.005236501973267194,0.0145817618306146,-4.072980038064397e-06
chrono,0.36,-0.0013048034705559486,-0.0037110042734876,-0.00048187090431901715,0.0052437929685854034,0.0145819906364599,1.3579853071292513e-05
chrono,0.3605,-0.0013066595014595839,-0.0037120618072687,-0.000517128776328548,0.005251083839146381,0.0145817411219587,1.3093206495134219e-05
chrono,0.361,-0.0013085149246783168,-0.0037108464374933,-0.0004791416267095154,0.005258374883151978,0.0145820880112737,4.0264609700000976e-05
chrono,0.3615,-0.001310370817789952,-0.0037117862235705,-0.0003737404754000111,0.00526566602050188,0.0145822746997911,8.67775751237907e-05
chrono,0.362,-0.0013122266372231906,-0.0037116388661432,-0.00023367613940478415,0.005272957212366897,0.0145823837299777,0.00013695317239043313
chrono,0.3625,-0.0013140828731655896,-0.00371247188487,-0.00018549010455716695,0.005280248350065686,0.0145822753975224,0.0001408751408190158
chrono,0.363,-0.0013159410962118034,-0.0037164460926114,-0.00027288460573336,0.005287538856987184,0.0145810138429742,0.00012455928909993474
chrono,0.3635,-0.0013177999233463522,-0.0037176542689627,-0.0002905226137428813,0.0052948290922257,0.0145804704770577,0.00015411865655230663
chrono,0.364,-0.0013196586088523032,-0.0037173710121312,-0.0002938701994428673,0.005302119440512593,0.0145806965738023,0.0001909691895381879
chrono,0.3645,-0.0013215156391013227,-0.003714060497957,-0.0004500311046047629,0.0053094104305213,0.0145819800173505,0.00015872350130010542
chrono,0.365,-0.0013233727206654056,-0.0037141631281679,-0.0005255969789618863,0.00531670141823648,0.0145819754304108,9.848695517137666e-05
chrono,0.3655,-0.001325229654315363,-0.0037138672998329,-0.0003883516094237903,0.005323992553439377,0.0145822704058975,0.00010170501260468934
chrono,0.366,-0.0013270866696519779,-0.0037140306732316,-0.00039063134389047535,0.005331283790836194,0.0145824747934907,9.865952647609382e-05
chrono,0.3665,-0.0013289447411871658,-0.003716143070114,-0.00041905661039997623,0.005338574778599198,0.0145819755260097,8.159989644289973e-05
chrono,0.367,-0.0013308018079511985,-0.0037141335281354,-0.000370189837447595,0.00534586612392049,0.0145826906425852,7.585292157145995e-05
chrono,0.3675,-0.0013326583876965836,-0.003713159491079,-0.00026587391003808305,0.005353157723546803,0.0145831992526079,8.902175911417758e-05
chrono,0.368,-0.0013345137148255137,-0.0037106542580734,-5.449190154759891e-05,0.005360449655792576,0.0145838644916816,0.00014477168755237338
chrono,0.3685,-0.0013363698753359188,-0.0037123210204894,0.00012288687093809343,0.005367741520981989,0.0145837303787138,0.00021969614110948856
chrono,0.369,-0.0013382261987987532,-0.0037126469259583,8.617743514284184e-05,0.0053750334565557945,0.0145838711476039,0.0002407651393523074
chrono,0.3695,-0.0013400837176950064,-0.0037150377922565,-0.00032350458759048247,0.00538232512896028,0.0145833448089728,0.00013906157403807486
chrono,0.37,-0.0013419417657339894,-0.0037160960776556,-0.0006538270066190634,0.005389616574310002,0.0145828906994381,5.5615190271497893e-05
chrono,0.3705,-0.0013437996691363363,-0.0037158068049567,-0.0007469610785905081,0.005396908039306786,0.014582929993695,2.675343327631535e-05
chrono,0.371,-0.0013456573764659696,-0.0037154146595975,-0.0008146978153095651,0.005404199508091789,0.0145829375699883,-7.482022809482271e-06
chrono,0.3715,-0.001347515224887741,-0.0037156968433862,-0.0007707021919333727,0.005411490989798484,0.0145829634133001,-3.048366928617324e-06
chrono,0.372,-0.0013493730928909597,-0.003715736006496,-0.0008305172857238244,0.005418782546246281,0.01458311289559,-1.7409549833334924e-05
chrono,0.3725,-0.0013512308244260085,-0.0037154630698041,-0.0010212112090714303,0.005426074115468998,0.0145831384455318,-6.825754155712733e-05
chrono,0.373,-0.0013530879399425988,-0.0037142310333199,-0.0012617416724237927,0.005433365810538493,0.0145833901389097,-0.00014061133845239788
chrono,0.3735,-0.0013549458555796035,-0.003715831274094,-0.0012547957903333057,0.005440657280191996,0.0145829393070255,-0.00014121910492852812
chrono,0.374,-0.001356803699811171,-0.0037156884631904,-0.0010362257412999756,0.0054479488595080006,0.0145831586319697,-9.20766578951872e-05
chrono,0.3745,-0.001358662463357141,-0.0037175270917655,-0.0007671057247095101,0.005455240391751381,0.0145830644868167,-3.534773670955089e-05
chrono,0.375,-0.0013605228123643176,-0.0037206980146621,-0.0004114389120380926,0.005462531657950076,0.0145825323973909,7.360964295234309e-05
chrono,0.3755,-0.001362383440353554,-0.0037212559786018,-0.000224262773119065,0.005469822953434789,0.0145825909693661,0.0001459862153477027
chrono,0.376,-0.0013642446706695344,-0.0037224606320494,-0.00011189521217621252,0.005477114061779281,0.014582216689041,0.00019219031277144843
chrono,0.3765,-0.0013661059436671508,-0.0037225459951366,-7.803593796664625e-05,0.005484405247473179,0.0145823713878682,0.00022577245369037073
chrono,0.377,-0.001367967849914331,-0.0037238124942396,-0.00013697122407618778,0.005491696254931178,0.0145820149159267,0.00020896175457132298
chrono,0.3775,-0.0013698298023979705,-0.00372390496701,-0.00011846281323334482,0.005498987397757199,0.0145822856521217,0.00020693944825712576
chrono,0.378,-0.0013716922191415737,-0.0037248334875949,-0.00016677491251428816,0.005506278483174587,0.0145821708346987,0.0002070340817714416
chrono,0.3785,-0.0013735549575599748,-0.0037254768366784,-0.00026358631388572514,0.0055135694532102986,0.0145819400714833,0.00018751398204756918
chrono,0.379,-0.0013754168821367152,-0.0037238491534814,-0.0004148865017380802,0.005520860797809196,0.0145826891977086,0.0001453114260094762
chrono,0.3795,-0.0013772783219035967,-0.0037228795335336,-0.0003705275412190393,0.005528152287168603,0.0145829787187933,0.00013855165966660703
chrono,0.38,-0.001379138779106004,-0.0037209144049001,-4.903446739048417e-05,0.005535444034636183,0.0145834949353125,0.00018806863791902338
chrono,0.3805,-0.001380998208946993,-0.0037188596821648,0.00010010336023810343,0.005542736177823998,0.0145842863756004,0.00021497465164756928
chrono,0.381,-0.0013828570853063882,-0.003717752718683,0.00018828007867144336,0.005550028477838087,0.014584600028055,0.0002525536724523444
chrono,0.3815,-0.0013847149945791504,-0.0037158185453269,0.00026565563120954714,0.0055573211296041924,0.0145853035321965,0.0002721215310000754
chrono,0.382,-0.0013865734604351365,-0.0037169317123541,0.00042352378711907335,0.005564613798940493,0.0145853386726194,0.0003036493402096393
chrono,0.3825,-0.0013884321492018126,-0.0037173775332337,0.00048513827377621207,0.005571906361856976,0.0145851258331167,0.0003063807968476543
chrono,0.383,-0.001390290303832753,-0.0037163092621443,0.0005502848188857332,0.0055791990974752015,0.0145854712364185,0.00030571687721430996
chrono,0.3835,-0.0013921487473899097,-0.0037168871141425,0.0007460442682523634,0.005586491800007087,0.0145854050637402,0.00034757354688100657
chrono,0.384,-0.0013940081026427853,-0.003718710505863,0.00074840745344284,0.005593784231094995,0.014584862175818,0.0003350588469904399
chrono,0.3845,-0.001395868863566796,-0.0037215218479579,0.0006713482242190509,0.0056010763747465775,0.0145842873031234,0.0003158487529285127
chrono,0.385,-0.0013977286009595469,-0.0037194747853636,0.00045794407347617074,0.005608368797446778,0.014584845400516,0.0002745534837476188
chrono,0.3855,-0.0013995884909819845,-0.0037197800448792,0.0001583258506904587,0.00561566114790929,0.0145847009250879,0.00018368576597614452
chrono,0.386,-0.001401448526870741,-0.0037200717778197,-2.8774578504745358e-05,0.0056229536163640015,0.0145849369093537,0.0001114532240617871
chrono,0.3865,-0.001403308372346368,-0.0037196909511794,-0.0002217013072856996,0.005630246203552097,0.0145851743761749,4.389139317620813e-05
chrono,0.387,-0.0014051682408003918,-0.0037197369077512,-0.0003021413978143071,0.005637538767678585,0.0145851282528853,5.45115672863295e-06
chrono,0.3875,-0.0014070271045913962,-0.0037177275820955,-0.00016759380174762094,0.005644831585022103,0.014585634687054,3.730904286669556e-05
chrono,0.388,-0.0014088870055791736,-0.0037198019754048,-0.00018093815837142793,0.005652124134960884,0.0145850998777282,3.223211663811163e-05
chrono,0.3885,-0.0014107456958281084,-0.0037173804980035,-0.0003161321239333537,0.005659417023292701,0.0145857766635137,1.7119709571237048e-06
chrono,0.389,-0.0014126043272764122,-0.0037172628966365,-0.0002457756528714431,0.005666709839936279,0.0145856332871528,3.750205493330008e-05
chrono,0.3895,-0.0014144625005447775,-0.003716346537001,0.00014720561953808695,0.0056740028560451905,0.0145860322178259,0.0001544263210524054
chrono,0.39,-0.0014163206424635533,-0.0037162838373054,0.00031737297803809063,0.005681295990306395,0.0145862685224875,0.00021237839091913289
chrono,0.3905,-0.0014181795891013982,-0.0037178932755853,0.00012283089901427808,0.005688588975683778,0.014585970754777,0.000178850670180911
chrono,0.391,-0.0014200388670857489,-0.0037185559686151,0.00010331607446190105,0.005695881809662379,0.0145856679572214,0.00017751732086669305
chrono,0.3915,-0.0014218981974349898,-0.0037186606983813,0.00020904015994760967,0.0057031745891444885,0.0145855589641393,0.00020235515078579982
chrono,0.392,-0.0014237579805815859,-0.0037195662930816,0.00033971779538092645,0.005710467222302201,0.0145852663153689,0.0002441683562762383
chrono,0.3925,-0.0014256177450485685,-0.0037195289339535,0.0003391995120475965,0.005717759967484082,0.0145854903637383,0.00026170088035716246
chrono,0.393,-0.0014274768949391614,-0.003718299781471,0.00033539230818571025,0.005725052846299983,0.014585757631898,0.00027638220230003744
chrono,0.3935,-0.0014293364882967952,-0.0037191867152328,0.00026104731592379606,0.005732345604455985,0.0145855163120866,0.00026454054371909716
chrono,0.394,-0.0014311968125148011,-0.0037206484356566,5.00551723856969e-05,0.005739638302425798,0.0145853959394622,0.0002129076816856923
chrono,0.3945,-0.0014330568677511923,-0.0037201104730592,-0.0001571120583238209,0.005746931131847377,0.0145856588432496,0.00013569459683816985
chrono,0.395,-0.0014349153830325312,-0.0037170305627514,-0.00026554510642384256,0.0057542244986416025,0.0145867335884339,8.284245771912018e-05
chrono,0.3955,-0.001436774033651611,-0.0037173012380313,-0.00018891208498097339,0.005761517928172283,0.0145868590614148,9.622666958093651e-05
chrono,0.396,-0.0014386337207231703,-0.0037193741433322,-0.00014036833064284032,0.005768811149736486,0.0145864431282629,0.000108152325238092
chrono,0.3965,-0.001440492874744126,-0.003718308041803,-7.933237742856798e-05,0.0057761046110213765,0.0145869225699169,0.0001406060363476532
chrono,0.397,-0.001442351407165976,-0.0037170648438372,5.590780583808992e-05,0.005783398330108297,0.0145874381737782,0.00019038759789045758
chrono,0.3975,-0.0014442090216367776,-0.0037152289413904,0.00020827589540000396,0.005790692326103686,0.0145879919907638,0.00021966814046193135
chrono,0.398,-0.0014460665778159854,-0.0037151123587033,0.00023739790206189242,0.005797986459437493,0.014588266667663,0.00022016318740479876
chrono,0.3985,-0.0014479242647963408,-0.0037153739603251,0.0002286404856047438,0.005805280595399198,0.0145882719233675,0.0002203989006904719
chrono,0.399,-0.0014497824280559346,-0.0037163265194488,0.00036310051874761874,0.0058125746753837915,0.0145881599692925,0.00025622931637626055
chrono,0.3995,-0.0014516410609143326,-0.0037172657165711,0.0005131071793047715,0.005819868535905187,0.0145877210426894,0.0002913512661334174
chrono,0.4,-0.0014535008824493323,-0.0037196430702912,0.0003927479616380868,0.005827161932929592,0.0145867940488229,0.00023099517526672809
chrono,0.4005,-0.0014553601643247926,-0.0037185637512501,0.0002767548705571377,0.005834455556121082,0.0145872463831026,0.00017825410800956627
chrono,0.401,-0.0014572199545825892,-0.0037195805154252,0.0004288834591619323,0.005841749062948182,0.0145870136542231,0.0002244612416095748
chrono,0.4015,-0.0014590798628143498,-0.0037198164637187,0.0005863186611047698,0.005849042511076485,0.0145868962566053,0.0002751327583810438
chrono,0.402,-0.001460939395905969,-0.0037190661832037,0.0005325416313428537,0.005856336152772285,0.0145872833915187,0.00025587474445709104
chrono,0.4025,-0.0014627983892783192,-0.0037179867443366,0.0002574641141952388,0.005863629922786079,0.0145875400275452,0.0001813286262951577
chrono,0.403,-0.001464656756622773,-0.0037167346888951,0.0001947450561905061,0.005870923837627301,0.0145878296825117,0.00015997470505708868
chrono,0.4035,-0.0014665148109579418,-0.0037161086705861,0.00032960988515238316,0.005878217858497292,0.0145880417400601,0.00017232068590468584
chrono,0.404,-0.0014683730991459365,-0.00371657637592,0.00043992737253807846,0.005885511788787795,0.014587860580839,0.00018343461291419905
chrono,0.4045,-0.001470230915977977,-0.0037156336640757,0.0005715831456285937,0.005892806005030976,0.0145884324863537,0.00021661998527623352
chrono,0.405,-0.0014720880909747658,-0.0037143499938747,0.0007289654759714442,0.005900100375367395,0.0145887406729469,0.0002737941550952612
chrono,0.4055,-0.0014739453626423371,-0.0037145433347415,0.0008075291737952401,0.005907394626696094,0.0145885026574172,0.00029139930150000125
chrono,0.406,-0.0014758023509491291,-0.0037139766137595,0.0007068752490714523,0.005914689043360483,0.0145888333286997,0.00024092636655244823
chrono,0.4065,-0.0014776591970565578,-0.0037136922149616,0.0005858166170904722,0.005921983634633976,0.0145891825470518,0.00019691468123334794
chrono,0.407,-0.0014795150356955444,-0.0037116772782904,0.0004488899053904821,0.005929278615103478,0.014589960939054,0.00014560146236665075
chrono,0.4075,-0.0014813712918123612,-0.0037125122330916,0.00024248294626191428,0.0059365735016906895,0.0145897731742747,8.667656196193447e-05
chrono,0.408,-0.0014832284792151151,-0.0037143748057379,0.00011737155417617424,0.005943868234136396,0.0145894648914195,6.972740800951069e-05
chrono,0.4085,-0.0014850844176391709,-0.0037118768481758,0.00016217307602857324,0.005951163310754293,0.0145901532358135,9.219235939994519e-05
chrono,0.409,-0.0014869402614707816,-0.0037116876632644,0.00019698231129523726,0.005958458312799092,0.014590004089621,0.00010243280953335985
chrono,0.4095,-0.001488795648641572,-0.0037107743416862,0.00010673935830953139,0.005965753452763983,0.0145902799299102,7.511411383334004e-05
chrono,0.41,-0.001490651055965575,-0.0037108146482755,-0.00010141710828570098,0.005973048527814884,0.0145901501017625,2.1987300442814573e-05
chrono,0.4105,-0.0014925064488975348,-0.0037107858635914,-0.0002251552957619051,0.005980343585148401,0.0145901146670068,5.127139295219811e-06
chrono,0.411,-0.0014943616803201332,-0.0037104628453002,-0.00020786335517142263,0.0059876386077235,0.0145900451502502,1.7836552004691865e-05
chrono,0.4115,-0.001496218098840707,-0.0037128370411446,-0.0002176088815762129,0.005994933244893891,0.0145892743407731,-5.010367552383768e-06
chrono,0.412,-0.0014980752277351517,-0.0037142577890404,-0.0003860647633666775,0.006002227630283102,0.0145887707783612,-7.886948267150322e-05
chrono,0.4125,-0.0014999328268201495,-0.0037151981698688,-0.0005543091979952249,0.00600952186353329,0.0145884665004725,-0.00012480562219996911
chrono,0.413,-0.0015017912081279894,-0.0037167626158,-0.0004661795761285527,0.006016815952096494,0.0145881771263926,-9.765145280947793e-05
chrono,0.4135,-0.0015036489551355503,-0.003715494014794,-0.0005260478932619014,0.0060241102805261015,0.0145886568592325,-0.00010919304916197821
chrono,0.414,-0.0015055059269907245,-0.0037139437100906,-0.0007092832560714099,0.0060314048558275934,0.0145891506028867,-0.00014118239890000459
chrono,0.4145,-0.0015073632293445272,-0.0037146047078783,-0.0007354736290237719,0.006038699307231082,0.0145889028070126,-0.0001382057206047449
chrono,0.415,-0.0015092209112471666,-0.0037153638055929,-0.0007813087987761845,0.006045993791059384,0.0145889676565706,-0.00012961113079047406
chrono,0.4155,-0.0015110792860532074,-0.0037167496116315,-0.0009021919207904775,0.006053288124677397,0.0145886672360393,-0.0001475440277666165
chrono,0.416,-0.0015129377220421958,-0.0037168719781957,-0.000985147178690455,0.006060582466559494,0.01458868376425,-0.0001603825654856939
chrono,0.4165,-0.0015147957285925884,-0.0037160131007639,-0.000805584625257155,0.006067876979954201,0.014589026789459,-8.64108204143103e-05
chrono,0.417,-0.001516653841349802,-0.0037162255144703,-0.0005680332594904922,0.006075171421888487,0.0145888838685739,-2.3717878427814434e-06
chrono,0.4175,-0.001518512467019173,-0.0037172513388124,-0.0005699151249809571,0.006082465723567687,0.0145886033583958,6.045838809650864e-06
chrono,0.418,-0.0015203717563520014,-0.0037185786657275,-0.0005791610475904818,0.006089759978486181,0.0145885098368667,1.4496305333688314e-06
chrono,0.4185,-0.0015222308054241296,-0.0037180981442007,-0.0004737581981666511,0.006097054317260292,0.0145886775483185,2.072560450000218e-05
chrono,0.419,-0.0015240904056819105,-0.0037192005154715,-0.0004973783783428392,0.0061043486410228,0.0145886475248821,9.181403547622208e-06
chrono,0.4195,-0.001525950035153989,-0.0037192589443462,-0.0005759388159333243,0.006111642913507881,0.0145885449701755,-4.97823262384551e-06
chrono,0.42,-0.0015278093591575281,-0.0037186480068139,-0.0005819491996904939,0.006118937331872493,0.014588836729223,-1.13778697286227e-05
chrono,0.4205,-0.0015296690333915786,-0.0037193484679221,-0.0004565602048286012,0.0061262317676067934,0.0145888714687031,9.716725909552928e-06
chrono,0.421,-0.001531529632428752,-0.0037211980742814,-0.00030926613299524827,0.006133525915044596,0.0145882948754831,4.954955611434828e-05
chrono,0.4215,-0.0015333900017913127,-0.0037207387253627,-0.00037207113460952223,0.006140820163498484,0.0145884969078987,2.6282541771563284e-05
chrono,0.422,-0.0015352497410103805,-0.0037194784382125,-0.0004694696828904639,0.006148114667476501,0.0145890079558959,-6.123495033197709e-06
chrono,0.4225,-0.001537109513555568,-0.0037195450904218,-0.0003929603378523946,0.006155409161154285,0.0145889873556937,1.2064644652367984e-05
chrono,0.423,-0.001538970453098587,-0.003721879086112,-0.00030303802540954637,0.006162703349597176,0.014588376885755,3.311054845225737e-05
chrono,0.4235,-0.0015408315751394008,-0.0037222440815562,-0.0003234907623238155,0.006169997498188889,0.0145882971833513,3.022192329993345e-05
chrono,0.424,-0.0015426915558751642,-0.0037199614711993,-0.00034466501877143213,0.0061772919842088825,0.0145889720399683,1.38333091334412e-05
chrono,0.4245,-0.0015445515164749235,-0.0037199211996305,-0.0004130882857238288,0.006184586498324679,0.0145890282316254,-1.9739833671396567e-05
chrono,0.425,-0.0015464118774415336,-0.003720721933473,-0.000469506032971462,0.006191880958642398,0.0145889206353888,-3.7518637728627456e-05
chrono,0.4255,-0.0015482726111983869,-0.0037214675131917,-0.0003804956984904816,0.006199175314088895,0.0145887108929301,-2.6068523133407746e-05
chrono,0.426,-0.001550132728032394,-0.0037202336683341,-0.00013496057533334325,0.006206469878114296,0.0145891280509239,3.878015402365114e-05
chrono,0.4265,-0.0015519926692875163,-0.003719882510286,6.050958211903247e-05,0.006213764509859276,0.0145892634900438,0.00010818621989516246
chrono,0.427,-0.001553853077318812,-0.0037208160625004,4.333156112858899e-05,0.006221059009357877,0.0145889989970424,0.00010563265796182888
chrono,0.4275,-0.0015557137180267633,-0.0037212814160745,-9.126645732377134e-05,0.00622835340089159,0.0145887830675948,6.340041819033868e-05
chrono,0.428,-0.0015575739418289825,-0.0037204476043031,-2.221710538094105e-05,0.006235647879650086,0.0145889575169126,8.561780797129648e-05
chrono,0.4285,-0.0015594348149283732,-0.0037217461987704,0.0001805073106333488,0.00624294230514999,0.0145888509998674,0.00014528549260945617
chrono,0.429,-0.00156129567688712,-0.0037217239171666,4.9483055695250956e-05,0.006250236790672881,0.0145889710457071,0.00010212352907619977
chrono,0.4295,-0.0015631570832409514,-0.0037228127078998,-0.00021059814315240626,0.006257531112936393,0.0145886445269853,1.7332481285727735e-05
chrono,0.43,-0.0015650192440439525,-0.0037243216059181,-0.0002977127504523751,0.006264825179652184,0.0145881334315652,-1.4602025042823438e-05
chrono,0.4305,-0.0015668809665299044,-0.0037234449719344,-0.00031249308036187954,0.0062721194098403765,0.014588460376441,-2.0258219652394667e-05
chrono,0.431,-0.0015687422374861537,-0.0037225419124699,-0.00047699290849997515,0.006279413760031688,0.0145887003824993,-7.414347131442934e-05
chrono,0.4315,-0.0015706026568871323,-0.0037208388018156,-0.0008050650844761764,0.006286708400204094,0.0145892803449214,-0.00016677592364781427
chrono,0.432,-0.0015724625705353379,-0.003719827296604,-0.0010026691636190559,0.00629400329187868,0.0145897833490782,-0.00021671048001919196
chrono,0.4325,-0.001574322310487597,-0.0037194799041875,-0.0010486984005047735,0.006301298261778887,0.0145899398005336,-0.00021912111948112277
chrono,0.433,-0.0015761830405975896,-0.0037214602200506,-0.0010627694138714218,0.006308592955238779,0.014589386919838,-0.00020143414830483172
chrono,0.4335,-0.0015780432558553104,-0.0037204305156962,-0.0010620037739333267,0.006315887842886586,0.0145897752955781,-0.00020200356662854126
chrono,0.434,-0.0015799032068545271,-0.0037199019984487,-0.0012005845471238217,0.006323182817771084,0.014589949768873,-0.0002643569566714801
chrono,0.4345,-0.0015817638390595024,-0.0037212644101372,-0.0013311845281523908,0.006330477549795294,0.0145894640485572,-0.00030824308784775195
chrono,0.435,-0.0015836253594703198,-0.0037230408216988,-0.0012476465865428558,0.006337771999897879,0.0145889002051435,-0.0002710126844095704
chrono,0.4355,-0.00158548728661001,-0.0037238542791642,-0.0011626293373571393,0.006345066370907593,0.0145887420193448,-0.0002457122780666528
chrono,0.436,-0.001587349735371113,-0.0037248975221881,-0.001079794289500013,0.006352360602950802,0.0145884640863614,-0.00022143156616665004
chrono,0.4365,-0.0015892131456263225,-0.0037268205104162,-0.0010886603199857263,0.006359654511873092,0.014587817844595,-0.00022525003318089412
chrono,0.437,-0.001591078246643951,-0.0037302020349779,-0.0011823255132095251,0.006366948047573984,0.0145870714019761,-0.0002664362849000634
chrono,0.4375,-0.001592944022938969,-0.0037315525902445,-0.0012504217161142886,0.006374241367656491,0.0145866401650297,-0.00029059648829995614
chrono,0.438,-0.0015948103067163766,-0.003732567554741,-0.0011135456104285981,0.006381534637834585,0.0145865403560984,-0.000247373272480832
chrono,0.4385,-0.0015966760465279117,-0.0037314796233279,-0.0008496005837333427,0.006388828122890183,0.0145869701112946,-0.00016802822193328652
chrono,0.439,-0.0015985425546575227,-0.0037330162589982,-0.0007436495983809502,0.006396121421055501,0.0145865963305862,-0.0001348183747237912
chrono,0.4395,-0.0016004103877237386,-0.0037356661324284,-0.0005339827858666565,0.0064034142581649856,0.0145856742188982,-7.040402570480082e-05
chrono,0.44,-0.0016022788004075306,-0.0037368253677292,-0.00023847116986663863,0.006410706992289489,0.0145854682489494,1.911547607618453e-05
chrono,0.4405,-0.00160414705516998,-0.0037365095244061,3.5216036957156204e-05,0.006417999801511087,0.0145856184432285,0.00010510198062855618
chrono,0.441,-0.0016060148913047412,-0.0037356722695309,0.00022153775555240024,0.006425292709214492,0.0145858154069383,0.00017539468916674022
chrono,0.4415,-0.0016078813864519592,-0.0037329902949529,0.0003764505495000213,0.006432586056859091,0.0145866952891125,0.0002342182267383242
chrono,0.442,-0.001609748012595169,-0.0037332522860523,0.0006880290374286,0.0064398793344528915,0.0145865551876114,0.0003167984240382639
chrono,0.4425,-0.0016116141339191925,-0.0037322426481447,0.0010023338662857291,0.006447172791125083,0.0145869133444053,0.00039727194783335476
chrono,0.443,-0.001613480795623401,-0.0037333234086852,0.0011499917986904692,0.006454466144764581,0.0145867072789522,0.000432429596938159
chrono,0.4435,-0.001615346296209963,-0.0037310011733719,0.0011215745996238091,0.006461759857065902,0.0145874246026973,0.00041648305761916794
chrono,0.444,-0.0016172106617975412,-0.0037287311746333,0.0011092763592047746,0.006469053961575877,0.0145882090200582,0.0004001744383572597
chrono,0.4445,-0.0016190742707880013,-0.0037272179810776,0.001400551545661919,0.006476348304005203,0.0145886848585237,0.0004847114973714774
chrono,0.445,-0.0016209368518209644,-0.0037251620660115,0.001833995767719048,0.006483642929242389,0.0145892504743667,0.0006131492519095785
chrono,0.4455,-0.0016227989273511767,-0.0037241510603917,0.0020549629250857107,0.006490937686844583,0.0145895152043316,0.0006682023681238528
chrono,0.446,-0.001624659929603145,-0.0037220045036952,0.0019701653089380998,0.006498232853925395,0.0145903341617499,0.0006436522384952578
chrono,0.4465,-0.0016265209771055833,-0.0037220950047905,0.0016735411903761996,0.006505528131541677,0.0145905552324288,0.0005545967347095152
chrono,0.447,-0.0016283818358887592,-0.0037217175662743,0.001474542652166669,0.006512823454182276,0.0145906452812891,0.0005053117424190525
chrono,0.4475,-0.0016302422640731562,-0.0037208563693338,0.0013341266616666676,0.0065201189025483886,0.0145908967321868,0.00047631228378101974
chrono,0.448,-0.0016321021886955833,-0.0037198492446966,0.0012611770018285792,0.0065274144813211865,0.0145911575457235,0.0004517375652046579
chrono,0.4485,-0.0016339622492319572,-0.0037201210725164,0.0011260519625952558,0.0065347100333196795,0.0145911039969403,0.00040689319989033787
chrono,0.449,-0.001635822435751333,-0.0037203730389604,0.0008313523768000087,0.006542005609626977,0.0145911526146627,0.0003164859791094985
chrono,0.4495,-0.0016376828497711715,-0.0037208280398224,0.0006814683278952215,0.006549301018372283,0.0145908174904236,0.0002631711052237965
chrono,0.45,-0.0016395420711559083,-0.0037184427691453,0.00042076270919045287,0.006556596834372486,0.0145916320005056,0.00018677522645237419
chrono,0.4505,-0.0016413998385659267,-0.0037155348198902,0.00013200145011426132,0.006563893027673295,0.0145923866016321,0.00010710961243327282
chrono,0.451,-0.0016432571614911629,-0.0037146458508183,-5.435593381323637e-07,0.006571189393843491,0.0145927323402764,6.65068253760855e-05
chrono,0.4515,-0.0016451152427271465,-0.003716162471631,-8.84239100190801e-05,0.006578485502946901,0.0145922182068988,2.6448088295185e-05
chrono,0.452,-0.0016469739205909883,-0.0037173557278549,-0.00013872058097146627,0.006585781472457197,0.0145919390205809,2.3659782761124384e-06
chrono,0.4525,-0.0016488328813195618,-0.0037179214574548,-0.0001970274994714646,0.006593077433958594,0.0145919230027338,-9.725166052444392e-06
chrono,0.453,-0.001650692659727948,-0.0037195568168472,-0.00036031821393333105,0.0066003732080021915,0.0145915480872423,-4.447767107143431e-05
chrono,0.4535,-0.0016525524219895837,-0.0037195245229443,-0.0004775503985142757,0.006607668987514692,0.0145915590249845,-6.384618856671747e-05
chrono,0.454,-0.0016544129984735756,-0.0037211529678983,-0.000394495921685733,0.0066149645463216,0.0145911176138627,-3.7362357171539475e-05
chrono,0.4545,-0.0016562735589635835,-0.0037211209801941,-0.00027214720673336093,0.006622260127428892,0.0145911622144541,9.418264747566918e-06
chrono,0.455,-0.001658133817633911,-0.003720517340631,-0.00037930696123810223,0.0066295557565574925,0.0145912582573375,-2.270455117611835e-05
chrono,0.4555,-0.001659995330978714,-0.0037230266895651,-0.0007302409335904784,0.006636851056235182,0.0145905993553084,-0.00013373723006191018
chrono,0.456,-0.001661857088182006,-0.0037235144063857,-0.0009088674842952478,0.006644146264047801,0.014590415625251,-0.0001842029282333748
chrono,0.4565,-0.0016637184144683292,-0.0037226525724473,-0.0008633363183190619,0.0066514416792398945,0.0145908303841634,-0.00016601958016185643
chrono,0.457,-0.0016655800663871734,-0.0037233038381488,-0.0008130395052142905,0.006658736986449781,0.0145906144198695,-0.00014144660287611948
chrono,0.4575,-0.0016674417773198114,-0.0037234218651164,-0.0007365266152428374,0.0066660323043394865,0.0145906357793922,-0.00012296137163327257
chrono,0.458,-0.0016693034221437753,-0.0037232896479806,-0.0004354009998809464,0.006673327655342287,0.0145907020055966,-3.993058356660264e-05
chrono,0.4585,-0.0016711659134679424,-0.0037249826485424,-0.0002705402980333325,0.006680622864462887,0.0145904182412212,2.0774784895377386e-05
chrono,0.459,-0.0016730284215815683,-0.0037250162270394,-0.00024430265426665984,0.0066879181157286915,0.0145905025314827,3.9726777971556736e-05
chrono,0.4595,-0.0016748903027309359,-0.0037237622987928,-0.00021472859399526305,0.0066952136004639895,0.0145909694706197,5.495795186193946e-05
chrono,0.46,-0.0016767518796667602,-0.0037231538713314,-0.0003582242964142948,0.006702509199672996,0.0145911984180263,3.209494832381733e-05
chrono,0.4605,-0.0016786139208585515,-0.0037240823838223,-0.0002998801943714274,0.006709804586811696,0.0145907742773282,5.6758206676240284e-05
chrono,0.461,-0.0016804765359911267,-0.0037252302648186,-0.00014656163627619584,0.00671709980473309,0.0145904358429782,9.493526668579748e-05
chrono,0.4615,-0.0016823385543025537,-0.0037240366230601,-0.00010411465620475098,0.006724395212151901,0.0145908148374374,0.00010162302671435866
chrono,0.462,-0.0016842010051835166,-0.0037249017620739,-2.1014625028570322e-05,0.006731690536801088,0.0145906492985544,0.0001304371712381154
chrono,0.4625,-0.00168606385031711,-0.0037256902670215,6.911625109531255e-06,0.006738985805576303,0.0145905375502649,0.00015172132155706817
chrono,0.463,-0.0016879263773057485,-0.0037250539772083,-5.423640574761127e-05,0.006746281176718383,0.0145907422842455,0.00013706086883800257
chrono,0.4635,-0.0016897871611647464,-0.0037215677180912,7.99113746000454e-05,0.0067535771218501794,0.0145918902634757,0.00016337705717133538
chrono,0.464,-0.0016916487586488005,-0.003723194967959,0.0002547405599238368,0.006760872948409796,0.0145916531192339,0.00019387529299993593
chrono,0.4645,-0.0016935100650879997,-0.0037226128786232,0.00013021572573812534,0.006768168877300779,0.0145918577819507,0.00016073276554283753
chrono,0.465,-0.0016953721502729335,-0.0037241703699431,-1.6842310642816743e-05,0.006775464665382397,0.0145915761633552,0.00013414491079036646
chrono,0.4655,-0.0016972346456035625,-0.0037249906611067,6.39523041333581e-05,0.0067827604245336015,0.0145915183023512,0.00016979390758084127
chrono,0.466,-0.001699097071029998,-0.0037248508531712,0.00024684864050952696,0.006790056190149885,0.0145915312326349,0.0002335377677142552
chrono,0.4665,-0.0017009594550485563,-0.0037247680371414,0.00026735260184287295,0.006797351928844203,0.0145914773885249,0.00023714391885703328
chrono,0.467,-0.0017028212477231408,-0.0037235853494719,0.00012201373555716562,0.006804647880196385,0.0145919027044505,0.0001920625792236883
chrono,0.4675,-0.00170468265390733,-0.0037228123682498,7.615517539051267e-05,0.006811944020836486,0.0145922812801784,0.00018264767030458308
chrono,0.468,-0.0017065445380027855,-0.0037237681908881,-5.178400906662228e-05,0.0068192400983699,0.014592155066836,0.00015366051094738219
chrono,0.4685,-0.0017084065791461711,-0.0037240822867296,-0.00034802981050949386,0.006826536128868077,0.0145920609963984,7.227537962369486e-05
chrono,0.469,-0.001710267835081547,-0.0037225118709268,-0.00035350667925238,0.006833832373952381,0.01459249016862,6.292831782848753e-05
chrono,0.4695,-0.0017121289038081189,-0.0037221374528966,-0.0001754938475666651,0.0068411286249449865,0.0145925019852369,0.00010782520922373148
chrono,0.47,-0.0017139908570795725,-0.0037239065426951,5.140625519103484e-06,0.0068484247976474955,0.0145923454049419,0.00015577775357621975
chrono,0.4705,-0.0017158525387374057,-0.0037233633159526,0.00024149976586194217,0.006855721117410979,0.0145926395268307,0.00021434498124277873
chrono,0.471,-0.0017177138037077766,-0.0037225299408143,0.00033906996081905794,0.006863017566831192,0.014592898840583,0.0002371005536950746
chrono,0.4715,-0.001719574603150975,-0.0037215988863759,0.0003566573085523936,0.006870314174617698,0.0145932155728454,0.00024972048889038677
chrono,0.472,-0.0017214356299495304,-0.0037220535968641,0.0002446005815762127,0.006877610682182594,0.0145930151298662,0.00022571818296658277
chrono,0.4725,-0.0017232977911991743,-0.0037243224998232,3.8483520595269805e-05,0.006884906923342676,0.0145924823202893,0.00016419256464275005
chrono,0.473,-0.0017251601263347238,-0.003724670270589,-4.883214092855055e-05,0.006892203193407498,0.0145925401296064,0.0001228707253285034
chrono,0.4735,-0.0017270237070535766,-0.0037271614378312,-9.459402771426286e-05,0.006899499176695384,0.0145919665756339,9.418675372853072e-05
chrono,0.474,-0.0017288870914953236,-0.003726768883489,-0.00017094639067623198,0.0069067952685728795,0.0145921837550594,6.885841329053375e-05
chrono,0.4745,-0.001730749800216702,-0.0037254174428255,-0.00020024855459525406,0.006914091609133977,0.0145926811223246,6.452337626201248e-05
chrono,0.475,-0.0017326118381039146,-0.0037240757745556,-6.903318807142493e-05,0.006921388156188091,0.0145930941082537,9.492367283813778e-05
chrono,0.4755,-0.0017344731378643452,-0.0037225995208748,-1.3823266152370093e-05,0.006928684961773096,0.0145936111698773,9.50345307476566e-05
chrono,0.476,-0.0017363338828719765,-0.0037214900150919,-7.758940404284111e-05,0.0069359819540432965,0.0145939845404352,7.549055854764017e-05
chrono,0.4765,-0.001738194498386969,-0.0037212310300088,-3.324313368093695e-05,0.006943278976096395,0.0145940441061785,9.309512480472546e-05
chrono,0.477,-0.0017400549474153593,-0.0037208980568242,0.00011217196732857393,0.006950576080418991,0.014594208645248,0.00013919954654286113
chrono,0.4775,-0.0017419161067739886,-0.003722318717576,0.00030893487160953993,0.0069578730361837815,0.0145939115295697,0.00019472799843813147
chrono,0.478,-0.001743777742197139,-0.0037232708462132,0.0004812329352142771,0.006965169896433282,0.0145937204989167,0.00024092438916200636
chrono,0.4785,-0.0017456399097911524,-0.0037243351878842,0.0007602769863713935,0.006972466544499983,0.0145932961333296,0.00031906212356196714
chrono,0.479,-0.0017475026606733612,-0.0037255017643155,0.0008731224890142828,0.0069797629934257865,0.0145928978517331,0.0003474081087999097
chrono,0.4795,-0.0017493650018071127,-0.0037246822675451,0.000701459765633342,0.0069870595430957805,0.0145930993399644,0.00030235954444755126
chrono,0.48,-0.001751227087945173,-0.0037241722759248,0.00048432277356667104,0.0069943561669982,0.014593247804794,0.0002523431244856428
chrono,0.4805,-0.0017530887486533198,-0.0037233214166164,0.00021382109994760867,0.00700165296348948,0.0145935929825144,0.00018313454502840085
chrono,0.481,-0.0017549508680185788,-0.0037242387306205,-4.836982884285727e-05,0.00700894965732668,0.0145933876744039,0.0001039212315666034
chrono,0.4815,-0.0017568125099703957,-0.0037232839036313,-0.00021867342622855767,0.0070162465253239825,0.0145937359947393,3.983571565244336e-05
chrono,0.482,-0.001758673281485157,-0.0037215430293662,-0.00019088410662853895,0.0070235436920322025,0.01459433341631,3.720594544293341e-05
chrono,0.4825,-0.0017605331584064077,-0.0037197538425599,9.379073042870529e-06,0.007030841102270591,0.014594820476879,9.205836891436006e-05
chrono,0.483,-0.0017623932257171404,-0.0037201346218236,0.00017185050106190082,0.007038138485401191,0.0145947662612437,0.0001329094590428578
chrono,0.4835,-0.0017642526018457616,-0.0037187522569491,0.00028080930810000143,0.007045436143201689,0.0145953156008244,0.00016396129540948343
chrono,0.484,-0.0017661111586632083,-0.0037171136347573,0.0003939069553618948,0.007052734088906193,0.0145958914090107,0.0001950797663476627
chrono,0.4845,-0.0017679703992203866,-0.0037184811142936,0.0003556615564714131,0.007060031866152089,0.0145955544919674,0.00017669856813335677
chrono,0.485,-0.0017698298864987638,-0.0037189745569426,0.00017530475771903347,0.007067329696120089,0.01459565993585,0.000118676487066575
chrono,0.4855,-0.0017716900604399788,-0.0037203478821936,-2.6295876542861035e-05,0.007074627403370198,0.0145954145003425,5.005432233326633e-05
chrono,0.486,-0.0017735509790249848,-0.0037218371701379,-2.885174768573777e-05,0.007081924971671788,0.0145951366032341,3.781783118094766e-05
chrono,0.4865,-0.0017754126130911096,-0.0037232681322345,-1.150355778096957e-05,0.007089222292398278,0.0145946414529413,3.419509968567118e-05
chrono,0.487,-0.0017772746356183866,-0.003724045054817,-0.00022844564365237253,0.007096519404270196,0.0145942237437011,-1.8788622466609744e-05
chrono,0.4875,-0.0017791356819175652,-0.0037220925982552,-0.0004591732307380906,0.007103816809436392,0.0145948103325797,-8.171337343798073e-05
chrono,0.488,-0.0017809961455255152,-0.0037209272156111,-0.000591996440628578,0.0071111144309704,0.0145952430679852,-0.00012620106757141447
chrono,0.4885,-0.001782856672269184,-0.0037210534876558,-0.0006574115507666644,0.007118412020999998,0.0145951800591411,-0.0001435343204285627
chrono,0.489,-0.0017847170000447887,-0.0037206555509715,-0.0007867488468333321,0.007125709660880192,0.0145952797603088,-0.00017670688065228392
chrono,0.4895,-0.0017865774547223268,-0.0037209093551656,-0.000767601048095246,0.007133007166330085,0.0145950108998472,-0.00017943594505227218
chrono,0.49,-0.0017884383576143303,-0.0037218057840091,-0.0005550770558809445,0.007140304514810986,0.0145946969617811,-0.00013954606442374774
chrono,0.4905,-0.0017903000412939907,-0.0037233673595487,-0.0004009368214856968,0.007147601586005581,0.0145941423892057,-0.00010915797274274872
chrono,0.491,-0.0017921623805673415,-0.0037246785463999,-0.0003652065776285814,0.007154898460774994,0.0145937495388717,-0.00010462772663806452
chrono,0.4915,-0.0017940241243111776,-0.0037234874875384,-0.000224424439214306,0.0071621954734212845,0.0145940252925014,-5.762416825237979e-05
chrono,0.492,-0.0017958862626717975,-0.0037242767214268,-7.829078754761909e-05,0.007169492381658177,0.0145938164737352,8.867725357152353e-06
chrono,0.4925,-0.001797748936456789,-0.0037253475700874,-0.00016315450631429078,0.007176789310846282,0.0145938583762423,1.3929018091321917e-07
chrono,0.493,-0.0017996117324265981,-0.0037255919396842,-0.00030148467567143945,0.007184086100614301,0.0145935795361045,-4.11900590143045e-05
chrono,0.4935,-0.001801475096651517,-0.0037267284499525,-0.0003256964378143003,0.007191382779104083,0.0145933569795992,-4.516961001423324e-05
chrono,0.494,-0.0018033380786871556,-0.0037259640713863,-0.0003102040912333533,0.00719867963443499,0.0145937106617399,-2.9765453990344376e-05
chrono,0.4945,-0.0018052012904603565,-0.0037264235461036,-0.00027522797013810436,0.007205976527186797,0.0145937855036015,-4.916648323773286e-06
chrono,0.495,-0.0018070639358727103,-0.0037252908249573,-3.731770379522019e-05,0.0072132734733080794,0.0145938922425305,5.751901385730478e-05
chrono,0.4955,-0.0018089258466051916,-0.0037238214644524,8.371663017001652e-05,0.007220570669166981,0.014594391717934,0.00010382049662522874
chrono,0.496,-0.001810787806929004,-0.003723920647935,0.00023932078916842845,0.007227867864367493,0.0145943904008309,0.00015914909694234475
chrono,0.4965,-0.0018126507738003284,-0.0037259337425267,0.0002592901657722339,0.007235164846127684,0.0145939635204863,0.000174496085900206
chrono,0.497,-0.0018145127160367203,-0.0037238844730692,0.0002509057653411799,0.007242462148341788,0.0145946044281558,0.0001808232166296912
chrono,0.4975,-0.0018163752524469334,-0.0037250728205208,0.0003828425349874931,0.007249759371837083,0.0145944469907191,0.00020255693386272977
chrono,0.498,-0.0018182374979855975,-0.003724491077184,0.0004960465878133332,0.007257056666842482,0.0145945900106555,0.00023185657150020706
chrono,0.4985,-0.0018200999279429642,-0.0037248599148714,0.0006301127630214319,0.007264353966041803,0.0145945983986701,0.00028423180111453964
chrono,0.499,-0.0018219619081497607,-0.0037239604135896,0.0007072084911076906,0.007271651404125085,0.0145948761666459,0.0002960091984771651
chrono,0.4995,-0.0018238240396051264,-0.0037242629109536,0.0007407338779583291,0.0072789488834141824,0.0145949585782702,0.000284966298158551
chrono,0.5,-0.001825685580496561,-0.0037230817825564,0.0007468691005908826,0.007286246497830384,0.014595228832271,0.0002943649806639505
recurdyn,0.0,0.0,-0.003565539396407,-0.006651438701572829,0.0,0.0145700696227804,-0.0022738421200173453
recurdyn,0.0005,-1.783625074414097e-06,-0.0035689574347681,-0.0066315039155750615,7.284742870816707e-06,0.014568902976029,-0.0022674196329160643
recurdyn,0.001,-3.5689538964156498e-06,-0.0035723546498866,-0.006611621803007775,1.4568904114803383e-05,0.0145677430306459,-0.002261013391537503
recurdyn,0.0015,-5.355975229548449e-06,-0.0035757302495355,-0.006591794980900044,2.1852487348206218e-05,0.0145665900429189,-0.00225462424561356
recurdyn,0.002,-7.144676888781731e-06,-0.0035790836691478,-0.006572025591440115,2.9135496494109292e-05,0.0145654441960401,-0.002248252892365817
recurdyn,0.0025,-8.935050177405479e-06,-0.0035824182068797,-0.006552315312643803,3.6417934352495074e-05,0.0145643044292908,-0.0022418998798181544
recurdyn,0.003,-1.0727085679951287e-05,-0.0035857332195893,-0.006532665430129464,4.3699803955493666e-05,0.0145631709507802,-0.0022355656298289096
recurdyn,0.0035,-1.2520773660207318e-05,-0.0035890284376086,-0.006513076915683369,5.0981108439401845e-05,0.0145620438484121,-0.0022292504633052187
recurdyn,0.004,-1.4316104246403505e-05,-0.0035923037779711,-0.00649355049554218,5.826185098400938e-05,0.0145609231499899,-0.00222295462214695
recurdyn,0.0045,-1.6113067525247438e-05,-0.0035955592509065,-0.00647408670514007,6.554203478331688e-05,0.0145598088533068,-0.0022166782868546344
recurdyn,0.005,-1.7911653589219867e-05,-0.0035987949130285,-0.006454685931504815,7.282166303010373e-05,0.0145587009412114,-0.00221042159013304
recurdyn,0.0055,-1.971185255855712e-05,-0.0036020108438991,-0.006415274563795166,8.010073890879488e-05,0.0145575993891489,-0.002197717472847942
recurdyn,0.006,-2.151365459301946e-05,-0.0036052071342981,-0.0063760742087666245,8.73792655912975e-05,0.0145565041689366,-0.002185079270162083
recurdyn,0.0065,-2.3317049897997322e-05,-0.0036083838803513,-0.0063371317809475984,9.465724623569649e-05,0.0145554152506539,-0.002172522063442983
recurdyn,0.007,-2.5122028726398682e-05,-0.0036115411805916,-0.00629852103056188,0.00010193468398500549,0.014554332603588,-0.002160069643352527
recurdyn,0.0075,-2.6928581380758487e-05,-0.0036146791344903,-0.006260120879390419,0.00010921158196700032,0.014553256196707,-0.002147683071852567
recurdyn,0.008,-2.8736698212794565e-05,-0.0036177978417223,-0.006221813942795206,0.00011648794329399692,0.0145521859988964,-0.002135324583385733
recurdyn,0.0085,-3.054636962418478e-05,-0.0036208974018002,-0.006183652684676154,0.00012376377106271264,0.014551121979077,-0.0021230110947048075
recurdyn,0.009,-3.235758606601191e-05,-0.0036239779138924,-0.0061456628463285165,0.0001310390683542939,0.014550064106264,-0.002110750922647802
recurdyn,0.0095,-3.417033803876368e-05,-0.0036270394767332,-0.006107856793238072,0.0001383138382347049,0.0145490123495957,-0.0020985480792145915
recurdyn,0.01,-3.5984616092554766e-05,-0.0036300821885799,-0.006070240197128609,0.0001455880837543111,0.0145479666783477,-0.0020864044218905165
recurdyn,0.0105,-3.7800410826016595e-05,-0.003633106147192,-0.006032815381366664,0.00015286180794821247,0.01454692706194,-0.00207432073023815
recurdyn,0.011,-3.961771288718552e-05,-0.0036361114498228,-0.005995582995766704,0.00016013501383610462,0.0145458934699396,-0.0020622972448522533
recurdyn,0.0115,-4.143651297217055e-05,-0.003639098193216,-0.00595912542767144,0.00016740770442280617,0.0145448658720619,-0.0020505362941573174
recurdyn,0.012,-4.325680182482028e-05,-0.003642066473606,-0.005922953969904768,0.00017467988269770363,0.0145438442381706,-0.0020388682322477216
recurdyn,0.0125,-4.507857023794415e-05,-0.0036450163867191,-0.005887011150709495,0.0001819515516355008,0.014542828538278,-0.0020272733434477715
recurdyn,0.013,-4.6901809051758114e-05,-0.0036479480277756,-0.005851849087199997,0.0001892227141954972,0.014541818742544,-0.002015943586157119
recurdyn,0.0135,-4.872650915344057e-05,-0.0036508614914921,-0.0058169690169333306,0.00019649337332269812,0.0145408148212759,-0.0020047057693523365
recurdyn,0.014,-5.055266147802051e-05,-0.003653756872084,-0.005782314749033351,0.0002037635319467046,0.0145398167449276,-0.0019935404419426967
recurdyn,0.0145,-5.238025700737836e-05,-0.0036566342632686,-0.005747297468776161,0.0002110331929827125,0.0145388244840988,-0.0019822425978142733
recurdyn,0.015,-5.42092867700239e-05,-0.003659493758267,-0.0057118152654523436,0.00021830235933120723,0.0145378380095344,-0.001970776656919037
recurdyn,0.0155,-5.603974184076321e-05,-0.0036623354498077,-0.005676381270604721,0.0002255710338781025,0.0145368572921241,-0.0019593212297332385
recurdyn,0.016,-5.78716133408097e-05,-0.0036651594301286,-0.005641062944119035,0.00023283921949471265,0.0145358823029012,-0.0019478998258616372
recurdyn,0.0165,-5.970489243800614e-05,-0.0036679657909797,-0.005605893575990427,0.00024010691903791903,0.0145349130130424,-0.001936524072199913
recurdyn,0.017,-6.153957442278646e-05,-0.0036707668576508,-0.005571431611814249,0.00024737413393380314,0.0145339451443708,-0.001925388973404636
recurdyn,0.0175,-6.337564849678845e-05,-0.0036735402366601,-0.005537769048338036,0.0002546408677248091,0.0145329864769939,-0.0019145268402808433
recurdyn,0.018,-6.521310895879484e-05,-0.0036763073125867,-0.005503869857599975,0.0002619071221827973,0.0145320295830887,-0.0019035759951474603
recurdyn,0.0185,-6.705194861122976e-05,-0.0036790584944571,-0.0054695825071333,0.00026917289960121105,0.0145310777972054,-0.0018924834429856591
recurdyn,0.019,-6.8892159527989e-05,-0.003681793098421,-0.0054353700302952135,0.0002764382025272072,0.0145301313596116,-0.0018814109081998897
recurdyn,0.0195,-7.073373344279599e-05,-0.0036845108270013,-0.005401283277414277,0.0002837030336280133,0.0145291903764486,-0.0018703761851760533
recurdyn,0.02,-7.257665801763125e-05,-0.0036871998104686,-0.005367868485952377,0.00029096739698991625,0.014528258984857,-0.0018595705694472997
recurdyn,0.0205,-7.442092286780166e-05,-0.003689869975419,-0.005334700982495196,0.00029823129602160603,0.0145273337332911,-0.001848845446042717
recurdyn,0.021,-7.626651860681566e-05,-0.0036925223670356,-0.005300985900852341,0.0003054947337859104,0.0145264142611722,-0.0018379729222284574
recurdyn,0.0215,-7.811343637043056e-05,-0.0036951575518057,-0.005267105757999919,0.0003127577131654957,0.0145255003743643,-0.001827095048928518
recurdyn,0.022,-7.996166757717749e-05,-0.0036977758563289,-0.005232732761185643,0.0003200202369459948,0.014524591962121,-0.0018160521960618934
recurdyn,0.0225,-8.18112076041988e-05,-0.0037003888743412,-0.005198402030166633,0.0003272823065328112,0.01452368497967,-0.0018050239831332924
recurdyn,0.023,-8.366204999199489e-05,-0.003702987135999,-0.00516419326005232,0.0003345439239726966,0.0145227827331327,-0.00179403482417144
recurdyn,0.0235,-8.551418363622609e-05,-0.0037055585455053,-0.005129564453052333,0.00034180509293660344,0.0145218894517912,-0.0017828948180810215
recurdyn,0.024,-8.73675989198075e-05,-0.0037081122064122,-0.005095018436995187,0.00034906581657789815,0.014521001959726,-0.0017717778916713303
recurdyn,0.0245,-8.922228699037582e-05,-0.0037106489278001,-0.005060612442976133,0.0003563260977841043,0.0145201199774053,-0.0017607035712953031
recurdyn,0.025,-9.107823939924486e-05,-0.0037131691563782,-0.005026442713361839,0.00036358593930341243,0.0145192433517324,-0.0017497038477809585
recurdyn,0.0255,-9.29354515699643e-05,-0.0037156841033624,-0.004992533352814233,0.0003708453425298186,0.0145183681599424,-0.00173878685630946
recurdyn,0.026,-9.479391356881361e-05,-0.0037181738253447,-0.004958827186566637,0.00037810431073440065,0.0145175013873492,-0.0017279339512523589
recurdyn,0.0265,-9.665361482114054e-05,-0.0037206417585095,-0.004925318026695206,0.00038536284706139345,0.0145166407763093,-0.0017171431786287207
recurdyn,0.027,-9.851454613318822e-05,-0.0037230926835168,-0.004892002230371403,0.0003926209543514969,0.0145157855436068,-0.0017064133965906166
recurdyn,0.0275,-0.00010037669902140944,-0.0037255273530986,-0.0048583351722380356,0.00039987863528750944,0.0145149355176891,-0.0016955545451477825
recurdyn,0.028,-0.00010224006537884467,-0.0037279461838458,-0.004824230757909493,0.00040713589246621495,0.0145140906000298,-0.001684536486219066
recurdyn,0.0285,-0.00010410463730603503,-0.0037303494238621,-0.004790726959442821,0.00041439272843529773,0.0145132507287452,-0.0016737216840999128
recurdyn,0.029,-0.00010597040702720051,-0.0037327372366958,-0.0047588861480761325,0.0004216491457117999,0.0145124158603692,-0.0016634858759238351
recurdyn,0.0295,-0.00010783736684882861,-0.0037351097433592,-0.004728341807518989,0.0004289051467908922,0.0145115859607227,-0.0016537035209715104
recurdyn,0.03,-0.00010970550913702581,-0.0037374670433656,-0.004698004977109472,0.00043616073415070344,0.0145107610003403,-0.001643996247719112
recurdyn,0.0305,-0.00011157482286361375,-0.0037397988910849,-0.004666974552828516,0.00044341591146401793,0.0145099445801619,-0.0016340553973002159
recurdyn,0.031,-0.00011344529880397136,-0.0037421140952118,-0.00463596006523329,0.00045067068177309655,0.0145091336140037,-0.001624134827295451
recurdyn,0.0315,-0.00011531692865696108,-0.0037444136181607,-0.004605754560923777,0.00045792504779870735,0.0145083277674833,-0.0016144634513240521
recurdyn,0.032,-0.00011718970460117273,-0.0037466979792412,-0.004575027305200001,0.0004651790120943078,0.014507526861302,-0.0016045641632478876
recurdyn,0.0325,-0.00011906361907443319,-0.0037489674757312,-0.00454333579815238,0.00047243257712409337,0.0145067307938549,-0.0015943288388097273
recurdyn,0.033,-0.00012093866466322822,-0.0037512222935559,-0.004510993363571424,0.00047968574530149466,0.014505939502488,-0.0015838758648287342
recurdyn,0.0335,-0.0001228148340471913,-0.0037534625627004,-0.004477997902847636,0.0004869385190087172,0.0145051529441041,-0.0015732079681287118
recurdyn,0.034,-0.00012469211997001572,-0.0037556883849522,-0.00444432890774286,0.0004941909006062062,0.0145043710854537,-0.0015623198036048994
recurdyn,0.0345,-0.00012657052160303106,-0.0037579189760749,-0.004409950672004749,0.0005014428901796986,0.0145035871226691,-0.0015511997952097477
recurdyn,0.035,-0.00012845003459283078,-0.0037601373360953,-0.004374824909247624,0.0005086944890509981,0.0145028070405218,-0.001539834866028637
recurdyn,0.0355,-0.00013033065187362247,-0.0037623388526023,-0.004339342164347647,0.0005159456994638933,0.0145020323674138,-0.0015283450999572406
recurdyn,0.036,-0.00013221236459137753,-0.0037645208727477,-0.00430376790789526,0.0005231965242618042,0.0145012639809177,-0.0015167959375381947
recurdyn,0.0365,-0.00013409516623641426,-0.0037666922173293,-0.004267690951614315,0.0005304469654394961,0.0145004987350007,-0.0015050555144763542
recurdyn,0.037,-0.0001359790481888501,-0.0037688442123043,-0.004230812513819071,0.000537697025730699,0.01449973969618,-0.001493044671947716
recurdyn,0.0375,-0.00013786399744075695,-0.0037709658031312,-0.0041930935033238316,0.0005449467094199023,0.0144989907763079,-0.0014807534038332566
recurdyn,0.038,-0.0001397500019532094,-0.0037730642852454,-0.004154531718809555,0.0005521960204428189,0.014498249379373,-0.0014681823703571897
recurdyn,0.0385,-0.0001416370501613473,-0.003775140112334,-0.004115143094504781,0.0005594449625655196,0.0144975153451845,-0.0014553374647382964
recurdyn,0.039,-0.00014352513071436146,-0.0037771934513337,-0.00407495229970955,0.0005666935394784967,0.0144967886162598,-0.0014422270889716128
recurdyn,0.0395,-0.0001454142322709906,-0.0037792241162868,-0.004033077159657167,0.0005739417548684123,0.0144960692569789,-0.001428538141109553
recurdyn,0.04,-0.0001473043433991572,-0.0037812318278803,-0.003989450509100003,0.0005811896124545968,0.0144953573684136,-0.0014142441936333193
recurdyn,0.0405,-0.00014919545253577748,-0.0037832162819387,-0.003945139820057133,0.0005884371160033985,0.0144946530604628,-0.0013997155292761491
recurdyn,0.041,-0.00015108754752735098,-0.0037851758379631,-0.0039005289965952307,0.0005956842696107079,0.0144939572729403,-0.0013850790846189924
recurdyn,0.0415,-0.00015298061794921658,-0.0037871162743994,-0.0038553617334952583,0.0006029310768820018,0.014493268206537,-0.0013702390187856192
recurdyn,0.042,-0.0001548746524063782,-0.003789032948957,-0.0038096678419238515,0.0006101775416421096,0.014492587009146,-0.0013552035235046371
recurdyn,0.0425,-0.00015676963912902853,-0.0037909257112351,-0.0037644229394619344,0.0006174236677893019,0.0144919136815284,-0.001340316670604683
recurdyn,0.043,-0.00015866556627242012,-0.0037927947073071,-0.0037198415445333565,0.0006246694592224045,0.014491248152148,-0.0013256526765237048
recurdyn,0.0435,-0.00016056242206274884,-0.003794640228075,-0.0036755895181619265,0.0006319149198049934,0.0144905903144174,-0.001311091640956991
recurdyn,0.044,-0.00016246019487076158,-0.0037964626331659,-0.0036316715337618923,0.0006391600533476038,0.0144899400454152,-0.0012966343385332414
recurdyn,0.0445,-0.0001643588732443968,-0.0037982623127806,-0.0035881220932142675,0.0006464048636002084,0.0144892972152742,-0.0012822920334903372
recurdyn,0.045,-0.00016625844592521588,-0.0038000396685993,-0.003544996327890499,0.0006536493542484145,0.0144886616918853,-0.0012680833394427165
recurdyn,0.0455,-0.0001681589018533991,-0.003801795104262,-0.003502354388871423,0.0006608935289122153,0.0144880333432393,-0.0012540288402521057
recurdyn,0.046,-0.000170060230169633,-0.0038035290206568,-0.0034603206468380734,0.0006681373911464061,0.0144874120385815,-0.0012401888661045576
recurdyn,0.0465,-0.000171962420213001,-0.0038052418136217,-0.0034187292359618864,0.0006753809444406955,0.014486797648973,-0.0012265326422617171
recurdyn,0.047,-0.00017386546151842985,-0.0038069338728587,-0.0033775566557809255,0.0006826241922213983,0.0144861900475509,-0.0012130391157474173
recurdyn,0.0475,-0.0001757693438140251,-0.0038086055814553,-0.0033370611654047386,0.0006898671378514076,0.0144855891096362,-0.001199772767861704
recurdyn,0.048,-0.00017767405701796246,-0.0038102573157089,-0.0032972724505904586,0.0006971097846324159,0.014484994712769,-0.0011867398318427562
recurdyn,0.0485,-0.000179579591234047,-0.0038118894451029,-0.0032581986369333506,0.0007043521358049976,0.0144844067367049,-0.0011739412524045957
recurdyn,0.049,-0.00018148593675038072,-0.0038135023323579,-0.003219837145161931,0.0007115941945503024,0.0144838250633925,-0.001161375353918782
recurdyn,0.0495,-0.00018339308403358956,-0.0038150963335188,-0.0031821801417333474,0.0007188359639909991,0.0144832495769426,-0.0011490391819284035
recurdyn,0.05,-0.00018530102372738,-0.0038166717980592,-0.003148338214095262,0.0007260774471924969,0.0144826801635928,-0.0011380491730904449
recurdyn,0.0505,-0.00018720974664820922,-0.0038182290689936,-0.0031187500759666995,0.0007333186471635,0.0144821167116714,-0.0011285652801427762
recurdyn,0.051,-0.00018911924378284262,-0.0038197684829917,-0.0031266948989333416,0.0007405595668577014,0.0144815591115597,-0.0011337865257998949
recurdyn,0.0515,-0.00019102950628457904,-0.0038212903704937,-0.003177144393233334,0.0007478002091743097,0.0144810072556552,-0.0011557227686331828
recurdyn,0.052,-0.00019294052547036422,-0.003822795055824,-0.0032358808939095133,0.0007550405769592983,0.0144804610383346,-0.0011809656815951236
recurdyn,0.0525,-0.0001948522928180152,-0.0038242828573038,-0.0032980533689713817,0.0007622806730062937,0.0144799203559177,-0.0012076235490428339
recurdyn,0.053,-0.00019676479996322271,-0.0038257540873618,-0.00336123881672852,0.0007695205000575189,0.0144793851066316,-0.0012347513554284244
recurdyn,0.0535,-0.0001986780386957765,-0.0038272090526428,-0.00342423405889049,0.0007767600608047931,0.0144788551905761,-0.0012618793513379245
recurdyn,0.054,-0.00020059200095801089,-0.0038286480541149,-0.0034864486055238126,0.0007839993578904192,0.0144783305096888,-0.0012887763366714229
recurdyn,0.0545,-0.00020250667884114115,-0.0038300713871744,-0.0035475995670714603,0.0007912383939082113,0.0144778109677115,-0.0013153308007856608
recurdyn,0.055,-0.00020442206458282097,-0.0038314793417485,-0.0036075583491905336,0.000798477171404216,0.0144772964701574,-0.0013414912414333457
recurdyn,0.0555,-0.00020633817241078045,-0.0038329377421274,-0.0036662736203428806,0.0008057156850375946,0.0144767634043672,-0.0013672361989524938
recurdyn,0.056,-0.00020825500528076635,-0.0038343907823292,-0.0037237326074714546,0.0008129539335020031,0.0144762317598744,-0.0013925592112668554
recurdyn,0.0565,-0.00021017281421598089,-0.0038365939354672,-0.003779941651904798,0.000820191817691801,0.0144754041049046,-0.0014174612610334339
recurdyn,0.057,-0.00021209171617120326,-0.0038388969310692,-0.0038349164436714675,0.0008274292908899139,0.0144745354045086,-0.001441946984804958
recurdyn,0.0575,-0.0002140117609079617,-0.0038412322541833,-0.0038886771192714648,0.0008346663326269099,0.0144736520127018,-0.0014660227711620131
recurdyn,0.058,-0.00021593296459354594,-0.0038435663208791,-0.00394124580325716,0.000841902935555805,0.0144727670499554,-0.001489695807371508
recurdyn,0.0585,-0.0002178553266859451,-0.0038458825914364,-0.00399264537780477,0.0008491390988634995,0.0144718869939858,-0.0015129736023620328
recurdyn,0.059,-0.0002197788384116217,-0.0038481730846121,-0.004042898869228547,0.000856374824962397,0.01447101498911,-0.0015358637487191103
recurdyn,0.0595,-0.00022170348702477138,-0.0038504341135647,-0.004092029144452359,0.0008636101178313982,0.0144701525079173,-0.0015583738045524768
recurdyn,0.06,-0.00022362925794361388,-0.0038526641432205,-0.004139975077195218,0.0008708449821829001,0.0144693001856013,-0.0015805206325619822
recurdyn,0.0605,-0.00022555613582120326,-0.0038548627136905,-0.004183630501742831,0.0008780794230462963,0.014468458238864,-0.0016011951022143478
recurdyn,0.061,-0.00022748410508000028,-0.0038570298993895,-0.00422266576836667,0.0008853134455595046,0.0144676266762222,-0.001620239229619138
recurdyn,0.0615,-0.00022941315017876995,-0.0038591660373527,-0.00422385548328098,0.000892547054865106,0.0144668054035723,-0.0016244674485048414
recurdyn,0.062,-0.00023134325574203363,-0.0038612715908227,-0.004182268582009567,0.0008997802560594126,0.0144659942771609,-0.0016118813319096824
recurdyn,0.0625,-0.00023327440662335164,-0.0038633470808121,-0.004132143599200037,0.0009070130541675159,0.014465193130148,-0.0015958951362381615
recurdyn,0.063,-0.00023520658793441118,-0.0038653930518204,-0.004078342726919093,0.000914245454132212,0.0144644017859099,-0.0015784038153190088
recurdyn,0.0635,-0.00023713978505635058,-0.0038674100547136,-0.004023296949519094,0.0009214774608087006,0.0144636200646846,-0.0015603548473239112
recurdyn,0.064,-0.00023907398364320098,-0.0038693986382249,-0.003968215782980937,0.0009287090789631136,0.0144628477868735,-0.0015422200371334935
recurdyn,0.0645,-0.000241009169620221,-0.0038713593447866,-0.003913695180766669,0.0009359403132727928,0.0144620847746683,-0.0015242324188476243
recurdyn,0.065,-0.0002429453291820094,-0.0038732927085362,-0.0038600230100047754,0.0009431711683270116,0.0144613308528364,-0.0015065052094143318
recurdyn,0.0655,-0.0002448824482017553,-0.0038751974970078,-0.0038073325526428938,0.0009504016485623046,0.0144605856517487,-0.0014890915372046518
recurdyn,0.066,-0.0002468205131508361,-0.0038770758274047,-0.003755679637228607,0.0009576317583493144,0.0144598491256294,-0.0014720144321378893
recurdyn,0.0665,-0.0002487595110264307,-0.0038789286781876,-0.003705081394081005,0.0009648615019499096,0.0144591210147902,-0.0014552818831617912
recurdyn,0.067,-0.00025069942931998934,-0.0038807570047577,-0.003655535725847679,0.0009720908834946196,0.0144584010335702,-0.0014388943976142749
recurdyn,0.0675,-0.00025264025591842376,-0.0038825615020009,-0.003607031087333396,0.0009793199069988157,0.0144576889678729,-0.0014228487956856554
recurdyn,0.068,-0.0002545819790176207,-0.0038843426988348,-0.003559551395695309,0.0009865485763839998,0.0144569846514765,-0.0014071401144427568
recurdyn,0.0685,-0.00025652458707514647,-0.0038861010734929,-0.00351309006774294,0.0009937768954894066,0.014456287931059,-0.0013917663313189994
recurdyn,0.069,-0.0002584680687860441,-0.0038878370747625,-0.0034676577494524735,0.0010010048680783035,0.0144555986610884,-0.0013767309569284894
recurdyn,0.0695,-0.0002604124130671792,-0.0038895511327286,-0.0034232586800619913,0.001008232497841599,0.0144549167012276,-0.0013620353753523097
recurdyn,0.07,-0.00026235760904880223,-0.0038912436642443,-0.003379880462261945,0.0010154597884011185,0.0144542419150039,-0.001347675531823694
recurdyn,0.0705,-0.00026430364606799817,-0.003892915075751,-0.003337589392452407,0.0010226867433106024,0.014453574169117,-0.0013336363384379606
recurdyn,0.071,-0.0002662505136628024,-0.0038945657647655,-0.0032963740267572036,0.001029913366058094,0.014452913333067,-0.0013199081034332189
recurdyn,0.0715,-0.0002681982015679818,-0.0038961961206963,-0.003256116197095321,0.0010371396600669935,0.0144522592789443,-0.001306485899790422
recurdyn,0.072,-0.000270146699711149,-0.0038978065253216,-0.00321675208129058,0.0010443656286970027,0.0144516118813038,-0.001293353058071423
recurdyn,0.0725,-0.0002720959982102089,-0.0038993973530966,-0.003178230620466743,0.0010515912752460943,0.0144509710170795,-0.001280494838018953
recurdyn,0.073,-0.00027404608736680824,-0.0039009689713722,-0.0031056374832714915,0.0010588166029509016,0.01445033656552,-0.0012557096116761137
recurdyn,0.0735,-0.00027599695766600263,-0.0039025217405699,-0.0029936825554524567,0.0010660416149886054,0.0144497084081346,-0.0012171386102571159
recurdyn,0.074,-0.00027794859985164067,-0.0039040562573867,-0.0028749901678000603,0.0010732663144510102,0.0144490863495022,-0.0011761723556523137
recurdyn,0.0745,-0.0002799010049959749,-0.0039055732482903,-0.0027540857124000637,0.0010804907043223955,0.0144484701519604,-0.00113438962671412
recurdyn,0.075,-0.0002818541644331596,-0.0039070731670025,-0.002633220539914343,0.0010877147875018034,0.014447859666699,-0.001092576123057026
recurdyn,0.0755,-0.0002838080697044054,-0.0039085563760278,-0.00251350410075243,0.001094938566819803,0.0144472547746374,-0.0010511193858284802
recurdyn,0.076,-0.00028576271253044627,-0.0039100232067577,-0.002395472640452415,0.001102162045048094,0.0144466553668405,-0.0010102071278761606
recurdyn,0.0765,-0.00028771808479644,-0.0039114739722167,-0.0022793748622095427,0.001109385224904308,0.0144460613403655,-0.0009699268345191197
recurdyn,0.077,-0.0002896741785427537,-0.0039129089735146,-0.002165315414976216,0.0011166081090551172,0.0144454725961585,-0.0009303157817381784
recurdyn,0.0775,-0.0002916309859594124,-0.0039143285031378,-0.0020533269639095323,0.0011238307001180114,0.0144448890379824,-0.0008913861535522946
recurdyn,0.078,-0.0002935884993805482,-0.0039157328466506,-0.0019434063861333126,0.0011310530006629071,0.0144443105718623,-0.0008531376539046168
recurdyn,0.0785,-0.00029554646710117094,-0.0039163897413338,-0.00183553294585238,0.0011382750985597934,0.0144439931456419,-0.0008155638382142341
recurdyn,0.079,-0.00029750476346324106,-0.0039169213646584,-0.0017296658433238069,0.00114549703770081,0.0144437195260782,-0.0007786515221713755
recurdyn,0.0795,-0.00029946332610941706,-0.0039173915771208,-0.0016257422950809559,0.0011527188398965937,0.0144434674466005,-0.0007423802605761375
recurdyn,0.08,-0.0003014221244683757,-0.0039178324303307,-0.0015237040778952604,0.0011599405158730924,0.0144432257335545,-0.0007067310440618257
recurdyn,0.0805,-0.0003033811439205891,-0.0039182599979804,-0.0014156056045572082,0.001167162070793315,0.0144429887840928,-0.0006689268986665891
recurdyn,0.081,-0.00030534037784757384,-0.0039186823281307,-0.001300214784976254,0.0011743835070310016,0.0144427537929257,-0.0006285356003142152
recurdyn,0.0815,-0.0003072998236356428,-0.0039191034378353,-0.0011848912318714348,0.0011816048255633982,0.0144425193595729,-0.0005881281711569589
recurdyn,0.082,-0.0003092594806716198,-0.0039195253197329,-0.0010706306980761454,0.001188826026670503,0.0144422847889135,-0.0005480527021950772
recurdyn,0.0825,-0.0003112193493336468,-0.0039199489499995,-0.000957914628585685,0.0011960471102862025,0.0144420497399181,-0.0005084778404093948
recurdyn,0.083,-0.00031317943048581043,-0.0039203747946608,-0.0008469664525381015,0.0012032680761745185,0.0144418140492406,-0.0004694822231379921
recurdyn,0.0835,-0.0003151397252245669,-0.0039208030639168,-0.0007727632877762172,0.0012104889240182048,0.0144415776426269,-0.0004432917661808692
recurdyn,0.084,-0.0003171002347508445,-0.0039212338398882,-0.0007406031910809828,0.0012177096534629062,0.0144413404904252,-0.0004317697003284221
recurdyn,0.0845,-0.0003190609603064276,-0.0039216671407782,-0.0007178409449476506,0.001224930264139501,0.014441102585246,-0.000423519569271288
recurdyn,0.085,-0.0003210219031427597,-0.0039221029530955,-0.0006999162508047567,0.0012321507556753153,0.0144408639307445,-0.0004169515902665989
recurdyn,0.0855,-0.00032298306450395664,-0.0039225412478331,-0.0006845362624809207,0.0012393711276992014,0.0144406245359896,-0.0004112666625332109
recurdyn,0.086,-0.0003249443902954008,-0.0039228160128929,-0.0006705471693428626,0.0012465913991873967,0.0144404424404748,-0.0004060627855950421
recurdyn,0.0865,-0.000326905854919346,-0.0039230680803771,-0.000657367363523805,0.0012538115791679016,0.0144402684533965,-0.00040113739887603385
recurdyn,0.087,-0.0003288674470656172,-0.0039233118144666,-0.0006447027049190302,0.0012610316716820946,0.0144400975622152,-0.00039638811456172666
recurdyn,0.0875,-0.0003308291625727655,-0.0039235543759243,-0.0006324034910618614,0.0012682516782761,0.0144399272675627,-0.0003917628644093237
recurdyn,0.088,-0.0003327910008446011,-0.0039237993079284,-0.0006203926088761836,0.0012754715992513155,0.0144397563319296,-0.0003872348627522303
recurdyn,0.0885,-0.00033475296304763535,-0.0039240483373633,-0.0006086294428809866,0.0012826914342934925,0.0144395841512292,-0.0003827900324618195
recurdyn,0.089,-0.00033671505120858036,-0.0039243022796644,-0.0005970917447999698,0.0012899111827873178,0.0144394104391852,-0.0003784206898903416
recurdyn,0.0895,-0.0003386772677600458,-0.0039245614933405,-0.000585766525590445,0.0012971308439748142,0.014439235068828,-0.00037412237319982874
recurdyn,0.09,-0.0003406396153131652,-0.0039248261082826,-0.000574650766438071,0.0013043504170349995,0.014439057992896,-0.00036989397092845877
recurdyn,0.0905,-0.00034260209654435325,-0.0039250961404358,-0.0005637495660333336,0.0013115699011229942,0.0144388792038634,-0.0003657370663999261
recurdyn,0.091,-0.00034456471413801815,-0.0039253715493874,-0.0005609686980904931,0.0013187892953903102,0.0144386987138707,-0.0003644155442713729
recurdyn,0.0915,-0.0003465274707583621,-0.0039256522672799,-0.0005675011454000089,0.001326008598994205,0.0144385165446503,-0.00036634877093803873
recurdyn,0.092,-0.00034849036903594754,-0.0039259382133201,-0.0005759497022857575,0.0013332278111030937,0.0144383327224719,-0.0003689533611429276
recurdyn,0.0925,-0.0003504534115623681,-0.0039262293010514,-0.0005852851408286149,0.0013404469308979094,0.0144381472756087,-0.0003718702032381079
recurdyn,0.093,-0.0003524166008851415,-0.0039265254419933,-0.0005949985965904596,0.001347665957573796,0.0144379602330703,-0.0003749216026237197
recurdyn,0.0935,-0.0003543799395085978,-0.0039268265474534,-0.0006048379023571344,0.0013548848903404964,0.0144377716239706,-0.0003780194452809093
recurdyn,0.094,-0.00035634342989276924,-0.0039271325294247,-0.0006146760909428583,0.0013621037284217985,0.0144375814772152,-0.000381119385776108
recurdyn,0.0945,-0.0003583070744546113,-0.0039274433010211,-0.0006244506509856819,0.001369322471056006,0.0144373898213492,-0.00038419956930470434
recurdyn,0.095,-0.00036027087556755877,-0.0039277587766827,-0.0006341314251952052,0.0013765411174954945,0.0144371966844848,-0.00038724942842373523
recurdyn,0.0955,-0.00036223483559960634,-0.0039280789832862,-0.000643704484776189,0.001383759666994805,0.0144370020581162,-0.00039026405662380084
recurdyn,0.096,-0.0003641989569296289,-0.0039284039585291,-0.0006531640293571487,0.0013909781188045922,0.0144368059302235,-0.0003932413827143594
recurdyn,0.0965,-0.0003661632419211802,-0.0039287336448568,-0.0006625083184761298,0.001398196472181118,0.0144366083198112,-0.0003961807518906079
recurdyn,0.097,-0.0003681276929093924,-0.0039290679724666,-0.0006717376282237749,0.0014054147263899142,0.0144364092498704,-0.000399082213238192
recurdyn,0.0975,-0.0003700923121939814,-0.0039294068661251,-0.0006808532252142836,0.0014126328807078925,0.0144362087451573,-0.00040194616204286283
recurdyn,0.098,-0.00037205710205978626,-0.0039297503122232,-0.0006898568516238157,0.0014198509344174048,0.0144360068103526,-0.00040477316031423393
recurdyn,0.0985,-0.0003740220647956427,-0.0039300983421579,-0.0006987504669428672,0.001427068886798999,0.0144358034354846,-0.0004075638467761727
recurdyn,0.099,-0.00037598720267395525,-0.0039304508990833,-0.0007075361186380577,0.0014342867371393009,0.0144355986393233,-0.00041031889178565537
recurdyn,0.0995,-0.0003779525179388177,-0.0039308079158542,-0.0007162158775857041,0.0014415044847340963,0.0144353924439898,-0.00041303897485711616
recurdyn,0.1,-0.000379918012800573,-0.0039311693208214,-0.0007247918060666709,0.0014487221288901064,0.014435184873068,-0.00041572477346184044
recurdyn,0.1005,-0.0003818836894348143,-0.0039315350407308,-0.0007332606553523492,0.0014559396689255988,0.0144349759506591,-0.0004183752359476027
recurdyn,0.101,-0.00038384954998038623,-0.0039319050021679,-0.0007416134118380617,0.0014631571041711089,0.0144347657009112,-0.0004209874342667571
recurdyn,0.1015,-0.00038581559653960706,-0.0039322791322718,-0.000749845185204717,0.0014703744339688019,0.0144345541477859,-0.0004235597844286298
recurdyn,0.102,-0.0003877818311788239,-0.0039326573590835,-0.000757956305180919,0.0014775916576731107,0.0144343413149454,-0.00042609240312379323
recurdyn,0.1025,-0.0003897482559291898,-0.0039330396117092,-0.0007659480425952108,0.0014848087746497096,0.0144341272256988,-0.00042858571388570965
recurdyn,0.103,-0.00039171487278621964,-0.0039334258203918,-0.000773820068080921,0.0014920257842762075,0.0144339119029789,-0.00043103961048578706
recurdyn,0.1035,-0.00039368168371078927,-0.003933815916537,-0.0007815728107190319,0.001499242685941593,0.0144336953693335,-0.00043345418249529644
recurdyn,0.104,-0.0003956486906298018,-0.0039342098327155,-0.0007892088043571089,0.0015064594790455965,0.0144334776469251,-0.0004358302047476416
recurdyn,0.1045,-0.00039761589543718667,-0.003934607502654,-0.0007967300329332667,0.0015136761629994944,0.0144332587575332,-0.0004381683197667402
recurdyn,0.105,-0.0003995832999932336,-0.0039350088612211,-0.0008041384891285517,0.0015208927372249992,0.0144330387225592,-0.0004404691797477579
recurdyn,0.1055,-0.000401550906126813,-0.0039354138444101,-0.0008114361522952651,0.0015281092011545094,0.0144328175630321,-0.0004427334360143457
recurdyn,0.106,-0.0004035187156343767,-0.0039358223893212,-0.0008186249777190545,0.0015353255542308042,0.014432595299614,-0.00044496173384275936
recurdyn,0.1065,-0.0004054867302816234,-0.0039362344341427,-0.0008257068915047828,0.0015425417959072096,0.0144323719526061,-0.0004471547099142252
recurdyn,0.107,-0.00040745495180338764,-0.0039366499181325,-0.0008326906925857781,0.0015497579256465999,0.0144321475419556,-0.00044931517813801794
recurdyn,0.1075,-0.00040942338190441685,-0.0039370687815997,-0.0008395879609333713,0.0015569739429222018,0.0144319220872604,-0.00045144683162370196
recurdyn,0.108,-0.0004113920222601486,-0.0039374909658865,-0.000846385595904812,0.001564189847216596,0.0144316956077757,-0.00045354545046659753
recurdyn,0.1085,-0.0004133608745233719,-0.0039379164338915,-0.0008530589167190834,0.0015714056380199959,0.014431468115914,-0.0004556031022619187
recurdyn,0.109,-0.0004153299403609756,-0.0039383452495147,-0.0008595989630999607,0.0015786213148185069,0.0144312395920908,-0.00045761691969050034
recurdyn,0.1095,-0.00041729922143241005,-0.003938777376618,-0.00086598154571902,0.001585836877100899,0.0144310100484174,-0.00045957914663811533
recurdyn,0.11,-0.00041926871937914,-0.0039392127690111,-0.0008721453527523895,0.0015930523243617156,0.0144307795001806,-0.00046147009770952386
recurdyn,0.1105,-0.00042123843581998166,-0.0039396513759362,-0.0008780337468095246,0.0016002676561032991,0.0144305479641025,-0.0004632715930619942
recurdyn,0.111,-0.0004232083723487712,-0.0039400931448142,-0.0008836111059095467,0.001607482871836402,0.0144303154574683,-0.00046497216899053583
recurdyn,0.1115,-0.0004251785305323663,-0.0039405380226166,-0.0008888488128857457,0.0016146979710799925,0.0144300819976913,-0.00046656258569993404
recurdyn,0.112,-0.00042714891191242277,-0.0039409859565447,-0.0008937235653904722,0.0016219129533618926,0.0144298476020976,-0.0004680353513238446
recurdyn,0.1125,-0.0004291195180523566,-0.0039414370393549,-0.0008982111106095354,0.0016291278182030966,0.0144296122418928,-0.00046938270075713717
recurdyn,0.113,-0.0004310903505252428,-0.0039418912786174,-0.0009022984350095097,0.0016363425651220176,0.0144293759152873,-0.00047060049775705606
recurdyn,0.1135,-0.0004330614107663777,-0.0039423482509976,-0.0009059851570237862,0.0016435571936812,0.0144291387589306,-0.0004716886846189877
recurdyn,0.114,-0.0004350327000878229,-0.0039428077231823,-0.0009092680347809375,0.001650771703483711,0.0144289008482343,-0.00047264631545719196
recurdyn,0.1145,-0.0004370042197298085,-0.0039432696042953,-0.0009121452668190422,0.0016579860941554059,0.0144286622127108,-0.00047347291037618043
recurdyn,0.115,-0.000438975970724953,-0.0039437333435343,-0.0009146210335333471,0.0016652003653893077,0.0144284230296681,-0.00047416988916189275
recurdyn,0.1155,-0.00044094795374760576,-0.0039441980727486,-0.0009167005765190314,0.0016724145169932925,0.0144281835783724,-0.00047473900939524566
recurdyn,0.116,-0.00044292016920244315,-0.0039446633415656,-0.0009184020767142467,0.0016796285488626106,0.0144279440037646,-0.0004751861266047034
recurdyn,0.1165,-0.0004448926172624379,-0.0039451287253898,-0.0009197422549904955,0.0016868424609668142,0.0144277044433327,-0.0004755165883667005
recurdyn,0.117,-0.00044686529792337115,-0.0039455939231447,-0.0009207091840666677,0.0016940562533331038,0.0144274649945877,-0.0004757265046000909
recurdyn,0.1175,-0.0004488382110183764,-0.0039460586240037,-0.0009212665582904377,0.0017012699260409991,0.0144272257575962,-0.00047580404390002416
recurdyn,0.118,-0.0004508113562196048,-0.0039465225090513,-0.0009213875296952041,0.001708483479222006,0.0144269868349039,-0.00047574048344771534
recurdyn,0.1185,-0.0004527847331220469,-0.0039469855055701,-0.0009210870713713748,0.0017156969130321942,0.0144267482496793,-0.0004755406814286376
recurdyn,0.119,-0.00045475834128361203,-0.0039474475825054,-0.0009203947042380557,0.0017229102276394015,0.0144265100116334,-0.00047521418881901225
recurdyn,0.1195,-0.00045673218024744333,-0.0039479087296312,-0.0009193256537714497,0.0017301234232165175,0.0144262721237468,-0.00047476596246190253
recurdyn,0.12,-0.0004587062495510219,-0.0039483689471047,-0.0009179079921000723,0.001737336499937403,0.0144260345856435,-0.00047420503250003706
recurdyn,0.1205,-0.00046068054873238395,-0.0039488282402286,-0.0009161944659571695,0.0017445494579761134,0.0144257973952821,-0.0004735481258380604
recurdyn,0.121,-0.0004626550773315641,-0.0039492866168256,-0.0009142340509047809,0.0017517622975055935,0.0144255605498037,-0.00047281076991418606
recurdyn,0.1215,-0.00046462983498063437,-0.0039497443475358,-0.0009120752928619373,0.0017589750186698117,0.0144253239631084,-0.0004720085662570333
recurdyn,0.122,-0.00046660482133276115,-0.0039502014072498,-0.0009097657491428313,0.001766187621605797,0.0144250876436955,-0.0004711568365190356
recurdyn,0.1225,-0.00046858003593841513,-0.0039506574647769,-0.0009073406249142868,0.0017734001064842186,0.0144248516994968,-0.00047026694157611563
recurdyn,0.123,-0.00047055547818319887,-0.0039511121288468,-0.0009048325583904671,0.001780612473530313,0.0144246162595717,-0.00046934940894287943
recurdyn,0.1235,-0.00047253114737400015,-0.0039515653272491,-0.0009022621171619021,0.0017878247229947963,0.014424381347456,-0.00046841087731916024
recurdyn,0.124,-0.0004745070427811804,-0.0039520170308647,-0.0008996357893762408,0.0017950368551404028,0.0144241469724519,-0.00046745344953334566
recurdyn,0.1245,-0.00047648316366077914,-0.0039524672321042,-0.0008969568961524185,0.0018022488702345019,0.0144239131367478,-0.00046647820799511087
recurdyn,0.125,-0.00047845950926539427,-0.0039529159341026,-0.0008942271715619036,0.001809460768545601,0.0144236798389856,-0.0004654857237951438
recurdyn,0.1255,-0.0004804360788276396,-0.0039533630815611,-0.0008914475548380858,0.0018166725503485082,0.0144234470977108,-0.00046447631198081885
recurdyn,0.126,-0.00048241287148764744,-0.0039538084185069,-0.0008886185875857153,0.001823884215949395,0.0144232149996871,-0.0004634501595760351
recurdyn,0.1265,-0.00048438988634480484,-0.0039542519108763,-0.0008857322292952642,0.0018310957656683946,0.0144229835562817,-0.0004624047135334105
recurdyn,0.127,-0.0004863671225427968,-0.0039546937372292,-0.0008827874314904637,0.0018383071998117062,0.0144227527109242,-0.00046133958525720756
recurdyn,0.1275,-0.0004883445792728258,-0.0039551339920373,-0.0008797968868428626,0.001845518518670597,0.0144225224334293,-0.0004602586262333288
recurdyn,0.128,-0.0004903222557524067,-0.0039555727082343,-0.0008767838060571629,0.001852729722527896,0.0144222927129815,-0.00045916927663808017
recurdyn,0.1285,-0.0004923001512148195,-0.0039560099085469,-0.0008737691309904808,0.0018599408116609928,0.0144220635419308,-0.00045807841349984743
recurdyn,0.129,-0.0004942782649060007,-0.0039564456105349,-0.0008707576157571673,0.0018671517863435017,0.0144218349142287,-0.00045698758777608833
recurdyn,0.1295,-0.0004962565960792142,-0.0039568798291175,-0.0008677501201143132,0.0018743626468458174,0.0144216068246438,-0.0004558970764809394
recurdyn,0.13,-0.0004982351439963839,-0.0039573125778383,-0.0008647321820428653,0.0018815733934361145,0.0144213792683685,-0.00045480208715709125
recurdyn,0.1305,-0.0005002139079252066,-0.0039577438695004,-0.0008616982750094762,0.0018887840263797084,0.0144211522408221,-0.0004537006688522976
recurdyn,0.131,-0.0005021928871403736,-0.0039581737164845,-0.0008586866374523608,0.001895994545940194,0.0144209257375519,-0.0004526051122809518
recurdyn,0.1315,-0.0005041720809223493,-0.003958602130909,-0.0008557321281619128,0.0019032049523784178,0.0144206997541828,-0.00045152666154770653
recurdyn,0.132,-0.0005061514885865703,-0.0039590292102676,-0.0008528329250333163,0.001910415245944319,0.0144204742597451,-0.00045046477354769907
recurdyn,0.1325,-0.0005081311095014307,-0.0039594550805793,-0.0008499788713000109,0.0019176254268715998,0.0144202492157684,-0.0004494162460762058
recurdyn,0.133,-0.0005101109429815898,-0.0039598795260711,-0.0008471656342571352,0.0019248354954128077,0.014420024696273,-0.00044837971468570883
recurdyn,0.1335,-0.000512090988317615,-0.0039603025274798,-0.0008443917396095058,0.0019320454518292063,0.0144198007079861,-0.00044735471698096436
recurdyn,0.134,-0.0005140712447897489,-0.0039607240803669,-0.0008416561637952738,0.001939255296385417,0.0144195772523581,-0.00044634093163331556
recurdyn,0.1345,-0.0005160517116763463,-0.0039611441876778,-0.0008389581121904746,0.0019464650293468944,0.0144193543282065,-0.0004453381092000526
recurdyn,0.135,-0.0005180323882479909,-0.0039615628278135,-0.0008362988780904415,0.0019536746509815073,0.0144191319423871,-0.0004443466505477323
recurdyn,0.1355,-0.0005200132736763452,-0.0039619797142162,-0.0008336849879333792,0.001960884161589599,0.014418910189516,-0.0004433685851047473
recurdyn,0.136,-0.0005219943671409544,-0.0039623949652227,-0.0008311150888286415,0.0019680935614699024,0.0144186890331345,-0.00044240319503819324
recurdyn,0.1365,-0.0005239756679471519,-0.0039628089542318,-0.0008285779531571825,0.0019753028508824044,0.0144184683569055,-0.00044144646730961837
recurdyn,0.137,-0.0005259571754659964,-0.0039632217498428,-0.0008260632069762178,0.0019825120300663024,0.0144182481391708,-0.00044049489473345425
recurdyn,0.1375,-0.0005279388891019643,-0.0039636333896884,-0.0008235592450381276,0.001989721099250108,0.0144180283677906,-0.0004395448469381843
recurdyn,0.138,-0.0005299208082794049,-0.0039640438958754,-0.0008210701299475982,0.001996930058656615,0.0144178090353953,-0.00043859796740957925
recurdyn,0.1385,-0.0005319029324327706,-0.0039644532827156,-0.0008186072164714495,0.0020041389085043992,0.0144175901370071,-0.0004376581891143533
recurdyn,0.139,-0.0005338852610039524,-0.0039648615605974,-0.0008161719813952962,0.002011347649009898,0.0144173716688486,-0.0004367260579096226
recurdyn,0.1395,-0.0005358677934403921,-0.0039652687379241,-0.000813774764714305,0.0020185562803877177,0.0144171536277466,-0.00043580472208108273
recurdyn,0.14,-0.0005378505291931956,-0.0039656748220843,-0.0008114338203142864,0.002025764802850605,0.0144169360108327,-0.0004348997109239353
recurdyn,0.1405,-0.0005398334677312322,-0.0039660798613114,-0.0008091730215571731,0.002032973216605699,0.0144167188025181,-0.00043401866151915856
recurdyn,0.141,-0.000541816608567558,-0.0039664839707739,-0.000807010085104838,0.002040181521846207,0.0144165019663853,-0.00043316728407628515
recurdyn,0.1415,-0.0005437999511903602,-0.0039668870320764,-0.0008049391064476595,0.002047389718774717,0.0144162855448929,-0.00043234355493348444
recurdyn,0.142,-0.0005457834950487461,-0.0039672889523334,-0.0008029433559095377,0.0020545978076078053,0.0144160695710283,-0.00043154188527635046
recurdyn,0.1425,-0.0005477672395736155,-0.0039676897161897,-0.0008010086724952604,0.0020618057885689045,0.0144158540501102,-0.00043075743649537016
recurdyn,0.143,-0.0005497511841882075,-0.003968089318803,-0.0007991278942333249,0.002069013661883806,0.0144156389836176,-0.0004299877474334241
recurdyn,0.1435,-0.0005517353283132076,-0.0039684877605763,-0.000797298440595242,0.002076221427779107,0.0144154243711082,-0.00042923191404296645
recurdyn,0.144,-0.0005537196713697456,-0.0039688850445205,-0.0007955188200143107,0.002083429086481292,0.0144152102111795,-0.00042848940090483857
recurdyn,0.1445,-0.0005557042127803946,-0.0039692811749355,-0.0007937880876523975,0.0020906366382160146,0.0144149965019486,-0.00042775985728093515
recurdyn,0.145,-0.0005576889520380046,-0.0039696763631682,-0.0007921055739476783,0.0020978440831874168,0.0144147831794523,-0.00042704302502372116
recurdyn,0.1455,-0.0005596738887115871,-0.0039700707625497,-0.0007904687785381617,0.002105051421576992,0.0144145701972119,-0.00042633807928562007
recurdyn,0.146,-0.0005616590224072349,-0.0039704644129327,-0.000788870101247592,0.0021122586535544108,0.0144143575427993,-0.000425642609762041
recurdyn,0.1465,-0.0005636443527984314,-0.0039708574782934,-0.0007873098925142509,0.0021194657792692195,0.0144141451668856,-0.0004249569762524547
recurdyn,0.147,-0.0005656298796495873,-0.0039712501623965,-0.0007857984176571459,0.0021266727988435985,0.0144139330085008,-0.00042428484636673823
recurdyn,0.1475,-0.0005676156027172308,-0.0039716423521522,-0.0007843410386857166,0.0021338797124044184,0.0144137211079847,-0.00042362812041421956
recurdyn,0.148,-0.0005696015217298012,-0.0039720339695014,-0.0007829389263619054,0.002141086520088903,0.0144135094928103,-0.00042298719880467806
recurdyn,0.1485,-0.000571587636401194,-0.0039724250018413,-0.0007815925013000282,0.0021482932220397155,0.0144132981676795,-0.00042236220770944114
recurdyn,0.149,-0.0005735739464397538,-0.0039728154440022,-0.0007803018098714363,0.0021554998184014074,0.014413087134528,-0.00042175313599997146
recurdyn,0.1495,-0.0005755604515508272,-0.0039732052945311,-0.0007790667123428252,0.0021627063093200005,0.0144128763939087,-0.00042115990376668746
recurdyn,0.15,-0.000577547151438984,-0.0039735945538311,-0.0007778771475523654,0.002169912694941406,0.0144126659456836,-0.00042057945178568853
recurdyn,0.1505,-0.000579534045809571,-0.0039739832232302,-0.000776717514290484,0.0021771189754117015,0.0144124557893702,-0.00042001049274758325
recurdyn,0.151,-0.0005815211343678239,-0.0039743713045148,-0.0007755793727047452,0.0021843251508764927,0.0144122459243156,-0.00041945102550467963
recurdyn,0.1515,-0.0005835084168204219,-0.0039747587996967,-0.0007744521353999554,0.002191531221481413,0.0144120363497828,-0.00041889470478101166
recurdyn,0.152,-0.0005854958928750431,-0.0039751457108964,-0.0007733183710380697,0.0021987371873714023,0.0144118270649941,-0.0004183358844381231
recurdyn,0.1525,-0.0005874835622400321,-0.0039755320402842,-0.0007721739016666491,0.0022059430486910947,0.0144116180691534,-0.00041777342152852067
recurdyn,0.153,-0.0005894714246249544,-0.0039759177900513,-0.0007710279990428335,0.002213148805584819,0.0144114093614564,-0.00041721050119045274
recurdyn,0.1535,-0.000591459479740819,-0.003976302962395,-0.0007698851642428963,0.002220354458196405,0.0144112009410965,-0.00041664866962852286
recurdyn,0.154,-0.00059344772729919,-0.0039766875595116,-0.0007687464342572044,0.0022275600066694046,0.0144109928072674,-0.0004160882859332661
recurdyn,0.1545,-0.0005954361670131858,-0.0039770715835925,-0.0007676123181762204,0.002234765451146703,0.0144107849591643,-0.0004155295259571579
recurdyn,0.155,-0.0005974247985968129,-0.0039774550368227,-0.0007664830608714114,0.002241970791771214,0.0144105773959847,-0.0004149724738429228
recurdyn,0.1555,-0.000599413621765188,-0.0039778379213796,-0.0007653587749713719,0.002249176028685018,0.0144103701169287,-0.00041441716782867184
recurdyn,0.156,-0.0006014026362451963,-0.0039782202721384,-0.000764233058338065,0.0022563811620027185,0.0144101630393878,-0.000413861422485932
recurdyn,0.1565,-0.0006033918417619466,-0.0039786020701708,-0.0007630948716619184,0.002263586191851602,0.0144099562290878,-0.0004133014698857502
recurdyn,0.157,-0.0006053812380395485,-0.0039789833158987,-0.0007619384975714672,0.0022707911183652008,0.0144097496917967,-0.0004127353586808523
recurdyn,0.1575,-0.0006073708248024445,-0.003979364010583,-0.0007607622711571676,0.0022779959416797946,0.0144095434300165,-0.0004121625208570311
recurdyn,0.158,-0.0006093606017751885,-0.0039797441559007,-0.0007595653737475823,0.0022852006619328014,0.0144093374446169,-0.0004115826773237582
recurdyn,0.1585,-0.0006113505686839993,-0.0039801237537328,-0.0007583474101713868,0.002292405279262416,0.0144091317356531,-0.00041099569359051964
recurdyn,0.159,-0.0006133407252557621,-0.003980502806059,-0.0007571081972142698,0.0022996097938065008,0.0144089263027745,-0.0004104015075714446
recurdyn,0.1595,-0.0006153310712180282,-0.0039808813149039,-0.0007558476577380835,0.0023068142057030006,0.0144087211454284,-0.000409800093414366
recurdyn,0.16,-0.0006173216062995701,-0.0039812592823111,-0.0007542357588524147,0.0023140185150895,0.0144085162629632,-0.00040905965973352175
recurdyn,0.1605,-0.0006193123302300485,-0.0039816367103294,-0.000752218633085764,0.0023212227221031945,0.0144083116546784,-0.00040815867130011575
recurdyn,0.161,-0.0006213032427405674,-0.0039820136010063,-0.0007500986250476703,0.0023284268268811137,0.014408107319851,-0.0004072145601333891
recurdyn,0.1615,-0.0006232943435175997,-0.0039823898209638,-0.0007479168328381469,0.0023356308295749972,0.0144079033039626,-0.0004062432213952691
recurdyn,0.162,-0.0006252856322019884,-0.0039827652755526,-0.0007450500252143053,0.002342834730352794,0.0144076996392682,-0.0004049990700523037
recurdyn,0.1625,-0.0006272771084111506,-0.0039831399434895,-0.0007410806222905126,0.0023500385293896975,0.0144074963329764,-0.00040331616669996874
recurdyn,0.163,-0.0006292687717528445,-0.0039835138153854,-0.0007365553258000494,0.002357242226864703,0.0144072933882331,-0.0004014127869428394
recurdyn,0.1635,-0.0006312606218291661,-0.0039838868877988,-0.0007318554607952546,0.0023644458229584164,0.0144070908061529,-0.00039944085930003546
recurdyn,0.164,-0.0006332526582414344,-0.0039842591602611,-0.0007270638045809482,0.002371649317851998,0.0144068885868346,-0.00039743340722388947
recurdyn,0.1645,-0.0006352448805899691,-0.003984630633787,-0.0007222217721666471,0.0023788527117264147,0.0144066867298703,-0.000395406952690485
recurdyn,0.165,-0.0006372372884764221,-0.0039850013101296,-0.0007173500822380816,0.0023860560047627988,0.0144064852345997,-0.00039336976131903746
recurdyn,0.1655,-0.0006392298791921824,-0.0039853642612215,-0.0007124590977523894,0.0023932591980641016,0.0144062868676949,-0.00039132596774766037
recurdyn,0.166,-0.0006412226511935959,-0.0039857252882756,-0.0007075540000904823,0.0024004622922688956,0.0144060893131212,-0.00038927763972380837
recurdyn,0.1665,-0.0006432156035195424,-0.0039860849763684,-0.0007026438266429421,0.002407665287782995,0.0144058923374325,-0.0003872280115996961
recurdyn,0.167,-0.0006452087355012237,-0.0039864436194304,-0.0006977409217238476,0.0024148681848955023,0.0144056958233938,-0.0003851813713904306
recurdyn,0.1675,-0.0006472020421007807,-0.0039867878171686,-0.0006928516421857248,0.002422070985638708,0.0144055051170196,-0.0003831399259524238
recurdyn,0.168,-0.0006491955183683951,-0.0039871222023812,-0.0006879779595428694,0.0024292736920082103,0.0144053183652929,-0.0003811043665095157
recurdyn,0.1685,-0.0006511891616659549,-0.0039874536259443,-0.0006831208326428859,0.0024364763050783167,0.0144051328408147,-0.00037907502920467165
recurdyn,0.169,-0.000653182970514754,-0.0039877832483659,-0.0006782807136714494,0.0024436788254620923,0.01440494808141,-0.00037705207252368753
recurdyn,0.1695,-0.0006551769440148458,-0.0039881116513221,-0.0006734578013666651,0.002450881253541898,0.0144047638554659,-0.0003750355660761513
recurdyn,0.17,-0.0006571710815571619,-0.0039884391268563,-0.0006686521677475801,0.0024580835895841036,0.0144045800467305,-0.00037302553503803013
recurdyn,0.1705,-0.0006591653826784061,-0.0039887658220857,-0.0006641938303809288,0.002465285833797015,0.0144043965966734,-0.00037115376607606737
recurdyn,0.171,-0.0006611598469895563,-0.0039890918116076,-0.0006601366364237936,0.002472487986359906,0.0144042134756455,-0.00036944178771906405
recurdyn,0.1715,-0.0006631544741377837,-0.00398941713373,-0.0006561766611618479,0.0024796900474370054,0.0144040306684497,-0.0003677682645238246
recurdyn,0.172,-0.0006651492637900214,-0.0039897418085996,-0.0006522722295999541,0.002486892017184994,0.0144038481671203,-0.00036611656511902134
recurdyn,0.1725,-0.0006671442156231944,-0.003990065847273,-0.0006490476355238377,0.002494093895756805,0.0144036659673113,-0.00036473574630481123
recurdyn,0.173,-0.0006691393293195569,-0.003990389256255,-0.0006469205590904782,0.002501295683302901,0.0144034840664883,-0.00036379220828570914
recurdyn,0.1735,-0.0006711346045652489,-0.0039907120397703,-0.0006453443383666311,0.0025084973799726074,0.0144033024630245,-0.00036306790277143433
recurdyn,0.174,-0.0006731300410471874,-0.0039910342008994,-0.0006439376579380895,0.0025156989859144996,0.0144031211557482,-0.0003624110118380824
recurdyn,0.1745,-0.0006751256384551763,-0.0039913557421476,-0.0006426177351428157,0.002522900501276293,0.0144029401437163,-0.00036178856432850503
recurdyn,0.175,-0.0006771213964800182,-0.0039916766657292,-0.000641343142199964,0.002530101926205619,0.014402759426101,-0.0003611840614380939
recurdyn,0.1755,-0.0006791173148128493,-0.0039919969737101,-0.000640093144052392,0.002537303260849416,0.0144025790021332,-0.00036058924620001385
recurdyn,0.176,-0.0006811133931463598,-0.003992316668079,-0.0006388573596809867,0.0025445045053544,0.0144023988710738,-0.0003599999854285348
recurdyn,0.1765,-0.0006831096311743501,-0.003992635750783,-0.000637630588904806,0.0025517056598668153,0.0144022190322002,-0.00035941420925709284
recurdyn,0.177,-0.00068510602859162,-0.0039929542237454,-0.0006364102238856718,0.002558906724532517,0.0144020394847985,-0.000358830880190688
recurdyn,0.1775,-0.0006871025850937462,-0.003993272088875,-0.0006351949539332978,0.0025661076994971943,0.0144018602281603,-0.000358249477285778
recurdyn,0.178,-0.0006890993003771939,-0.00399358934807,-0.0006339841174285432,0.002573308584905898,0.0144016812615807,-0.0003576697380618705
recurdyn,0.1785,-0.0006910961741392052,-0.0039939060032207,-0.0006327773775476331,0.002580509380903595,0.0144015025843578,-0.00035709152936190335
recurdyn,0.179,-0.0006930932060787987,-0.0039942220562105,-0.000631574560000017,0.002587710087634698,0.0144013241957916,-0.0003565147827524907
recurdyn,0.1795,-0.0006950903958949928,-0.0039945375089164,-0.0006303755718238031,0.0025949107052435083,0.0144011460951845,-0.0003559394621905909
recurdyn,0.18,-0.0006970877432880274,-0.0039948523632096,-0.0006291803607809465,0.0026021112338737162,0.0144009682818405,-0.0003553655478524
recurdyn,0.1805,-0.0006990852479595855,-0.003995166620955,-0.0006282991380476224,0.0026093116736688182,0.0144007907550657,-0.00035491662910472213
recurdyn,0.181,-0.0007010829096112392,-0.0039954802840121,-0.00067259215189048,0.0026165120247718943,0.014400613514168,-0.0003668058984951795
recurdyn,0.1815,-0.000703080727946559,-0.0039957933542345,-0.000769054154000013,0.0026237122873258023,0.0144004365584569,-0.00039289081235702314
recurdyn,0.182,-0.0007050787026695593,-0.0039961058334701,-0.0008763409908000021,0.0026309124614728174,0.0144002598872439,-0.0004219050248523664
recurdyn,0.1825,-0.0007070768334850319,-0.0039964177235611,-0.0009887680160618685,0.0026381125473551037,0.0144000834998421,-0.0004522968895239203
recurdyn,0.183,-0.0007090751200989898,-0.0039967290263441,-0.0011034912166189702,0.002645312545114409,0.0143999073955665,-0.000483290161666684
recurdyn,0.1835,-0.0007110735622180009,-0.0039970397436499,-0.00121908830498568,0.002652512454892092,0.0143997315737338,-0.0005144966764476404
recurdyn,0.184,-0.0007130721595504097,-0.0039973498773039,-0.0013348485594809347,0.002659712276829096,0.0143995560336624,-0.0005457224978333352
recurdyn,0.1845,-0.0007150709118040055,-0.0039976594291258,-0.001452614823219054,0.002666912011066419,0.0143993807746725,-0.0005776186096284502
recurdyn,0.185,-0.0007170698186890201,-0.0039979684009295,-0.0015725650993667205,0.0026741116577441992,0.014399205796086,-0.0006102575800951574
recurdyn,0.1855,-0.0007190688799155742,-0.0039982767945237,-0.0016925835692762202,0.002681311217002519,0.0143990310972264,-0.0006429254737190671
recurdyn,0.186,-0.0007210680973666062,-0.0039985911268146,-0.0018146339432857002,0.0026885106881159027,0.0143988540817966,-0.0006762935952381152
recurdyn,0.1865,-0.0007230677855003531,-0.0039998469501642,-0.0019389249716570834,0.0026957099854429123,0.014398420867542,-0.0007104344983285536
recurdyn,0.187,-0.0007250681000802173,-0.0040012556059318,-0.0020632685739714013,0.002702909066661402,0.0143979463286725,-0.0007446042269999829
recurdyn,0.1875,-0.0007270691174500188,-0.0040027375294034,-0.0021873370304047617,0.0027101079111284954,0.0143974521828043,-0.0007786915438094425
recurdyn,0.188,-0.0007290708742103691,-0.0040042529115543,-0.0023109675854571456,0.0027173065090494164,0.0143969492954745,-0.0008126411549999734
recurdyn,0.1885,-0.0007310733870775632,-0.0040057818409397,-0.002434080044361895,0.002724504856056603,0.0143964431008715,-0.0008464257653810441
recurdyn,0.189,-0.0007330766628216301,-0.0040073143647557,-0.002556635529395155,0.0027317029504974055,0.0143959363148616,-0.0008800320916429646
recurdyn,0.1895,-0.000735080703240798,-0.0040088455144246,-0.0026786158370666335,0.0027389007920751995,0.0143954302928333,-0.0009134538619333639
recurdyn,0.19,-0.0007370855230347528,-0.0040104189619899,-0.002800013106242872,0.002746098375936895,0.0143949100073406,-0.000946688312109465
recurdyn,0.1905,-0.0007390911278918333,-0.0040119947772228,-0.002920824646971441,0.002753295700211017,0.0143943889605024,-0.0009797344320857078
recurdyn,0.191,-0.0007410975189979796,-0.0040135684618966,-0.0030407401092571768,0.0027604927645162036,0.0143938686414557,-0.0010124684870904993
recurdyn,0.1915,-0.0007431047112855804,-0.0040151857558795,-0.003114900403823794,0.002767689563772019,0.014393333462278,-0.0010326775803096023
recurdyn,0.192,-0.0007451127104836086,-0.0040168053067719,-0.0031363125823618845,0.0027748860960191968,0.014392797485882,-0.001038504770400144
recurdyn,0.1925,-0.0007471215177231594,-0.0040184225209861,-0.0031463229192095605,0.0027820823608586953,0.0143922622710518,-0.0010412170264047795
recurdyn,0.193,-0.0007491311318411631,-0.0040200351136836,-0.003150618335061943,0.002789278358669711,0.0143917285936142,-0.001042366670609545
recurdyn,0.1935,-0.0007511415505320196,-0.0040216419555162,-0.003152045189380958,0.0027964740902192142,0.0143911968375394,-0.0010427306483571268
recurdyn,0.194,-0.0007531527709275787,-0.0040232424954094,-0.003152028146828573,0.0028036695564659098,0.0143906671906879,-0.001042697836028442
recurdyn,0.1945,-0.0007551647898833558,-0.0040248364716617,-0.0031512803166333435,0.0028108647584624002,0.0143901397427838,-0.0010424628851333005
recurdyn,0.195,-0.0007571776041244149,-0.0040264237673464,-0.0031479612433952093,0.0028180596973061134,0.0143896145344505,-0.0010413755277857732
recurdyn,0.1955,-0.0007591912103172005,-0.00402800433794,-0.0031418953067142547,0.0028252543741145997,0.0143890915817537,-0.0010393639103810585
recurdyn,0.196,-0.0007612056051068405,-0.0040295781750996,-0.0031352007005428667,0.0028324487900135975,0.0143885708884849,-0.0010371426809334036
recurdyn,0.1965,-0.000763220785132801,-0.0040311452885331,-0.0031259120568904904,0.002839642946130594,0.0143880524523092,-0.001034039864057167
recurdyn,0.197,-0.000765236747040432,-0.004032705696926,-0.003113806366295266,0.0028468368435922986,0.0143875362678429,-0.001029977911552444
recurdyn,0.1975,-0.0007672534874839654,-0.0040342594233996,-0.003101059379233318,0.002854030483522202,0.0143870223281932,-0.0010256964444334046
recurdyn,0.198,-0.0007692710031296235,-0.004035806493239,-0.0030879981862095072,0.0028612238670407963,0.0143865106257291,-0.001021306377652446
recurdyn,0.1985,-0.000771289290655619,-0.004037346932755,-0.0030747867084000647,0.0028684169952644945,0.0143860011524669,-0.0010168632980191359
recurdyn,0.199,-0.0007733083467540425,-0.004038880768716,-0.0030615071974953167,0.002875609869305795,0.0143854939002636,-0.0010123950996000445
recurdyn,0.1995,-0.0007753281681296409,-0.0040404080280628,-0.0030482010269810645,0.002882802490273201,0.0143849888609129,-0.0010079158153571384
recurdyn,0.2,-0.000777348751500595,-0.0040419287377668,-0.0030348891084334404,0.0028899948592711056,0.0143844860261942,-0.0010034325399428177
recurdyn,0.2005,-0.0007793700935991854,-0.004043442924759,-0.0030215821100667774,0.0028971869773996017,0.0143839853878962,-0.0009989488946191031
recurdyn,0.201,-0.0007813921911707933,-0.0040449506158947,-0.00300828557117632,0.002904378845755118,0.0143834869378288,-0.0009944667614667714
recurdyn,0.2015,-0.0007834150409737894,-0.0040464518379361,-0.00299500246198106,0.0029115704654295027,0.0143829906678297,-0.0009899871513334396
recurdyn,0.202,-0.0007854386397525559,-0.0040479465330347,-0.002981734464866783,0.0029187618375206004,0.0143824965987588,-0.000985510638280964
recurdyn,0.2025,-0.0007874629841664316,-0.0040494344633089,-0.0029684826156429387,0.002925952963155398,0.0143820048132586,-0.000981037577038078
recurdyn,0.203,-0.0007894880708415597,-0.004050915611413,-0.0029552476245238474,0.002933143843473096,0.0143815153183421,-0.0009765682118286396
recurdyn,0.2035,-0.0007915138963952018,-0.0040523899851671,-0.002942030036814348,0.002940334479616502,0.0143810281123932,-0.000972102730842853
recurdyn,0.204,-0.0007935404574479499,-0.0040538576049091,-0.0029288303133239053,0.0029475248727273973,0.014380543189502,-0.0009676412935048532
recurdyn,0.2045,-0.0007955677506311654,-0.0040553184971639,-0.0029161871122096237,0.0029547150239448983,0.0143800605416337,-0.0009633679440287527
recurdyn,0.205,-0.0007975957725896432,-0.0040567726914738,-0.002904187271657247,0.002961904934404014,0.0143795801597155,-0.0009593123675762239
recurdyn,0.2055,-0.0007996245199818341,-0.0040582202188114,-0.002892333836219145,0.0029690946052351175,0.01437910203418,-0.0009553047877476827
recurdyn,0.206,-0.0008016539894828423,-0.0040596611107864,-0.0028805588551381704,0.002976284037563892,0.0143786261552372,-0.0009513219925572292
recurdyn,0.2065,-0.0008036841777829817,-0.0040610953992479,-0.002868828518423876,0.002983473232511108,0.0143781525130106,-0.0009473524327286194
recurdyn,0.207,-0.0008057150815884428,-0.0040625231160864,-0.0028571301290048453,0.0029906621911928166,0.0143776810976055,-0.0009433917770667255
recurdyn,0.2075,-0.0008077466976211811,-0.0040639442931349,-0.0028454721345143597,0.002997850914719713,0.0143772118991427,-0.0009394429369142492
recurdyn,0.208,-0.0008097790226195833,-0.0040653589621192,-0.002833865323076295,0.0030050394041979123,0.0143767449077756,-0.0009355096229095054
recurdyn,0.2085,-0.0008118120533372464,-0.0040667671546344,-0.002822310912709606,0.003012227660728617,0.0143762801136983,-0.0009315922612667327
recurdyn,0.209,-0.0008138457865437543,-0.0040681689021327,-0.0028108093861190482,0.0030194156854078946,0.01437581750715,-0.0009276910249095325
recurdyn,0.2095,-0.0008158802190247894,-0.0040695642359181,-0.0027993608584142783,0.0030266034793270946,0.0143753570784169,-0.0009238059600905148
recurdyn,0.21,-0.0008179153513483417,-0.0040709644902171,-0.0027879652612142706,0.0030337910422854053,0.014374894955935,-0.0009199370497667202
recurdyn,0.2105,-0.0008199511821923577,-0.0040723602083173,-0.0027766224348999982,0.0030409783747286923,0.014374434371453,-0.0009160842453667159
recurdyn,0.211,-0.0008219877092952022,-0.0040737504647691,-0.002765332174771458,0.0030481654774238975,0.0143739756420947,-0.0009122474826524481
recurdyn,0.2115,-0.0008240249299336089,-0.0040751348118425,-0.0027540942541523636,0.0030553523512961978,0.0143735189217866,-0.0009084266896762202
recurdyn,0.212,-0.0008260628411598248,-0.0040765130408752,-0.00274290843599517,0.0030625389973479022,0.0143730642827846,-0.0009046217907714057
recurdyn,0.2125,-0.0008281014399229569,-0.0040778850628047,-0.0027317744786523285,0.0030697254166172083,0.0143726117564855,-0.000900832708552457
recurdyn,0.213,-0.0008301407231268154,-0.0040792508483637,-0.0027373895050047366,0.0030769116101583005,0.0143721613538567,-0.0009033878761286473
recurdyn,0.2135,-0.0008321806876607774,-0.0040806103981428,-0.002762433490152393,0.003084097579030609,0.0143717130756629,-0.0009133035862380689
recurdyn,0.214,-0.0008342213304145529,-0.0040819637276042,-0.002791475844857188,0.0030912833242938975,0.0143712669175858,-0.0009247320398618594
recurdyn,0.2145,-0.0008362626482856239,-0.0040833108595805,-0.002837576451785776,0.003098468847005903,0.0143708228727863,-0.0009425069046332826
recurdyn,0.215,-0.0008383046381827963,-0.0040846518205192,-0.002901526992738104,0.0031056541482210043,0.0143703809331875,-0.0009669314539522979
recurdyn,0.2155,-0.0008403472970281989,-0.004085986638604,-0.0029686276644142395,0.003112839228989306,0.0143699410901166,-0.0009925469291666104
recurdyn,0.216,-0.000842390621757616,-0.0040873153428141,-0.003037822134276169,0.0031200240903569987,0.0143695033346262,-0.0010189309971999415
recurdyn,0.2165,-0.0008444346093215982,-0.0040886379624539,-0.003108180170785703,0.0031272087333654996,0.0143690676576553,-0.0010457330222522778
recurdyn,0.217,-0.0008464792566852397,-0.0040899545269176,-0.0031785831658619266,0.0031343931590517016,0.0143686340501093,-0.0010725484367284483
recurdyn,0.2175,-0.0008485245608281788,-0.0040912650655726,-0.0032486925734048185,0.003141577368448001,0.0143682025029006,-0.0010992523141332303
recurdyn,0.218,-0.0008505705187451529,-0.0040925696077004,-0.00331834139267623,0.0031487613625824085,0.014367773006968,-0.0011257829302047742
recurdyn,0.2185,-0.0008526172443263924,-0.0040942188271588,-0.003387448517933341,0.0031559450981788195,0.0143672126545516,-0.001152110207647674
recurdyn,0.219,-0.000854664792317994,-0.004095918392888,-0.003456625366019063,0.003163128554374811,0.0143666329916113,-0.0011784474858905082
recurdyn,0.2195,-0.0008567131878671752,-0.0040976386566211,-0.0035259582471000293,0.0031703117215255983,0.0143660452563999,-0.0012048244921475753
recurdyn,0.22,-0.0008587625475792171,-0.0040996835869172,-0.0035941899514571793,0.0031774945561371948,0.0143653366841697,-0.001230800551052286
recurdyn,0.2205,-0.0008608129265520459,-0.0041017772060655,-0.00367309120461909,0.0031846770376043054,0.0143646097896492,-0.0012609600776808552
recurdyn,0.221,-0.000862864349100767,-0.0041038886734216,-0.003765123168128561,0.0031918591567774157,0.0143638760522263,-0.0012962399575237832
recurdyn,0.2215,-0.0008649168287051534,-0.0041060162644846,-0.0038592771569761247,0.003199040908638595,0.0143631364103802,-0.0013323585230856797
recurdyn,0.222,-0.0008669703688384267,-0.0041081407957135,-0.003952724831323806,0.003206222291845695,0.0143623977600338,-0.0013682620279951998
recurdyn,0.2225,-0.0008690249679840223,-0.0041102573034873,-0.004044512499009579,0.0032134033068905166,0.0143616619273661,-0.0014035865024619096
recurdyn,0.223,-0.0008710806221475798,-0.0041123633442341,-0.004135485899438092,0.0032205839551764925,0.0143609298133072,-0.0014386177132523347
recurdyn,0.2235,-0.0008731373261140485,-0.0041144577361805,-0.004218633197480948,0.0032277642385570016,0.0143602018555007,-0.0014707702365618623
recurdyn,0.224,-0.0008751950740791825,-0.0041165399292026,-0.004292791484338117,0.003234944159103803,0.0143594782596583,-0.001499612407590503
recurdyn,0.2245,-0.000877253864510763,-0.0041186233292308,-0.004364357837295226,0.003242123717398099,0.0143587543363867,-0.0015274947939524167
recurdyn,0.225,-0.0008793136934481804,-0.004120696381143,-0.004419029751680921,0.003249302914876101,0.0143580341396503,-0.0015491017826285596
recurdyn,0.2255,-0.0008813745511899729,-0.0041227442879373,-0.0044541550879237946,0.003256481754986995,0.0143573228547514,-0.0015634563506334114
recurdyn,0.226,-0.0008834365134660072,-0.0041250290864829,-0.004483891831252397,0.003263660208026292,0.0143565190069214,-0.001575816515238246
recurdyn,0.2265,-0.0008854996143852212,-0.0041273404814659,-0.004510253875447652,0.0032708382604990094,0.0143557043787134,-0.0015869334985763675
recurdyn,0.227,-0.0008875638672397601,-0.0041296576440986,-0.0045342524191476115,0.0032780159070180948,0.0143548870845833,-0.0015971832025620696
recurdyn,0.2275,-0.0008896292655468097,-0.0041319420667307,-0.004557052328466614,0.0032851931495646025,0.0143540811205934,-0.001606984776657243
recurdyn,0.228,-0.0008916958024119959,-0.0041342122882387,-0.004579020981599955,0.0032923699904520987,0.0143532801158648,-0.0016164723668334244
recurdyn,0.2285,-0.0008937634705632469,-0.0041364675889225,-0.00455769992077139,0.0032995464322219115,0.0143524844220255,-0.001611692964823859
recurdyn,0.229,-0.0008958323306613725,-0.0041389121430838,-0.004486401299366679,0.0033067224511666993,0.0143516150645263,-0.0015904631501854958
recurdyn,0.2295,-0.0008979024085934428,-0.0041413736981341,-0.004404011431228525,0.003313898037055396,0.0143507387210772,-0.0015655707634809719
recurdyn,0.23,-0.0008999737128595475,-0.0041438348659582,-0.004315889547090448,0.0033210731863970167,0.014349862136261,-0.0015387808327906342
recurdyn,0.2305,-0.0009020462432823839,-0.0041462870023654,-0.004200866459647588,0.0033282478990664943,0.0143489886668734,-0.0015031830995857899
recurdyn,0.231,-0.0009041199904390451,-0.0041487110474637,-0.004044548744709439,0.003335422178364217,0.0143481252235822,-0.0014533361444667172
recurdyn,0.2315,-0.0009061949450114293,-0.0041511165604797,-0.003868467702533267,0.0033425960276206035,0.0143472684714733,-0.0013961745331428858
recurdyn,0.232,-0.0009082710977718067,-0.0041535037088109,-0.003687190204342822,0.0033497694501685993,0.0143464183876631,-0.0013371479237761549
recurdyn,0.2325,-0.0009103484395760475,-0.0041558726521893,-0.0035053139616237536,0.0033569424493297972,0.0143455749354971,-0.0012778908934428842
recurdyn,0.233,-0.0009124269613594027,-0.0041582235459093,-0.0033246820985523484,0.003364115028407305,0.014344738071593,-0.001219059491661953
recurdyn,0.2335,-0.000914506654134839,-0.0041605565424257,-0.003144898536861914,0.0033712871906829978,0.0143439077493768,-0.0011605156611000922
recurdyn,0.234,-0.0009165872104719419,-0.0041619762363251,-0.002956495564642836,0.0033784590375638968,0.0143433783671698,-0.0010985879599953055
recurdyn,0.2345,-0.000918668474536366,-0.0041632358563447,-0.0027580656372428116,0.0033856306205315156,0.0143429020218353,-0.001032727839233313
recurdyn,0.235,-0.0009207503664385719,-0.0041644116421445,-0.0025586960231428215,0.003392801966050102,0.0143424535881766,-0.0009664502998190423
recurdyn,0.2355,-0.0009228328443223743,-0.0041655417487182,-0.0023596551623238106,0.003399973088053093,0.0143420204903718,-0.0009002458826618886
recurdyn,0.236,-0.0009249157093221827,-0.0041661171160147,-0.0021629133058047906,0.0034071440519403973,0.0143417696589386,-0.0008348345164713457
recurdyn,0.2365,-0.0009269988615827618,-0.0041665917820444,-0.001969012474504745,0.0034143148906174148,0.0143415521437004,-0.0007704185272427788
recurdyn,0.237,-0.0009290822508721819,-0.0041670156076576,-0.0017768821624952007,0.0034214856207020194,0.0143413515767384,-0.0007066225610998682
recurdyn,0.2375,-0.0009311658518059707,-0.0041674135121981,-0.0015864235400285967,0.003428656250656914,0.014341159780159,-0.0006434142722237233
recurdyn,0.238,-0.0009332496513811961,-0.0041677977918253,-0.0013975805122428448,0.003435826784880608,0.0143409727162554,-0.0005807752962666715
recurdyn,0.2385,-0.0009353336428687964,-0.0041681748872137,-0.0012103184496047145,0.003442997225712202,0.0143407882708779,-0.000518694288885682
recurdyn,0.239,-0.0009374178226512209,-0.0041685478592216,-0.0010672590472619195,0.003450167574468699,0.0143406054381293,-0.00047118469119049387
recurdyn,0.2395,-0.0009395021886715593,-0.0041689182796422,-0.0009751685195809046,0.0034573378319547043,0.0143404237012626,-0.0004404591286478267
recurdyn,0.24,-0.0009415867396586064,-0.0041692869399578,-0.0008945469158809465,0.003464507998716504,0.014340242799717,-0.0004135157598808532
recurdyn,0.2405,-0.0009436714747343977,-0.0041696542406205,-0.0008199467380190585,0.003471678075170903,0.014340062601325,-0.0003885592744284323
recurdyn,0.241,-0.0009457563932215862,-0.0041700203861119,-0.0007737925601809419,0.0034788480616685102,0.0143398830382735,-0.00037294010461423675
recurdyn,0.2415,-0.000947841498998403,-0.0041703988431391,-0.0007587053280571711,0.0034860179569435046,0.0143396993273362,-0.00036751478030472827
recurdyn,0.242,-0.0009499267935996203,-0.0041707780267689,-0.0007506908642523955,0.003493187760561317,0.0143395155786472,-0.00036441138966193334
recurdyn,0.2425,-0.0009520122773893913,-0.0041711567679341,-0.0007461892880047605,0.0035003574725029074,0.0143393322067061,-0.0003624614885143815
recurdyn,0.243,-0.000954097950148447,-0.0041715344874067,-0.0007434295460047988,0.003507527092955598,0.0143391494167374,-0.00036108379637141076
recurdyn,0.2435,-0.0009561838113686383,-0.004171910901449,-0.0007415205333190485,0.003514696622209601,0.0143389673091311,-0.0003599857857380532
recurdyn,0.244,-0.0009582698604001516,-0.0041722858743277,-0.0007400109225618866,0.0035218660606048113,0.0143387859317721,-0.00035901930054750764
recurdyn,0.2445,-0.0009603560965255609,-0.0041726593444156,-0.0007386812339809724,0.003529035408505299,0.0143386053062595,-0.0003581122491522442
recurdyn,0.245,-0.0009624425189962427,-0.0041730312871654,-0.000737420046909539,0.0035362046662858193,0.014338425441044,-0.00035722802863812406
recurdyn,0.2455,-0.0009645291270520273,-0.0041734016965573,-0.0007361717111142969,0.003543373834325403,0.0143382463380104,-0.0003563483449476614
recurdyn,0.246,-0.0009666159199291924,-0.0041737705758038,-0.0007349085204094983,0.0035505429130038013,0.014338067995775,-0.0003554640773809784
recurdyn,0.2465,-0.0009687028968660139,-0.0041741379326929,-0.0007329805573237687,0.0035577119027004056,0.0143378904113385,-0.00035434462117629143
recurdyn,0.247,-0.0009707900571039874,-0.0041745037772554,-0.0007302992963048012,0.0035648808037929136,0.0143377135809141,-0.00035295831660961527
recurdyn,0.2475,-0.0009728773998900486,-0.0041748681205959,-0.0007274731445762448,0.003572049616657108,0.0143375375003418,-0.00035152101017143
recurdyn,0.248,-0.0009749649244767955,-0.0041752309743079,-0.0007245864193381362,0.0035792183416669954,0.0143373621652968,-0.00035006259609527915
recurdyn,0.2485,-0.000977052630122377,-0.0041755923501816,-0.0007216812704476674,0.0035863869791941116,0.0143371875713938,-0.00034859800714289894
recurdyn,0.249,-0.0009791405160910482,-0.0041759522600571,-0.0007187787201857278,0.0035935555296079114,0.014337013714239,-0.00034713468015705
recurdyn,0.2495,-0.0009812285816523936,-0.004176310715752,-0.0007158892054190534,0.0036007239932756008,0.0143368405894567,-0.0003456762967760916
recurdyn,0.25,-0.0009833168260827696,-0.0041766677290254,-0.0007130178597666768,0.0036078923705624155,0.014336668192703,-0.000344224657847664
recurdyn,0.2505,-0.000985405248663196,-0.0041770233115597,-0.0007101671602571696,0.0036150606618312042,0.0143364965196752,-0.00034278062273818664
recurdyn,0.251,-0.0009874938486817975,-0.004177377474952,-0.000706709277419073,0.0036222288674429004,0.0143363255661229,-0.0003411220535285948
recurdyn,0.2515,-0.0009895826254315843,-0.004177730230709,-0.0007025450904571327,0.003629396987756106,0.0143361553278506,-0.0003392138849666842
recurdyn,0.252,-0.0009916715782115615,-0.0041780815902458,-0.000698257692952387,0.003636565023127397,0.0143359858007144,-0.00033726241833335955
recurdyn,0.2525,-0.0009937607063263965,-0.0041784315648846,-0.0006939274463238578,0.0036437329739112956,0.0143358169806202,-0.00033529607693338903
recurdyn,0.253,-0.0009958500090867517,-0.0041787801658545,-0.0006895944575381394,0.003650900840460519,0.0143356488635195,-0.00033332904212381365
recurdyn,0.2535,-0.0009979394858083968,-0.0041791274042924,-0.0006852786651571444,0.003658068623125399,0.014335481445406,-0.0003313683609428879
recurdyn,0.254,-0.0010000291358124302,-0.0041794732912427,-0.0006809899034571658,0.003665236322254406,0.0143353147223125,-0.00032941750740483097
recurdyn,0.2545,-0.00100211895842639,-0.0041798178376579,-0.0006767329450761919,0.0036724039381942075,0.0143351486903074,-0.00032747816694763304
recurdyn,0.255,-0.0010042089529825882,-0.0041801610543992,-0.0006725100275761468,0.0036795714712893057,0.0143349833454919,-0.00032555113062858796
recurdyn,0.2555,-0.0010062991188187764,-0.0041805029522369,-0.0006683221193904489,0.0036867389218823154,0.0143348186839968,-0.00032363674331900176
recurdyn,0.256,-0.001008389455278036,-0.0041808435418512,-0.000664163784499971,0.0036939062903140196,0.0143346547019801,-0.0003217331354999855
recurdyn,0.2565,-0.0010104799573064094,-0.0041811696253357,-0.0006600182930666691,0.003701073578480818,0.0143344960686812,-0.0003198345364048177
recurdyn,0.257,-0.001012570622092368,-0.0041814923300606,-0.000655872479466693,0.0037082407874853007,0.014334338846848,-0.0003179364069856728
recurdyn,0.2575,-0.0010146614479515925,-0.0041818127914397,-0.0006517218041619003,0.00371540791803171,0.0143341826346196,-0.0003160371713523178
recurdyn,0.258,-0.0010167524337656442,-0.0041821315827844,-0.0006475567973095188,0.0037225749706235045,0.0143340272290207,-0.0003141334620381083
recurdyn,0.2585,-0.0010188435787019667,-0.0041824489957277,-0.0006433689656666564,0.003729741945663001,0.0143338725267333,-0.0003122222498952337
recurdyn,0.259,-0.0010209348820745534,-0.0041827651807301,-0.0006391561936190472,0.0037369088435010023,0.0143337184743775,-0.00031030278967618993
recurdyn,0.2595,-0.0010230263432712272,-0.0041830802174812,-0.0006349174485476217,0.003744075664461499,0.0143335650435998,-0.00030837472335244954
recurdyn,0.26,-0.0010251179617200012,-0.0041833941501745,-0.0006306522405666606,0.003751242408854605,0.01433341221859,-0.000306437887752441
recurdyn,0.2605,-0.0010272097368716482,-0.004183707005182,-0.0006263603519428615,0.0037584090769822165,0.0143332599898265,-0.0003044922180475986
recurdyn,0.261,-0.001029301668188598,-0.0041840187999103,-0.0006220417015618924,0.0037655756691417075,0.014333108350942,-0.00030253769930476705
recurdyn,0.2615,-0.0010313937551029717,-0.0041843294260759,-0.0006183252531095006,0.0037727421856411925,0.0143329573390106,-0.00030079686861424665
recurdyn,0.262,-0.0010334859969624022,-0.0041846386637395,-0.000615310630333329,0.0037799086268175963,0.0143328070296984,-0.0002993049687237628
recurdyn,0.2625,-0.0010355783930752205,-0.0041849464792841,-0.0006124149272142633,0.0037870749930211944,0.0143326574343199,-0.0002978557662143172
recurdyn,0.263,-0.0010376709427240005,-0.0041852528337337,-0.0006095578128095168,0.0037942412846111995,0.0143325085664163,-0.0002964208520666034
recurdyn,0.2635,-0.0010397636451370262,-0.0041855575897489,-0.0006066991328476048,0.0038014075019661975,0.0143323604750206,-0.0002949860336855858
recurdyn,0.264,-0.0010418564995176016,-0.004185860728677,-0.0006038188633761688,0.0038085736454734065,0.0143322131666571,-0.0002935442413380211
recurdyn,0.2645,-0.0010439495050600378,-0.0041861622469241,-0.0006009070665666593,0.003815739715523292,0.0143320666424782,-0.00029209197379996354
recurdyn,0.265,-0.0010460426609569806,-0.004186462148396,-0.0005985698735285707,0.003822905712506902,0.0143319209009513,-0.0002908432690952047
recurdyn,0.2655,-0.0010481359664027412,-0.004186760440713,-0.0005969022908571713,0.0038300716368145082,0.0143317759392052,-0.0002898316629428775
recurdyn,0.266,-0.0010502294205959606,-0.0041870571333139,-0.0005953376690333657,0.0038372374888349936,0.0143316317537045,-0.00028885705401911145
recurdyn,0.2665,-0.0010523230227391656,-0.004187352236507,-0.000593803442995258,0.0038444032689552987,0.014331488340587,-0.00028789378087616733
recurdyn,0.267,-0.001054416772040434,-0.0041876457609952,-0.0005922772644095057,0.0038515689775606987,0.0143313456958334,-0.0002869338327380027
recurdyn,0.2675,-0.0010565106677136171,-0.0041879377176381,-0.0005907527182999605,0.003858734615034304,0.0143312038153526,-0.0002859748555476047
recurdyn,0.268,-0.0010586047089767847,-0.0041882281173337,-0.0005892245307904718,0.003865900181757198,0.0143310626950245,-0.0002850149834809912
recurdyn,0.2685,-0.0010606988950552232,-0.0041885169709594,-0.0005876972514904906,0.0038730656781083006,0.0143309223307224,-0.0002840558717714883
recurdyn,0.269,-0.0010627932251775496,-0.0041888042893425,-0.000586176905104731,0.003880231104464893,0.0143307827183242,-0.000283099703971398
recurdyn,0.2695,-0.0010648876985795974,-0.0041890900832462,-0.0005846643674571354,0.003887396461201592,0.0143306438537185,-0.0002821468139904666
recurdyn,0.27,-0.001066982314501197,-0.004189374363363,-0.0005831600475809768,0.0038945617486914053,0.014330505732809,-0.0002811973659381821
recurdyn,0.2705,-0.001069077076465752,-0.0041896699716368,-0.0005816641211523635,0.003901726965794994,0.0143303638207298,-0.000280251437618974
recurdyn,0.271,-0.0010711719858311763,-0.0041899661318277,-0.0005795756461619138,0.003908892112137102,0.0143302219227649,-0.00027909707694758384
recurdyn,0.2715,-0.0010732670428743596,-0.0041902617643143,-0.0005579488097047859,0.003916057187724392,0.0143300804198692,-0.00027126548461911933
recurdyn,0.272,-0.0010753622473336222,-0.0041905563339748,-0.0005143424888475982,0.003923222192753706,0.014329939500685,-0.0002559328036476468
recurdyn,0.2725,-0.0010774575986791657,-0.0041908495783932,-0.00046628949292855317,0.003930387127516005,0.0143297992575365,-0.0002390891527571712
recurdyn,0.273,-0.0010795530962516287,-0.0041911413717147,-0.00038966366076666404,0.003937551992348298,0.0143296597345153,-0.0002130853814904468
recurdyn,0.2735,-0.0010816487393280338,-0.0041914316564497,-0.00028142485267142127,0.003944716787609603,0.0143295209515678,-0.00017698367219519726
recurdyn,0.274,-0.0010837445271567603,-0.0041917204093142,-0.00016615870191432385,0.003951881513668792,0.0143293829165619,-0.00013863601325247998
recurdyn,0.2745,-0.0010858404589741966,-0.0041920076241189,-1.138429666671553e-05,0.003959046170899094,0.0143292456313324,-8.776163806201693e-05
recurdyn,0.275,-0.0010879365340143998,-0.0041922933031988,0.0001862471410476357,0.003966210759674016,0.0143291090947091,-2.332858626664076e-05
recurdyn,0.2755,-0.0010900327515122044,-0.0041925774531205,0.0004304609805428852,0.003973375280367009,0.0143289733040357,5.6170929780935674e-05
recurdyn,0.276,-0.001092129110705553,-0.0041928600825327,0.0007221699314381965,0.003980539733349997,0.0143288382559308,0.00015107222831898883
recurdyn,0.2765,-0.0010942256066301947,-0.0041931285800636,0.0010347523568619856,0.003987704120477109,0.014328708398363,0.00025295066373832667
recurdyn,0.277,-0.0010963221045100502,-0.0041929977147611,0.001363833227809567,0.0039948684878930996,0.0143287151207515,0.0003604287322002078
recurdyn,0.2775,-0.0010984185376281541,-0.0041928014750069,0.0016958587825238577,0.004002032858474003,0.0143287443267923,0.0004688845659002606
recurdyn,0.278,-0.0011005148733620462,-0.0041925740829779,0.0020278557258096206,0.0040091972434384004,0.0143287843121858,0.0005773233192431213
recurdyn,0.2785,-0.0011026109101696102,-0.00419177468887,0.0023583470612143892,0.0040163617075615055,0.01432900740518,0.0006852509100145792
recurdyn,0.279,-0.0011047065492123531,-0.0041908803213292,0.002686605441962002,0.004023526282590395,0.0143292609634508,0.0007924241359194218
recurdyn,0.2795,-0.0011068017389840312,-0.0041899302717129,0.0030123168260095903,0.004030690985176499,0.0143295327293175,0.000898739068614638
recurdyn,0.28,-0.0011088962032982375,-0.0041882031711058,0.00333476829776672,0.0040378559029879135,0.0143300508483259,0.001003948055338438
recurdyn,0.2805,-0.001110989808097984,-0.0041863500855414,0.0036538192242191194,0.004045021078537714,0.01433060883789,0.0011080031976527596
recurdyn,0.281,-0.0011130822278877517,-0.004183654568867,0.0039700165190619885,0.004052186617156006,0.0143314403051742,0.0012110978993192642
recurdyn,0.2815,-0.0011151733064728164,-0.0041808159660373,0.0042828398967144025,0.004059352569347197,0.0143323179551152,0.0013130488438382788
recurdyn,0.282,-0.0011172628933782125,-0.0041776821306106,0.004573394959814411,0.004066518985528095,0.0143332963514574,0.0014074053414956061
recurdyn,0.2825,-0.0011193509208365926,-0.0041744954698945,0.0048392772598048455,0.0040736858884458105,0.014334292572473,0.001493356340509828
recurdyn,0.283,-0.0011214373624588436,-0.0041712974080405,0.005098048805009573,0.004080853287005692,0.0143352927616324,0.0015769020767763884
recurdyn,0.2835,-0.0011235222125234312,-0.0041681085718254,0.005325608799090487,0.004088021183198898,0.0143362900201235,0.001650402140085933
recurdyn,0.284,-0.0011256054756010325,-0.0041649391680535,0.005518940458219086,0.004095189575575114,0.0143372809350699,0.001712926733219264
recurdyn,0.2845,-0.0011276871613548067,-0.0041617941834292,0.005702651677762019,0.004102358460980393,0.0143382638399141,0.0017723354746145333
recurdyn,0.285,-0.0011297672816715787,-0.0041586751966577,0.005844283173495353,0.004109527835525012,0.0143392382284211,0.0018183550026859695
recurdyn,0.2855,-0.0011318458536423437,-0.0041555955964069,0.005944192947328645,0.004116697693508808,0.0143401994067825,0.0018512570714430052
recurdyn,0.286,-0.0011339228926183775,-0.0041525449562038,0.00599988447370004,0.004123868029856398,0.014341151059113,0.0018699668464286898
recurdyn,0.2865,-0.0011359984130210332,-0.0041495222325491,0.006007162568418981,0.004131038839824602,0.0143420935567392,0.0018729943510478399
recurdyn,0.287,-0.0011380724287526345,-0.0041465267922162,0.005991635721709502,0.0041382101188550124,0.0143430271232752,0.001868406893976271
recurdyn,0.2875,-0.0011401449533994246,-0.0041435582084524,0.005957386970238129,0.004145381862501213,0.0143439519080107,0.0018574789763333975
recurdyn,0.288,-0.001142216000334595,-0.0041406161588597,0.005917227115376201,0.004152554066390812,0.0143448680226838,0.0018445709803808694
recurdyn,0.2885,-0.0011442855827710208,-0.0041377003742199,0.0058739730325904444,0.004159726726207319,0.0143457755599066,0.001830622512623712
recurdyn,0.289,-0.0011463537137875734,-0.0041348106128471,0.005829642428657118,0.004166899837680316,0.014346674602401,0.0018163175340808785
recurdyn,0.2895,-0.001148420406342221,-0.0041319466477295,0.00578503997940949,0.004174073396580519,0.0143475652276274,0.001801926224342731
recurdyn,0.29,-0.0011504856732803548,-0.0041291082600796,0.005740528247685683,0.004181247398717197,0.0143484475101078,0.0017875693681570599
recurdyn,0.2905,-0.0011525495273385644,-0.0041262952360957,0.005696854156495277,0.0041884218399370066,0.014349321522592,0.001773506376342871
recurdyn,0.291,-0.0011546119553476064,-0.0041234299686576,0.0056535639361571825,0.004195596725197703,0.0143502145621242,0.0017595761018571107
recurdyn,0.2915,-0.00115667295705435,-0.0041205771118031,0.0056100331654095285,0.004202772054912818,0.014351103884715,0.0017455577078571256
recurdyn,0.292,-0.001158732538626417,-0.0041177430091644,0.005566775302919052,0.0042099478272367985,0.0143519872569464,0.0017316310979477326
recurdyn,0.2925,-0.001160790709396231,-0.0041149307373276,0.005523837727409513,0.0042171240392095966,0.0143528635943997,0.0017178126719285456
recurdyn,0.293,-0.0011628474802317657,-0.0041121417368025,0.005481861995276137,0.004224300687329902,0.0143537323880337,0.001704327878542752
recurdyn,0.2935,-0.0011649028669675765,-0.0041093893717096,0.005440957700647574,0.004231477766348912,0.0143545889366597,0.0016912152073762193
recurdyn,0.294,-0.001166956883604242,-0.0041066631744719,0.00540055625856194,0.004238655271661201,0.0143554369178613,0.0016782747390666976
recurdyn,0.2945,-0.0011690095431747816,-0.0041039620744052,0.005360578996376229,0.004245833199000404,0.0143562767055478,0.0016654788172285606
recurdyn,0.295,-0.0011710608581771975,-0.0041012854375099,0.0053209849769475836,0.004253011544286894,0.0143571085201474,0.0016528130597190092
recurdyn,0.2955,-0.0011731108407946333,-0.0040986328493756,0.00528175218323803,0.004260190303550709,0.0143579325049191,0.001640269739857203
recurdyn,0.296,-0.0011751595030023987,-0.0040960040064026,0.005239182535052358,0.004267369472893412,0.0143587487641877,0.0016265480188620259
recurdyn,0.2965,-0.0011772068609730013,-0.0040934117035488,0.005192671385742854,0.004274549046940912,0.0143595527998468,0.0016114351484095462
recurdyn,0.297,-0.00117925292855936,-0.0040908447887305,0.005145613924752419,0.0042817290211326076,0.0143603485278704,0.0015961253605952426
recurdyn,0.2975,-0.00118129771840636,-0.0040883019546735,0.005098474107504805,0.004288909391331697,0.0143611364052009,0.0015807818411046931
recurdyn,0.298,-0.0011833412425066303,-0.0040857824537195,0.00505148285450952,0.0042960901536286955,0.0143619166921955,0.001565485820833178
recurdyn,0.2985,-0.0011853835081440112,-0.0040832728116918,0.005005361126671424,0.004303271305769102,0.0143626941239484,0.0015504908145523696
recurdyn,0.299,-0.001187424524559555,-0.0040807836096742,0.004960262846528597,0.004310452844808493,0.0143634649779969,0.001535850979928641
recurdyn,0.2995,-0.001189464301930232,-0.004078315695963,0.004915654506538134,0.004317634767472905,0.0143642289538311,0.001521378784042851
recurdyn,0.3,-0.0011915028508555636,-0.0040758694056897,0.004871470770842886,0.004324817070338216,0.0143649859313591,0.001507051288723849
recurdyn,0.3005,-0.0011935401821031588,-0.0040734448176035,0.004827677443576229,0.004331999749920101,0.0143657358806302,0.0014928565013809262
recurdyn,0.301,-0.0011955763064800395,-0.0040710418827238,0.004784255942928549,0.004339182802719693,0.0143664788166066,0.0014787879175665623
recurdyn,0.3015,-0.0011976112347685808,-0.0040686604887934,0.00474181658179522,0.0043463662252450075,0.0143672147765057,0.0014650600084047077
recurdyn,0.302,-0.0011996449776956464,-0.0040663004925667,0.0047004529544999825,0.0043535500140229055,0.0143679438084501,0.0014517056956428913
recurdyn,0.3025,-0.0012016775459166018,-0.004063961735981,0.004659586996271379,0.004360734165604202,0.0143686659657838,0.0014385219040285843
recurdyn,0.303,-0.0012037089500084308,-0.0040616440542534,0.0046191359673666485,0.004367918676565996,0.0143693813042255,0.0014254795931666394
recurdyn,0.3035,-0.0012057392004656275,-0.004059347279932,0.004578437628661936,0.004375103543513392,0.0143700898804454,0.0014123459592000184
recurdyn,0.304,-0.0012077683076996415,-0.00405707124492,0.0045373690827857655,0.004382288763079695,0.0143707917513536,0.001399077814542896
recurdyn,0.3045,-0.0012097962820382113,-0.0040548157814844,0.004496489333671437,0.004389474331926407,0.0143714869737459,0.0013858717206666257
recurdyn,0.305,-0.0012118231337251428,-0.0040525807227554,0.004455869362514308,0.004396660246743317,0.0143721756041281,0.0013727526562380462
recurdyn,0.3055,-0.0012138488729219743,-0.004050365902972,0.004415543386128606,0.004403846504248493,0.0143728576986303,0.001359732675119151
recurdyn,0.306,-0.0012158735097067552,-0.0040481711575984,0.0043748746799524086,0.0044110331011879,0.0143735333129652,0.0013465887450238817
recurdyn,0.3065,-0.0012178970540760448,-0.0040459963233783,0.004333764819933316,0.0044182200343351186,0.0143742025024105,0.0013332864121190977
recurdyn,0.307,-0.0012199195159453557,-0.0040438412383554,0.00429281862823329,0.004425407300491513,0.0143748653218005,0.0013200375963143141
recurdyn,0.3075,-0.0012219409051490437,-0.0040417057418794,0.0042456569104475745,0.004432594896485398,0.0143755218255252,0.001304303045052315
recurdyn,0.308,-0.0012239612314419723,-0.0040395896746029,0.004190602682123784,0.004439782819172594,0.0143761720675307,0.001285443252266628
recurdyn,0.3085,-0.001225980504498847,-0.0040374928784754,0.00413353842426188,0.004446971065435401,0.0143768161013222,0.0012657981117572415
recurdyn,0.309,-0.0012279987339167686,-0.004035415196734,0.004075923403599994,0.0044541596321830135,0.0143774539799649,0.001245918356995258
recurdyn,0.3095,-0.0012300159292140123,-0.0040333564738935,0.004018258954695235,0.00446134851635091,0.0143780857560858,0.001225998914614242
recurdyn,0.31,-0.0012320320998318035,-0.0040313165557366,0.003960794609104711,0.0044685377149008,0.0143787114818762,0.0012061368664857937
recurdyn,0.3105,-0.0012340472551339854,-0.0040292952893033,0.0039036537359190284,0.004475727224820508,0.014379331209095,0.001186380277971466
recurdyn,0.311,-0.0012360614044092388,-0.0040272925228812,0.0038468964982666335,0.004482917043123397,0.0143799449890718,0.0011667526609762326
recurdyn,0.3115,-0.001238074561437208,-0.0040253218091671,0.0037905513998333297,0.004490107165248308,0.0143805480718105,0.001147265229923853
recurdyn,0.312,-0.001240086737613555,-0.0040233715011315,0.0037346310922809303,0.004497297587468613,0.0143811445359563,0.0011279230420142773
recurdyn,0.3125,-0.0012420979431021495,-0.0040214402890357,0.0036791402959999906,0.004504488306488197,0.0143817348385221,0.0011087280734808623
recurdyn,0.313,-0.0012441082326464237,-0.0040196631443926,0.0036210119930476146,0.004511679301261312,0.0143822652996579,0.0010884638854808735
recurdyn,0.3135,-0.0012461176424911624,-0.0040179399895172,0.0035571931775904325,0.004518870558278598,0.014382776278649,0.0010659451686476323
recurdyn,0.314,-0.001248126194785204,-0.0040162470377587,0.003490114487190462,0.004526062069506398,0.0143832766663688,0.0010421389664333532
recurdyn,0.3145,-0.0012501339045816184,-0.0040145770956177,0.0034255368777428457,0.004533253829666017,0.0143837692509271,0.0010191203098094668
recurdyn,0.315,-0.0012521407833447906,-0.0040129264927381,0.0033644525706571266,0.004540445834869705,0.0143842554513793,0.0009972501332809443
recurdyn,0.3155,-0.0012541468407075707,-0.0040112933247105,0.00330503682097138,0.00454763808193781,0.0143847360006909,0.0009759438165143511
recurdyn,0.316,-0.0012561520853523467,-0.0040096765725626,0.0032557782191238067,0.0045548305680565004,0.0143852112879049,0.0009582079686523349
recurdyn,0.3165,-0.001258156525454801,-0.0040080756615442,0.003217911061214295,0.004562023290605899,0.0143856815295711,0.0009444819241046787
recurdyn,0.317,-0.0012601601689019581,-0.004006490240036,0.003183372543919057,0.0045692162470742925,0.014386146855633,0.0009319229638189748
recurdyn,0.3175,-0.0012621630234076475,-0.0040049200687598,0.0031503746632667146,0.0045764094350145,0.0143866073524603,0.0009199030213476112
recurdyn,0.318,-0.0012641650965643514,-0.004003364965259,0.003124702003561947,0.004583602852022695,0.0143870630844085,0.0009107522366809647
recurdyn,0.3185,-0.0012661664173497789,-0.0040018891993693,0.0031077318801904547,0.0045907964872088924,0.0143874885502425,0.0009050047575571389
recurdyn,0.319,-0.00126816702171062,-0.0040004922969796,0.0030934299472666587,0.004597990327093293,0.014387884467152,0.0009002673293524074
recurdyn,0.3195,-0.0012701669309556074,-0.0039991233739988,0.0030802591477761937,0.004605184363899006,0.0143882705324302,0.0008959619183762699
recurdyn,0.32,-0.0012721661380445948,-0.0039977120221961,0.003067677482333307,0.004612378599744199,0.0143886707301265,0.0008918793288952287
recurdyn,0.3205,-0.0012741646429087483,-0.0039963075034502,0.003055413363057157,0.0046195730346128006,0.0143890687606344,0.000887914781761809
recurdyn,0.321,-0.0012761624440528196,-0.0039948985683493,0.003043330705600039,0.004626767669152598,0.0143894687504836,0.0008840158331761893
recurdyn,0.3215,-0.0012781594837347754,-0.0039933179012336,0.003031361328300027,0.004633962523937496,0.0143899298150249,0.0008801562206381318
recurdyn,0.322,-0.001280155737061639,-0.0039917202985292,0.0030194710705857128,0.004641157607987806,0.0143903973662636,0.0008763228072905315
recurdyn,0.3225,-0.0012821511955664056,-0.0039901221883471,0.0030076428176619495,0.0046483529245459065,0.0143908656237434,0.0008725090315809867
recurdyn,0.323,-0.001284145858979624,-0.0039885317338915,0.002995867994471459,0.0046555484739700115,0.0143913317141833,0.0008687116254809404
recurdyn,0.3235,-0.001286139731103031,-0.003986952957462,0.0029946403461952585,0.0046627442551850085,0.014391794220967,0.0008687722246856634
recurdyn,0.324,-0.0012881328177464235,-0.0039853878069638,0.003008173310933377,0.0046699402664091005,0.0143922524572486,0.000874288592580964
recurdyn,0.3245,-0.001290125125691599,-0.0039838371914195,0.003027131298776229,0.004677136505517709,0.0143927061016856,0.0008818557495095446
recurdyn,0.325,-0.001292116662172993,-0.0039823014998536,0.003044797129971453,0.004684332970225802,0.0143931550158962,0.0008890614649428096
recurdyn,0.3255,-0.0012941074346207726,-0.0039807808613732,0.003059698895185732,0.0046915296581793164,0.014393599152317,0.0008953756746142479
recurdyn,0.326,-0.0012960974505283884,-0.0039792752754512,0.00307342047719524,0.004698726567000516,0.0143940385101702,0.0009012980821570828
recurdyn,0.3265,-0.0012980867173899568,-0.0039777846770043,0.003077352115228516,0.004705923694311304,0.0143944731109223,0.0009037793572618723
recurdyn,0.327,-0.0013000752426669537,-0.0039763089692082,0.0030708508600904494,0.004713121037743906,0.0143949029871871,0.0009025872007000435
recurdyn,0.3275,-0.0013020630337725603,-0.0039748480398897,0.003062053410547629,0.004720318594947093,0.0143953281769701,0.0009005901423381466
recurdyn,0.328,-0.0013040500980644465,-0.0039734017697352,0.0030521288798618955,0.0047275163635883966,0.0143957487207864,0.0008981993737952635
recurdyn,0.3285,-0.0013060364428404414,-0.0039719700363997,0.003041663062309511,0.004734714341355611,0.0143961646602175,0.0008956209037714404
recurdyn,0.329,-0.0013080220233260276,-0.0039703966809585,0.0030309494537190673,0.004741912544341698,0.0143966311911519,0.0008929579173000201
recurdyn,0.3295,-0.0013100068212131832,-0.0039688131758608,0.0030172172163856984,0.004749110979299309,0.0143971018866868,0.000889237448057113
recurdyn,0.33,-0.0013119908314216389,-0.0039672327378433,0.0030000741280999626,0.004756309648313001,0.0143975720836351,0.0008843217649285016
recurdyn,0.3305,-0.0013139740554639623,-0.0039656619186222,0.0029822571345571474,0.00476350855114091,0.0143980394696854,0.0008791719605000195
recurdyn,0.331,-0.001315956498121218,-0.0039641039302252,0.0029641569563857175,0.004770707686386905,0.0143985029102424,0.0008739251753666739
recurdyn,0.3315,-0.0013179381657776323,-0.0039625603115532,0.00294596913034283,0.004777907052089109,0.0143989618606009,0.0008686499737903729
recurdyn,0.332,-0.001319919065584374,-0.0039610317636099,0.0029277913744428417,0.004785106646013615,0.0143994160714101,0.0008633805937427278
recurdyn,0.3325,-0.0013218992050427758,-0.003959518568091,0.002909672389004747,0.0047923064658021985,0.0143998654410931,0.0008581340625379852
recurdyn,0.333,-0.0013238785917943918,-0.0039580207971638,0.0028916363104285153,0.004799506509045703,0.014400309941903,0.0008529187831761762
recurdyn,0.3335,-0.0013258572335179686,-0.0039565384185977,0.002898915837742832,0.0048067067733210955,0.0144007495828734,0.0008560096932001047
recurdyn,0.334,-0.0013278351378751552,-0.0039550713484473,0.0029280364878857177,0.004813907256210004,0.0144011843912561,0.0008660751460381345
recurdyn,0.3345,-0.0013298123124867445,-0.0039536194774504,0.002954409815723797,0.004821107955307408,0.0144016144032228,0.0008750165318618809
recurdyn,0.335,-0.0013317887853437904,-0.0039522439593888,0.00298170316448566,0.004828308861053898,0.0144020181421206,0.0008842090183047819
recurdyn,0.3355,-0.0013337645740212345,-0.0039508931751942,0.003019845073966634,0.004835509967546919,0.0144024137325247,0.0008968077122334014
recurdyn,0.336,-0.0013357396908424413,-0.0039495617862069,0.003070153763680964,0.004842711270726802,0.014402803046859,0.0009132360956524197
recurdyn,0.3365,-0.0013377141454675723,-0.0039482470545334,0.0031226142733286003,0.004849912767468295,0.0144031870443109,0.0009303295619095952
recurdyn,0.337,-0.0013396879461914368,-0.0039469475461849,0.0031757857156190874,0.004857114455124101,0.0144035662262312,0.0009476340196857994
recurdyn,0.3375,-0.0013416611005931944,-0.0039456624811643,0.003239342258295231,0.004864316331297608,0.0144039408643468,0.000968412406014318
recurdyn,0.338,-0.0013436336158627604,-0.0039443914077645,0.0033182540671475593,0.004871518393727098,0.0144043111151237,0.0009942764470429108
recurdyn,0.3385,-0.0013456054989660071,-0.0039431340393414,0.003403254687452337,0.004878720640229317,0.0144046770770795,0.0010221084193381678
recurdyn,0.339,-0.0013475765801783668,-0.0039413605342009,0.0034894710917904356,0.0048859231265658,0.0144052125074816,0.0010503337105953324
recurdyn,0.3395,-0.0013495467797214333,-0.0039395174169117,0.003575720245961877,0.004893125878985299,0.0144057709219546,0.0010785642236571154
recurdyn,0.34,-0.0013515160628472245,-0.0039376498337774,0.003664333642419053,0.0049003289089595,0.0144063375030532,0.0011076322588617956
recurdyn,0.3405,-0.0013534844173267446,-0.0039357803134725,0.0037554897833666843,0.004907532220569805,0.0144069048566531,0.0011376071774999257
recurdyn,0.341,-0.0013554517680187672,-0.0039336975964397,0.003845577723066627,0.0049147358376594175,0.0144075396586243,0.0011672249479095192
recurdyn,0.3415,-0.001357418083257178,-0.0039315950233704,0.003934039353752361,0.004921939770249101,0.0144081806793122,0.0011962912294524333
recurdyn,0.342,-0.001359383353109589,-0.0039294943186681,0.0040213792051666955,0.0049291440214496995,0.0144088210123312,0.001224983164881029
recurdyn,0.3425,-0.0013613475784791662,-0.003927406256467,0.004107596696642878,0.004936348590928008,0.0144094572340932,0.0012533006848619841
recurdyn,0.343,-0.0013633106928984118,-0.0039251178878097,0.00419269793584766,0.004943553501067094,0.0144101609389363,0.0012812459024809627
recurdyn,0.3435,-0.0013652726437521912,-0.003922738142035,0.004276692305204792,0.004950758769196595,0.0144108942494477,0.0013088219987904231
recurdyn,0.344,-0.0013672334116118234,-0.00392035272529,0.004334369883114271,0.004957964401757109,0.0144116295521348,0.001327761809423696
recurdyn,0.3445,-0.0013691929936148206,-0.0039179781488274,0.004361792210028546,0.004965170399753915,0.0144123614299172,0.0013367764417619046
recurdyn,0.345,-0.0013711513951329968,-0.0039156225519051,0.004382398449833321,0.004972376761490593,0.0144130872132585,0.0013435557753429315
recurdyn,0.3455,-0.0013731086255983627,-0.0039132898784433,0.004399435985261914,0.004979583483939398,0.014413805609521,0.0013491658148428005
recurdyn,0.346,-0.0013750646964105773,-0.003910981970689,0.004403941526942842,0.004986790563427601,0.0144145160158518,0.0013507916254903915
recurdyn,0.3465,-0.0013770196253007905,-0.0039087158585277,0.004395085139485684,0.004993997994086119,0.014415212487438,0.0013481816766238402
recurdyn,0.347,-0.001378973427649588,-0.0039064781557838,0.004383130970633317,0.005001205770878814,0.0144158997195504,0.0013445882188857386
recurdyn,0.3475,-0.0013809261175927734,-0.003904267481626,0.004369649212909531,0.005008413889208807,0.0144165781974542,0.0013405107263952097
recurdyn,0.348,-0.0013828777085790334,-0.0039020830150937,0.004345034869290514,0.0050156223447214154,0.0144172482075059,0.0013327104517808813
recurdyn,0.3485,-0.001384828213646827,-0.0038999242171823,0.0043043567547191115,0.005022831133204203,0.0144179099359167,0.0013195892220522357
recurdyn,0.349,-0.0013867776455666059,-0.0038977906915143,0.0042569051226333575,0.005030040250537909,0.0144185635182611,0.0013042729670379924
recurdyn,0.3495,-0.0013887260169112015,-0.0038956821144826,0.004207569139328563,0.005037249692670498,0.0144192090642979,0.0012883418094142417
recurdyn,0.35,-0.0013906733400930182,-0.0038935982002194,0.004157544088547611,0.005044459455604916,0.0144198466704153,0.0012721879890143163
recurdyn,0.3505,-0.001392619627381242,-0.0038915386830232,0.004107426591928584,0.005051669535391601,0.0144204764258747,0.001256007269462025
recurdyn,0.351,-0.0013945648909136077,-0.0038895033085362,0.004057513198571426,0.005058879928125898,0.0144210984159433,0.0012398969276953646
recurdyn,0.3515,-0.0013965091427008414,-0.0038874918293102,0.004008723386361924,0.005066090629945119,0.0144217127234694,0.001224175700447596
recurdyn,0.352,-0.001398452394630767,-0.0038855040025707,0.003961251260095257,0.005073301637028099,0.0144223194296762,0.001208909961299975
recurdyn,0.3525,-0.0014003946584704163,-0.0038835395890845,0.003914414015866642,0.005080512945593918,0.0144229186145638,0.0011938598188523809
recurdyn,0.353,-0.0014023359458675833,-0.0038815983525795,0.003868126987557119,0.005087724551901596,0.0144235103571149,0.0011789952599523005
recurdyn,0.3535,-0.0014042762683531551,-0.0038796800594421,0.0038223453923428245,0.005094936452249205,0.014424094735402,0.0011643004427999888
recurdyn,0.354,-0.0014062156373412238,-0.0038777844785535,0.003777044464038064,0.005102148642974008,0.0144246718266451,0.0011497666370667318
recurdyn,0.3545,-0.0014081540641311951,-0.0038759113811962,0.0037322094938999997,0.0051093611204514056,0.0144252417072452,0.001135388685100108
recurdyn,0.355,-0.001410091559908011,-0.0038740605409953,0.003687830837985718,0.005116573881094794,0.0144258044528045,0.0011211632280619995
recurdyn,0.3555,-0.001412028135744814,-0.0038722317338777,0.0036439014142047497,0.005123786921355317,0.0144263601381405,0.0011070878166571216
recurdyn,0.356,-0.0014139638026031687,-0.0038704247380402,0.0036004154473428607,0.0051310002377212005,0.0144269088372977,0.0010931604653095796
recurdyn,0.3565,-0.0014158985713339511,-0.0038686393339221,0.0035573678397476144,0.005138213826717697,0.0144274506235567,0.0010793794286667285
recurdyn,0.357,-0.0014178324526790131,-0.003866875304181,0.003514753855642837,0.005145427684906306,0.0144279855694425,0.0010657430894475287
recurdyn,0.3575,-0.0014197654572719598,-0.0038651324336685,0.0034725689626571403,0.005152641808884806,0.0144285137467332,0.0010522499021523367
recurdyn,0.358,-0.0014216975956393707,-0.0038634105094081,0.003430808752161888,0.0051598561952865,0.0144290352264673,0.0010388983647952308
recurdyn,0.3585,-0.0014236288782020212,-0.0038617093205729,0.0033894688991047417,0.005167070840779997,0.0144295500789518,0.001025687004638089
recurdyn,0.359,-0.0014255593152755486,-0.0038600286584639,0.003348545141661877,0.005174285742069101,0.0144300583737696,0.00101261437098577
recurdyn,0.3595,-0.0014274889170724503,-0.0038583683164879,0.0033080332708285724,0.005181500895892005,0.0144305601797866,0.0009996790314667624
recurdyn,0.36,-0.001429417693701418,-0.0038567280901371,0.0032679291249952734,0.005188716299021401,0.0144310555651595,0.000986879570109556
recurdyn,0.3605,-0.0014313456551700021,-0.0038551077769672,0.0032282285870095413,0.0051959319482637045,0.014431544597343,0.00097421458634281
recurdyn,0.361,-0.0014332728113851667,-0.0038535071765771,0.003188927582495237,0.005203147840458805,0.0144320273430968,0.0009616826943617831
recurdyn,0.3615,-0.0014351991721536228,-0.0038519260905881,0.0031500220787999914,0.005210363972480009,0.0144325038684927,0.0009492825227569922
recurdyn,0.362,-0.0014371247471840487,-0.0038503643226236,0.003111508084276177,0.005217580341233319,0.014432974238922,0.000937012714290475
recurdyn,0.3625,-0.001439049546086979,-0.0038488216782888,0.0030733816477094963,0.005224796943657517,0.014433438519102,0.0009248719256714619
recurdyn,0.363,-0.0014409735783763589,-0.0038472979651506,0.0030356388578142842,0.005232013776723304,0.0144338967730832,0.0009128588273952349
recurdyn,0.3635,-0.0014428968534704323,-0.003845792992718,0.002998275842823824,0.005239230837433301,0.0144343490642562,0.0009009721035952671
recurdyn,0.364,-0.0014448193806924081,-0.0038443065724224,0.002961288770066665,0.005246448122821712,0.0144347954553581,0.0008892104518619501
recurdyn,0.3645,-0.0014467411692723475,-0.0038428385175983,0.0029246738455333413,0.005253665629953996,0.0144352360084797,0.0008775725831524216
recurdyn,0.365,-0.001448662228346831,-0.003841388643464,0.0028884273135238053,0.0052608833559265045,0.0144356707850714,0.0008660572216380539
recurdyn,0.3655,-0.0014505825669608452,-0.0038399567671026,0.002852545456238063,0.005268101297865896,0.0144360998459506,0.0008546631045332461
recurdyn,0.366,-0.001452502194067784,-0.0038385427074432,0.0028170245933809355,0.0052753194529295,0.0144365232513076,0.0008433889820047451
recurdyn,0.3665,-0.001454421118532001,-0.0038371462852423,0.002781861081809513,0.005282537818304317,0.0144369410607122,0.0008322336170237863
recurdyn,0.367,-0.0014563393491275889,-0.0038357673230652,0.002747051315142846,0.005289756391206907,0.0144373533331201,0.000821195785223814
recurdyn,0.3675,-0.0014582568945411545,-0.0038344056452681,0.0027125917234047457,0.005296975168883417,0.0144377601268792,0.0008102742747905181
recurdyn,0.368,-0.0014601737633718193,-0.0038330610779795,0.002678478772642844,0.005304194148608804,0.0144381614997356,0.000799467886333259
recurdyn,0.3685,-0.0014620899641317742,-0.003831733449083,0.0026447089645619207,0.0053114133276868924,0.0144385575088402,0.0007887754327333156
recurdyn,0.369,-0.001464005505247612,-0.0038304225881987,0.0026104523239428843,0.005318632703449899,0.0144389482107544,0.0007779085712238821
recurdyn,0.3695,-0.0014659203950619926,-0.0038291283266667,0.002575574568519053,0.005325852273258019,0.0144393336614561,0.000766820667714253
recurdyn,0.37,-0.0014678346418324217,-0.0038278504975289,0.002540838460538055,0.005333072034499509,0.0144397139163463,0.0007557767580523421
recurdyn,0.3705,-0.0014697482537345818,-0.0038265889355121,0.0025063464324523365,0.005340291984590101,0.0144400890302542,0.0007448124537048562
recurdyn,0.371,-0.0014716612388609995,-0.0038253434770112,0.002472148100047599,0.005347512120972814,0.0144404590574435,0.0007339450178144144
recurdyn,0.3715,-0.0014735736052230441,-0.0038241139600721,0.00243826662004762,0.005354732441117505,0.0144408240516184,0.0007231825220953189
recurdyn,0.372,-0.001475485360752038,-0.0038229002243751,0.0024047119027238175,0.005361952942521092,0.0144411840659286,0.0007125284367809401
recurdyn,0.3725,-0.00147739651329859,-0.0038217021112186,0.0023714872350476058,0.005369173622706613,0.0144415391529758,0.0007019839313761521
recurdyn,0.373,-0.0014793070706353717,-0.0038205194635023,0.0023385926006237825,0.0053763944792234175,0.0144418893648188,0.0006915490279047344
recurdyn,0.3735,-0.0014812170404560066,-0.0038193521257116,0.0023060263437904545,0.005383615509646611,0.0144422347529794,0.0006812231789094963
recurdyn,0.374,-0.0014831264303776237,-0.0038181999439012,0.002273786003619039,0.005390836711577196,0.0144425753684474,0.0006710055571476557
recurdyn,0.3745,-0.001485035253725786,-0.0038170801224364,0.0022418687318428547,0.005398058080631096,0.0144429052311626,0.0006608952007428773
recurdyn,0.375,-0.0014869435208088033,-0.0038159779016454,0.002210271502209511,0.005405279613471314,0.0144432294666972,0.0006508910858761633
recurdyn,0.3755,-0.0014888512403872234,-0.0038148916517456,0.0021789912152190495,0.005412501307297618,0.014443548638773,0.0006409921631762149
recurdyn,0.376,-0.0014907584204080226,-0.0038138204837395,0.002148024750523849,0.0054197231595909945,0.0144438630537768,0.0006311973759237908
recurdyn,0.3765,-0.0014926650683751985,-0.0038127638807053,0.002117368993004785,0.005426945167985114,0.0144441728888555,0.0006215056690808447
recurdyn,0.377,-0.0014945711915351767,-0.0038117215129592,0.002087020845680941,0.0054341673302018,0.0144444782561283,0.0006119159937951968
recurdyn,0.3775,-0.001496476796970403,-0.0038106931453911,0.0020569772360571285,0.005441389644018996,0.0144447792348764,0.0006024273096000023
recurdyn,0.378,-0.0014983818916456393,-0.0038096785910062,0.0020272351191190537,0.005448612107254003,0.0144450758876818,0.0005930385854332952
recurdyn,0.3785,-0.0015002864824331663,-0.0038086776876283,0.0019977914786952554,0.005455834717755098,0.014445368268519,0.0005837488001381598
recurdyn,0.379,-0.0015021905761247734,-0.0038076902862146,0.0019686433279952156,0.005463057473397814,0.0144456564268139,0.0005745569426380825
recurdyn,0.3795,-0.0015040941794367546,-0.0038067162449911,0.0019406142219713797,0.005470280372081804,0.0144459404094808,0.0005657491797855638
recurdyn,0.38,-0.0015059972990162374,-0.0038057554265056,0.001913832086971421,0.0054775034117305055,0.0144462202619453,0.0005573699918809352
recurdyn,0.3805,-0.001507899941441626,-0.0038048076961436,0.001887527868642885,0.005484726590289618,0.0144464960286605,0.0005491522112333058
recurdyn,0.381,-0.0015098021132236017,-0.0038038729213778,0.0018615929056571595,0.0054919499057271,0.0144467677533667,0.0005410581162618113
recurdyn,0.3815,-0.00151170382080823,-0.0038029509713845,0.001835971415971429,0.005499173356032699,0.0144470354792254,0.0005330683552046926
recurdyn,0.382,-0.0015136050705751858,-0.0038020417168457,0.0018106341385999954,0.005506396939217506,0.0144472992488872,0.0005251727890523179
recurdyn,0.3825,-0.0015155058688409717,-0.0038011450298422,0.0017855651203904724,0.0055136206533139,0.0144475591045295,0.0005173659013619346
recurdyn,0.383,-0.0015174062218575868,-0.0038002607837943,0.0017607550922714235,0.00552084449637541,0.0144478150878765,0.0005096444972715172
recurdyn,0.3835,-0.0015193061358139692,-0.0037993888534251,0.0017361981486904842,0.005528068466475994,0.0144480672402122,0.000502006550076251
recurdyn,0.384,-0.001521205616837995,-0.0037985291147362,0.0017118900829333338,0.005535292561710314,0.0144483156023889,0.0004944506230000201
recurdyn,0.3845,-0.0015231046709941465,-0.0037976814449887,0.0016878275524999811,0.005542516780193296,0.0144485602148333,0.00048697557927612236
recurdyn,0.385,-0.0015250033042871758,-0.0037968457226875,0.0016640076605999997,0.005549741120060209,0.0144488011175522,0.0004795804368332448
recurdyn,0.3855,-0.001526901522660773,-0.0037960218275679,0.001640427746223818,0.005556965579465806,0.0144490383501371,0.00047226429535715146
recurdyn,0.386,-0.001528799331998787,-0.0037952096405816,0.00161708527879998,0.005564190156585019,0.014449271951769,0.00046502629970001676
recurdyn,0.3865,-0.0015306967381260028,-0.0037944090438847,0.0015939778052380565,0.005571414849611794,0.0144495019612223,0.00045786562150951227
recurdyn,0.387,-0.001532593746808808,-0.0037936199208247,0.0015711029232809452,0.0055786396567596985,0.0144497284168693,0.0004507814499619757
recurdyn,0.3875,-0.001534490363754748,-0.0037928421559292,0.0015484582680190659,0.005585864576261201,0.0144499513566846,0.0004437729870857713
recurdyn,0.388,-0.0015363865946151911,-0.0037920756348929,0.001526041505004799,0.005593089606367813,0.0144501708182487,0.0004368394453665912
recurdyn,0.3885,-0.001538282444983552,-0.0037913202445667,0.0015038503266952472,0.0056003147453496105,0.0144503868387522,0.0004299800465142413
recurdyn,0.389,-0.0015401779203971788,-0.0037905758729453,0.0014818824505428204,0.005607539991495103,0.0144505994550002,0.0004231940207905014
recurdyn,0.3895,-0.001542073026338353,-0.003789842409156,0.0014601356179190599,0.005614765343111505,0.0144508087034157,0.0004164806066476787
recurdyn,0.39,-0.0015439677682331787,-0.0037891197434472,0.001438607593447658,0.005621990798523602,0.0144510146200438,0.00040983905049531345
recurdyn,0.3905,-0.001545862151453803,-0.0037884077671769,0.0014172961645999994,0.005629216356074496,0.0144512172405558,0.00040326860655713945
recurdyn,0.391,-0.001547756181318416,-0.0037877063728016,0.0013961991413428503,0.005636442014124915,0.0144514166002525,0.00039676853672855286
recurdyn,0.3915,-0.0015496498630910294,-0.003787015453865,0.001375314355847627,0.005643667771053018,0.0144516127340684,0.00039033811050479645
recurdyn,0.392,-0.001551543201983585,-0.0037863349049873,0.0013546396622428492,0.005650893625254616,0.0144518056765754,0.00038397660490000857
recurdyn,0.3925,-0.0015534362031551785,-0.003785664621854,0.0013341729363999825,0.005658119575142506,0.0144519954619864,0.00037768330433328245
recurdyn,0.393,-0.0015553288717128355,-0.0037850045012055,0.0013139120756857213,0.0056653456191465,0.0144521821241591,0.0003714575005714847
recurdyn,0.3935,-0.0015572212127121787,-0.0037843544408259,0.0012938549987428626,0.005672571755713396,0.0144523656965996,0.00036529849265718557
recurdyn,0.394,-0.0015591132311584266,-0.0037837143395329,0.0012739996452904659,0.005679797983306506,0.0144525462124659,0.0003592055868189955
recurdyn,0.3945,-0.0015610049320063935,-0.003783084097167,0.0012543439758904732,0.005687024300405713,0.0144527237045718,0.0003531780964047403
recurdyn,0.395,-0.0015628963201603785,-0.0037824636145816,0.0012348859717523958,0.005694250705507192,0.01445289820539,0.0003472153418142977
recurdyn,0.3955,-0.0015647874004763862,-0.0037818527936322,0.0012156236345190713,0.005701477197123411,0.0144530697470559,0.00034131665040485853
recurdyn,0.396,-0.001566678177760794,-0.0037812515371666,0.0011965549860476223,0.005708703773782603,0.0144532383613711,0.0003354813564333219
recurdyn,0.3965,-0.001568568656772018,-0.0037806597490147,0.0011776780682095115,0.005715930434028904,0.0144534040798063,0.0003297088009998749
recurdyn,0.397,-0.0015704588422201793,-0.0037800773339788,0.0011589909427047634,0.005723157176422217,0.0144535669335056,0.00032399833195714426
recurdyn,0.3975,-0.0015723487387689916,-0.0037795041978235,0.0011404916908476174,0.005730383999537708,0.0144537269532889,0.0003183493038428644
recurdyn,0.398,-0.0015742383510344293,-0.003778940247266,0.0011221784133714245,0.005737610901966117,0.014453884169656,0.00031276107781897354
recurdyn,0.3985,-0.0015761276835859483,-0.0037783853899667,0.0011040492302285543,0.005744837882313197,0.0144540386127893,0.0003072330215904933
recurdyn,0.399,-0.0015780167409481516,-0.0037778395345193,0.0010861022803999852,0.005752064939199719,0.0144541903125574,0.00030176450936196596
recurdyn,0.3995,-0.0015799055275990126,-0.0037773025904416,0.0010683357217000328,0.005759292071261413,0.0144543392985182,0.00029635492174762135
recurdyn,0.4,-0.001581794047971985,-0.003776774468166,0.0010507477305857296,0.005766519277148607,0.0144544855999222,0.00029100364570472116
recurdyn,0.4005,-0.0015836823064560024,-0.0037762550790304,0.0010333365019809446,0.005773746555526316,0.0144546292457154,0.000285710074490419
recurdyn,0.401,-0.0015855703073958116,-0.0037757443352688,0.0010161002490714896,0.005780973905073705,0.0144547702645427,0.0002804736075713352
recurdyn,0.4015,-0.0015874580550924167,-0.0037752421500027,0.0009990372031190655,0.005788201324484404,0.0144549086847507,0.0002752936505810089
recurdyn,0.402,-0.0015893455538036338,-0.0037747484372315,0.0009821456132904796,0.0057954288124661135,0.0144550445343912,0.00027016961524283813
recurdyn,0.4025,-0.001591232807744758,-0.003774263111824,0.0009654237464857406,0.005802656367740411,0.0144551778412237,0.000265100919304862
recurdyn,0.403,-0.0015931198210882291,-0.0037737860895095,0.0009488698871285958,0.005809883989042697,0.0144553086327188,0.00026008698649543626
recurdyn,0.4035,-0.0015950065979649652,-0.0037733172868692,0.0009324823370142939,0.005817111675122194,0.0144554369360609,0.0002551272464476961
recurdyn,0.404,-0.0015968931424643618,-0.0037728566213274,0.0009162594151381235,0.005824339424741393,0.0144555627781512,0.0002502211346381448
recurdyn,0.4045,-0.0015987794586344029,-0.003772404011143,0.00090019945749052,0.005831567236676299,0.0144556861856109,0.0002453680923287106
recurdyn,0.405,-0.0016006655504829936,-0.0037719593754012,0.000884300816904805,0.005838795109716299,0.0144558071847835,0.00024056756650964978
recurdyn,0.4055,-0.001602551421977183,-0.0037715226340051,0.0008685618628952637,0.005846023042663517,0.0144559258017381,0.00023581900983813515
recurdyn,0.406,-0.001604437077044385,-0.0037710937076671,0.0008529809814714311,0.005853251034333318,0.0144560420622721,0.00023112188058572683
recurdyn,0.4065,-0.0016063225195728226,-0.0037706725179012,0.0008375565749809688,0.0058604790835539156,0.0144561559919139,0.00022647564258110585
recurdyn,0.407,-0.001608207753411417,-0.0037702589870146,0.0008222870619524361,0.005867707189166016,0.0144562676159257,0.00022187976513360618
recurdyn,0.4075,-0.0016100927823702316,-0.0037698530380998,0.0008071708769095766,0.005874935350023203,0.0144563769593063,0.0002173337229905822
recurdyn,0.408,-0.0016119776102215821,-0.0037694545950263,0.0007922064702143004,0.005882163564991216,0.0144564840467936,0.00021283699629536827
recurdyn,0.4085,-0.0016138622406995928,-0.0037690635824335,0.0007773923079238145,0.005889391832948093,0.0144565889028677,0.00020838907051444808
recurdyn,0.409,-0.0016157466775006402,-0.0037686799257219,0.000762726871628594,0.005896620152784415,0.014456691551753,0.0002039894363857711
recurdyn,0.4095,-0.0016176309242847964,-0.0037683035510462,0.000748208658276226,0.0059038485234022,0.0144567920174211,0.00019963758985717223
recurdyn,0.41,-0.0016195149846743861,-0.0037679343853074,0.0007338361800238037,0.005911076943716093,0.0144568903235934,0.0001953330320428088
recurdyn,0.4105,-0.001621398862256429,-0.0037675723561452,0.0007196079640999828,0.0059183054126518975,0.0144569864937437,0.00019107526918103548
recurdyn,0.411,-0.0016232825605811962,-0.0037672173919304,0.0007055225526333313,0.005925533929147603,0.0144570805511005,0.00018686381256208118
recurdyn,0.4115,-0.0016251660831632098,-0.0037668694217579,0.0006924052694999691,0.00593276249215241,0.0144571725186499,0.00018298304394303075
recurdyn,0.412,-0.0016270494334823526,-0.003766528375439,0.0006803849527381022,0.005939991100627012,0.0144572624191377,0.00017947737104760466
recurdyn,0.4125,-0.0016289326149832029,-0.0037661941834942,0.0006686930772428424,0.005947219753543592,0.014457350275072,0.00017608201417143983
recurdyn,0.413,-0.0016308156310760324,-0.0037658667771462,0.0006572222906142677,0.005954448449885297,0.0144574361087257,0.00017276000156189278
recurdyn,0.4135,-0.0016326984851363635,-0.0037655460883128,0.0006459182022523755,0.005961677188646597,0.014457519942139,0.00016949260798570536
recurdyn,0.414,-0.0016345811805064114,-0.0037652320495995,0.0006347529763809421,0.005968905968832816,0.0144576017971215,0.0001662702566665955
recurdyn,0.4145,-0.0016364637204944188,-0.0037649245942929,0.0006237120945809501,0.005976134789459908,0.0144576816952547,0.00016308795867136014
recurdyn,0.415,-0.0016383461083759876,-0.0037646236563537,0.0006127877200238166,0.005983363649554901,0.0144577596578944,0.00015994302675714778
recurdyn,0.4155,-0.0016402283473931911,-0.00376432917041,0.0006019753709666496,0.005990592548155316,0.0144578357061729,0.0001568339293905398
recurdyn,0.416,-0.0016421104407562392,-0.0037640410717502,0.0005912722531809179,0.005997821484309107,0.0144579098610015,0.00015375971629066632
recurdyn,0.4165,-0.0016439923916428123,-0.0037637592963167,0.0005806764239761685,0.006005050457074695,0.0144579821430725,0.00015071973042390412
recurdyn,0.417,-0.0016458741974110236,-0.0037634664185921,0.0006224390655142802,0.006012279467514897,0.0144580585550363,0.00016556276104751078
recurdyn,0.4175,-0.001647755858334432,-0.0037631770023162,0.0007246537336714183,0.0060195085156874995,0.0144581340775953,0.00020105694878081422
recurdyn,0.418,-0.001649637376131774,-0.0037628924681761,0.0008394902923952254,0.006026737601151716,0.0144582082199343,0.0002408698574905528
recurdyn,0.4185,-0.0016515187532299969,-0.0037626134968471,0.0009603423667285842,0.006033966723221901,0.0144582807461984,0.00028274615204283905
recurdyn,0.419,-0.0016533999923952214,-0.0037623403983654,0.0010830842464809535,0.006041195881094613,0.0144583515482306,0.0003252751620237521
recurdyn,0.4195,-0.0016552810965495546,-0.003762073297286,0.0012059328514190063,0.0060484250739128165,0.0144584205817801,0.00036784778789059454
recurdyn,0.42,-0.0016571620686761657,-0.0037618122254959,0.001328004366399978,0.006055654300797103,0.0144584878345261,0.0004101620934715555
recurdyn,0.4205,-0.0016590429117744332,-0.0037615571687372,0.001448865831504778,0.006062883560861793,0.0144585533100503,0.00045207013724779
recurdyn,0.421,-0.0016609236288374074,-0.0037613080899251,0.0015683102653000162,0.006070112853223397,0.014458617019804,0.00049350116098574
recurdyn,0.4215,-0.0016628042228385986,-0.0037610649408337,0.0016862438903142958,0.0060773421770035085,0.0144586789790823,0.0005344230704952427
recurdyn,0.422,-0.0016646846967284246,-0.0037608276679511,0.001801802810933313,0.006084571531331906,0.014458739205007,0.0005745382538571894
recurdyn,0.4225,-0.0016665646876612428,-0.00375949890887,0.0019148479198904521,0.0060918010402916944,0.0144591725507626,0.0006137987395047974
recurdyn,0.423,-0.001668444019946036,-0.0037580059216561,0.002026151553828586,0.006099030764058017,0.0144596623393715,0.0006524705525047617
recurdyn,0.4235,-0.0016703226059552323,-0.003756425742844,0.00213583182660478,0.006106260732750696,0.0144601823114335,0.0006905942838999902
recurdyn,0.424,-0.0016722004079360309,-0.0037548199329137,0.002243957265476215,0.006113490959451101,0.0144607114086241,0.0007281934313095714
recurdyn,0.4245,-0.0016740774130747926,-0.0037532134358225,0.0023458786217666855,0.006120721448720917,0.0144612411090389,0.000763874927771487
recurdyn,0.425,-0.0016759536209938197,-0.0037516186181901,0.0024408901440571497,0.006127952200873116,0.014461767186883,0.0007974309542380944
recurdyn,0.4255,-0.0016778290374803717,-0.0037500415407621,0.00253337415025238,0.0061351832141139095,0.014462287570229,0.0008301805032427892
recurdyn,0.426,-0.0016797036713436242,-0.00374848510354,0.0026239545928904797,0.006142414485616393,0.0144628012667205,0.0008623124341713524
recurdyn,0.4265,-0.0016815775328391513,-0.0037469506230489,0.0027129524345619223,0.006149646012058918,0.0144633078248346,0.0008939242079332219
recurdyn,0.427,-0.0016834506328787802,-0.0037454386233214,0.002800536585485725,0.006156877789894294,0.0144638070637198,0.0009250673983570342
recurdyn,0.4275,-0.0016853229826362393,-0.0037439492325578,0.002834546908585745,0.006164109815485319,0.01446429893772,0.000937921227485647
recurdyn,0.428,-0.001687194593349206,-0.0037424823820328,0.0028069427245428756,0.00617134208517181,0.0144647834684412,0.000929734043319049
recurdyn,0.4285,-0.0016890654762223845,-0.0037410379058291,0.0027655878125333374,0.006178574595304215,0.014465260710691,0.0009168489588904583
recurdyn,0.429,-0.0016909356423769895,-0.0037396155908354,0.002708101435766671,0.006185807342260097,0.0144657307354036,0.0008988838307286377
recurdyn,0.4295,-0.001692805102829209,-0.0037382152018021,0.002637216567233353,0.006193040322452492,0.0144661936210829,0.0008768458155619742
recurdyn,0.43,-0.0016946739013273815,-0.0037369350427922,0.002563103823066692,0.006200273522477401,0.014466619882411,0.0008538124827189906
recurdyn,0.4305,-0.0016965420647560014,-0.0037356917869645,0.0024878201863238005,0.006207506934013701,0.0144670345839342,0.0008304322599428477
recurdyn,0.431,-0.0016984096114820435,-0.0037344767501133,0.0024123922121190326,0.006214740551309494,0.0144674403512103,0.0008070286839903808
recurdyn,0.4315,-0.001700276555544833,-0.0037332854620983,0.002337329737195222,0.006221974369921418,0.0144678385397616,0.0007837623441236899
recurdyn,0.432,-0.0017021429087548112,-0.0037321155675347,0.002262883512404768,0.006229208386081098,0.0144682298674913,0.0007607121136333191
recurdyn,0.4325,-0.0017040086817492472,-0.0037309657729549,0.002189174408704787,0.0062364425963784,0.0144686147319635,0.000737915895761887
recurdyn,0.433,-0.0017058738845203703,-0.0037298353187859,0.0021162582152809734,0.0062436769976007,0.0144689933695833,0.0007153910618762149
recurdyn,0.4335,-0.0017077385266821565,-0.0037287237145248,0.0020441581361714256,0.006250911586653307,0.0144693659354605,0.0006931447031049183
recurdyn,0.434,-0.0017096026176047774,-0.0037276306059121,0.001972881087223805,0.006258146360518607,0.0144697325434812,0.0006711787724000828
recurdyn,0.4345,-0.0017114662295587557,-0.0037267449396945,0.001902425868638086,0.006265381297719419,0.0144700377370217,0.000649492663642871
recurdyn,0.435,-0.0017133294025040158,-0.0037259068811298,0.0018374800679666532,0.006272616386300611,0.0144703285427681,0.000629492462576275
recurdyn,0.4355,-0.0017151921601498143,-0.0037250999925984,0.001778773181995237,0.006279851619099414,0.0144706098152909,0.000611394037209646
recurdyn,0.436,-0.0017170545180124064,-0.003724315942441,0.0017219392617714383,0.006287086991372093,0.0144708840192799,0.0005938839322714969
recurdyn,0.4365,-0.0017189164874551466,-0.0037235504654066,0.0016663669660952657,0.006294322499603017,0.0144711524200334,0.0005767775464380554
recurdyn,0.437,-0.0017207780777152015,-0.0037228013367012,0.0016117460009476478,0.00630155814090691,0.0144714156807483,0.0005599810157761453
recurdyn,0.4375,-0.001722639296920403,-0.0037220673559086,0.0015579170924952454,0.0063087939127288994,0.0144716741621924,0.0005434460124952354
recurdyn,0.438,-0.0017245001526011716,-0.0037213478373878,0.0015047967468428322,0.006316029812693996,0.0144719280730584,0.0005271470679429532
recurdyn,0.4385,-0.0017263606519464236,-0.0037206423546819,0.0014523395158999957,0.006323265838530795,0.0144721775454022,0.0005110701957286711
recurdyn,0.439,-0.0017282208019323564,-0.0037199506123204,0.0014005190729190539,0.006330501988033893,0.0144724226724952,0.0004952071839666146
recurdyn,0.4395,-0.0017300806093879517,-0.0037192723815124,0.0013583297399523818,0.006337738259044212,0.0144726635278198,0.00048219794087609033
recurdyn,0.44,-0.0017319400810291707,-0.0037186074678837,0.0013271713620904475,0.0063449746494392,0.0144729001746032,0.0004724483755095001
recurdyn,0.4405,-0.00173379922347483,-0.0037179556952833,0.0012986634114333121,0.006352211157127696,0.0144731326706048,0.00046349238000475436
recurdyn,0.441,-0.0017356580432558166,-0.0037173168976515,0.0012716396300762071,0.006359447780047406,0.0144733610705218,0.00045498579187608357
recurdyn,0.4415,-0.001737516546821194,-0.0037166909149291,0.0012455132364571472,0.0063666845161630126,0.0144735854272004,0.0004467553126713277
recurdyn,0.442,-0.0017393747405399784,-0.0037160775909945,0.0012199880939523801,0.006373921363465596,0.0144738057922467,0.0004387133762999812
recurdyn,0.4425,-0.001741232630703582,-0.0037154767726186,0.001194913854247621,0.006381158319971908,0.0144740222163375,0.0004308154372189169
recurdyn,0.443,-0.0017430902235280321,-0.0037148883089286,0.001170213307780951,0.006388395383723794,0.0144742347493797,0.0004230385412427886
recurdyn,0.4435,-0.0017449475251531954,-0.0037143120511285,0.0011458459478095211,0.006395632552787994,0.0144744434405939,0.0004153705741714137
recurdyn,0.444,-0.0017468045416455524,-0.0037137478523483,0.0011217896966095346,0.006402869825255619,0.0144746483385602,0.0004078048676236433
recurdyn,0.4445,-0.0017486612789987532,-0.0037131955675573,0.0010980317404428572,0.006410107199241899,0.0144748494912448,0.00040033749260469706
recurdyn,0.445,-0.0017505177431343943,-0.0037126550535103,0.0010745639327809577,0.006417344672885905,0.0144750469460165,0.00039296590158100473
recurdyn,0.4455,-0.001752373939902574,-0.0037121261687101,0.001051380488638118,0.006424582244350496,0.014475240749659,0.00038568824710474186
recurdyn,0.446,-0.0017542298750832241,-0.003711608773378,0.001028476827990465,0.0064318199118215125,0.0144754309483801,0.00037850303989990443
recurdyn,0.4465,-0.001756085554386444,-0.0037111027294298,0.001005848995461866,0.006439057673507803,0.0144756175878201,0.00037140897720465746
recurdyn,0.447,-0.0017579409834543869,-0.0037106079004522,0.0009834933690142443,0.006446295527640894,0.0144758007130593,0.0003644048565809788
recurdyn,0.4475,-0.0017597961678608165,-0.0037101241516826,0.0009614065136428326,0.006453533472474793,0.0144759803686247,0.00035748953259532153
recurdyn,0.448,-0.0017616511131132162,-0.003709651349988,0.0009395851077523778,0.006460771506285601,0.0144761565984976,0.00035066189498575033
recurdyn,0.4485,-0.0017635058246515678,-0.003709189363845,0.0009180259059571423,0.006468009627371207,0.0144763294461193,0.0003439208576523356
recurdyn,0.449,-0.0017653603078523483,-0.0037087380633207,0.0008967257202190382,0.0064752478340513175,0.0144764989543989,0.00033726535304750324
recurdyn,0.4495,-0.0017672145680259765,-0.0037082973200528,0.0008756814101761693,0.006482486124666509,0.0144766651657186,0.0003306943292667003
recurdyn,0.45,-0.0017690686104195885,-0.0037078670072307,0.0008548898780237927,0.006489724497578897,0.0144768281219411,0.0003242067485191212
recurdyn,0.4505,-0.0017709224402171486,-0.003707446999577,0.0008343480657428641,0.006496962951171192,0.0144769878644151,0.00031780158629527274
recurdyn,0.451,-0.0017727760625410038,-0.0037070371733286,0.0008140529534809519,0.006504201483846617,0.0144771444339821,0.000311477830876277
recurdyn,0.4515,-0.0017746294824509956,-0.0037066374062184,0.0007940015585142737,0.006511440094028709,0.0144772978709824,0.0003052344829953482
recurdyn,0.452,-0.0017764827049467913,-0.0037062475774575,0.0007741909345190521,0.006518678780161213,0.0144774482152611,0.0002990705556000995
recurdyn,0.4525,-0.0017783357349679951,-0.0037058675677168,0.0007546181709904763,0.0065259175407074155,0.0144775955061742,0.00029298507367626046
recurdyn,0.453,-0.0017801885773948145,-0.0037054972591098,0.000735280392733311,0.006533156374150306,0.0144777397825945,0.00028697707406200566
recurdyn,0.4535,-0.001782041237048615,-0.0037051365351746,0.0007161747593904639,0.006540395278992306,0.0144778810829174,0.00028104560530956794
recurdyn,0.454,-0.0017838937186935855,-0.0037047852808574,0.0006972984650095331,0.006547634253754597,0.0144780194450669,0.0002751897275285808
recurdyn,0.4545,-0.0017857460270359615,-0.0037044433824948,0.0006786487376237993,0.006554873296977598,0.0144781549065012,0.00026940851224286987
recurdyn,0.455,-0.0017875981667260232,-0.0037041107277971,0.0006602228388190261,0.0065621124072200165,0.0144782875042184,0.0002637010422523205
recurdyn,0.4555,-0.0017894501423582065,-0.003703787205832,0.0006420180633285575,0.006569351583059019,0.0144784172747618,0.0002580664114951672
recurdyn,0.456,-0.0017913019584712142,-0.0037034727070078,0.0006240317386523731,0.006576590823090117,0.0144785442542259,0.00025250372492381857
recurdyn,0.4565,-0.0017931536195497921,-0.0037031671230572,0.0006062612246333432,0.006583830125926504,0.0144786684782616,0.00024701209834760666
recurdyn,0.457,-0.0017950051300251735,-0.0037028703470218,0.0005887039130714411,0.006591069490199414,0.0144787899820815,0.00024159065830954232
recurdyn,0.4575,-0.0017968564942744125,-0.0037025822732353,0.0005713572273428639,0.006598308914557205,0.0144789088004655,0.00023623854196196974
recurdyn,0.458,-0.0017987077166236043,-0.0037023027973087,0.0005542186220190452,0.006605548397665695,0.0144790249677657,0.00023095489694763537
recurdyn,0.4585,-0.00180055880134522,-0.0037020318161145,0.0005372855824761743,0.006612787938207798,0.0144791385179119,0.0002257388812523348
recurdyn,0.459,-0.001802409752661549,-0.0037017692277713,0.000520555624523789,0.006620027534883305,0.0144792494844165,0.00022058966307616923
recurdyn,0.4595,-0.0018042605747443652,-0.0037015149316292,0.0005040262940523817,0.006627267186408603,0.0144793579003798,0.0002155064207333928
recurdyn,0.46,-0.0018061112717148164,-0.0037012688282542,0.000487695166647653,0.006634506891516595,0.0144794637984948,0.00021048834250480568
recurdyn,0.4605,-0.0018079618476447568,-0.0037010308194141,0.00047155984724763417,0.006641746648956198,0.0144795672110522,0.00020553462653810905
recurdyn,0.461,-0.0018098123065571903,-0.0037008008080637,0.0004556179697809653,0.006648986457492817,0.0144796681699454,0.0002006444807189922
recurdyn,0.4615,-0.0018116626524276036,-0.0037005786983302,0.0004398671968000351,0.006656226315907204,0.0144797667066752,0.00019581712254281212
recurdyn,0.462,-0.0018135128891827446,-0.0037003643954995,0.0004243052191714302,0.006663466222996101,0.0144798628523546,0.00019105177901427136
recurdyn,0.4625,-0.0018153630207031757,-0.0037001578060019,0.00040892975570476037,0.006670706177571595,0.0144799566377134,0.00018634768651436064
recurdyn,0.463,-0.001817213050822608,-0.0036999588373982,0.0003937385528000101,0.006677946178461208,0.0144800480931031,0.00018170409070485843
recurdyn,0.4635,-0.0018190629833283456,-0.003699767398366,0.0003787293841571673,0.0066851862245072,0.0144801372485015,0.00017712024640948427
recurdyn,0.464,-0.001820912821963172,-0.0036995833986864,0.0003639000504047746,0.006692426314567096,0.0144802241335167,0.00017259541750004273
recurdyn,0.4645,-0.0018227625704247963,-0.0036994067492306,0.0003492483787999997,0.006699666447512798,0.0144803087773922,0.0001681288767809602
recurdyn,0.465,-0.00182461223236563,-0.0036992373619465,0.00033477222289525157,0.006706906622231001,0.0144803912090113,0.00016371990588583327
recurdyn,0.4655,-0.0018264618113960074,-0.0036990751498458,0.0003204694622143334,0.006714146837622809,0.0144804714569009,0.00015936779518108257
recurdyn,0.466,-0.0018283113110819649,-0.0036989200269911,0.00030633800195716584,0.006721387092603115,0.0144805495492366,0.00015507184363813952
recurdyn,0.4665,-0.0018301607349465732,-0.0036987719084833,0.0002923757726618982,0.00672862738610111,0.0144806255138462,0.00015083135874758926
recurdyn,0.467,-0.0018320100864716027,-0.0036986307104489,0.0002785807299142843,0.006735867717059918,0.0144806993782147,0.00014664565640954392
recurdyn,0.4675,-0.0018338593690967464,-0.0036984963500275,0.00026495085404760435,0.006743108084436011,0.0144807711694877,0.0001425140608286685
recurdyn,0.468,-0.001835708586220175,-0.0036983687453598,0.0002514841498428421,0.006750348487199492,0.0144808409144761,0.00013843590441901875
recurdyn,0.4685,-0.00183755774119998,-0.0036982478155754,0.00023817864620951078,0.006757588924333896,0.0144809086396599,0.00013441052768088064
recurdyn,0.469,-0.0018394068373531747,-0.0036981334807805,0.00021581344827618985,0.006764829394835692,0.0144809743711923,0.00012671837037628176
recurdyn,0.4695,-0.0018412558779583588,-0.0036980256620468,0.0001829586807047891,0.0067720698977147,0.0144810381349036,0.00011477771008582325
recurdyn,0.47,-0.0018431048662539418,-0.0036979242813989,0.00014819585025713895,0.0067793104319931186,0.0144810999563051,0.00010204429224754581
recurdyn,0.4705,-0.0018449538054398085,-0.0036978292618037,0.00011271198806664781,0.006786550996706109,0.0144811598605931,8.89954269760991e-05
recurdyn,0.471,-0.00184680269867743,-0.0036977405271581,7.709965367143026e-05,0.006793791590901294,0.0144812178726527,7.586946197140911e-05
recurdyn,0.4715,-0.0018486515490907518,-0.0036976580022786,4.165325139046264e-05,0.0068010322136387025,0.0144812740170613,6.278493403805945e-05
recurdyn,0.472,-0.001850500359766194,-0.0036975816128894,6.517663685687952e-06,0.006808272863990605,0.014481328318093,4.9800314785657174e-05
recurdyn,0.4725,-0.001852349133753206,-0.0036975112856121,-2.823719403810543e-05,0.006815513541041096,0.0144813807997214,3.694396858570992e-05
recurdyn,0.473,-0.0018541978740648224,-0.0036974469479543,-6.257897677145305e-05,0.0068227542438865085,0.014481431485624,2.4229174185631476e-05
recurdyn,0.4735,-0.001856046583677995,-0.0036973885282991,-9.649415194286821e-05,0.006829994971634695,0.0144814803991853,1.1661656752217536e-05
recurdyn,0.474,-0.0018578952655343706,-0.0036973359558947,-0.00012997859078097326,0.006837235723405194,0.0144815275635006,-7.566354619250487e-07
recurdyn,0.4745,-0.0018597439870727817,-0.0036974827587439,-0.00016303284923813166,0.006844476472296801,0.0144814949042955,-1.3025637542880764e-05
recurdyn,0.475,-0.0018615927826713952,-0.0036976652568783,-0.0001956598013000278,0.0068517172047068975,0.0144814483385252,-2.514621857145693e-05
recurdyn,0.4755,-0.0018634416701179823,-0.0036978667414434,-0.00022786345222382463,0.006858957913702918,0.0144813945780155,-3.711970572390604e-05
recurdyn,0.476,-0.0018652906588731977,-0.0036980788185995,-0.0002596483436143287,0.006866198595698897,0.0144813369918632,-4.894764577622639e-05
recurdyn,0.4765,-0.001867139754213154,-0.0036982972655103,-0.00029101925539051906,0.006873439248788499,0.0144812772729757,-6.063168563815883e-05
recurdyn,0.477,-0.0018689889593104247,-0.0036985199516849,-0.00032198105665715547,0.006880679871909601,0.0144812162737219,-7.217351259527387e-05
recurdyn,0.4775,-0.0018708382762752107,-0.0036987457963099,-0.0003525386312666713,0.006887920464425018,0.0144811544249495,-8.357482445230433e-05
recurdyn,0.478,-0.0018726877066783665,-0.0036989742452413,-0.0003826968408428476,0.0068951610259121165,0.0144810919460932,-9.483731470471044e-05
recurdyn,0.4785,-0.0018745372518156334,-0.0036992050086582,-0.0004124605065904529,0.006902401556058008,0.0144810289505285,-0.00010596266521425317
recurdyn,0.479,-0.0018763869128379795,-0.0036994379294678,-0.00044183440049997254,0.006909642054606119,0.0144809654983993,-0.00011695254265712644
recurdyn,0.4795,-0.0018782366908177694,-0.0036996729172945,-0.0004616042936809384,0.006916882521329909,0.0144809016231082,-0.00012408968812384016
recurdyn,0.48,-0.0018800865867828476,-0.0036999099153668,-0.0004703468982476216,0.006924122956019296,0.0144808373445993,-0.00012679465506194005
recurdyn,0.4805,-0.0018819366017324146,-0.0037001488839062,-0.00047665022968094,0.006931363358474496,0.0144807726760194,-0.0001285254392094767
recurdyn,0.481,-0.0018837867366462424,-0.0037003897917931,-0.0004817077494619005,0.006938603728501913,0.0144807076270586,-0.00012976157546670412
recurdyn,0.4815,-0.0018856369924884486,-0.0037006326123846,-0.00048611836974286166,0.006945844065912893,0.0144806422056259,-0.0001307436110382114
recurdyn,0.482,-0.0018874873702096062,-0.0037008773214153,-0.0004901827705142956,0.006953084370522805,0.0144805764186897,-0.00013159225722383266
recurdyn,0.4825,-0.0018893378707484088,-0.0037011238959425,-0.0004940520338142994,0.006960324642150295,0.0144805102727001,-0.00013236813540475265
recurdyn,0.483,-0.0018911884950327806,-0.0037013723138156,-0.0004978021994047463,0.006967564880617394,0.0144804437738008,-0.00013310173530946994
recurdyn,0.4835,-0.0018930392439787669,-0.0037016225534085,-0.0005054221183047325,0.006974805085749103,0.0144803769279358,-0.00013554393132847188
recurdyn,0.484,-0.0018948901184919764,-0.0037018745934833,-0.0005175448660809366,0.006982045257373309,0.014480309740904,-0.0001399762597427769
recurdyn,0.4845,-0.001896741119467249,-0.003702128413121,-0.000533948789257129,0.006989285395320816,0.0144802422183861,-0.00014596969069041998
recurdyn,0.485,-0.0018985922477895434,-0.0037023839916849,-0.0005546638069999883,0.00699652549942531,0.0144801743659594,-0.00015348631600472137
recurdyn,0.4855,-0.0019004435043333823,-0.0037026413088005,-0.0005762314860761963,0.0070037655695232015,0.014480106189105,-0.0001613203595094637
recurdyn,0.486,-0.0019022948899627412,-0.0037029003443445,-0.0005980825350523937,0.0070110056054535075,0.0144800376932123,-0.00016926524604758222
recurdyn,0.4865,-0.0019041464055320478,-0.0037031610784371,-0.0006199331648380887,0.0070182456070582155,0.0144799688835816,-0.00017721795625240993
recurdyn,0.487,-0.0019059980518856268,-0.0037034234914373,-0.0006416427699999954,0.007025485574181506,0.0144798997654255,-0.00018512739627623325
recurdyn,0.4875,-0.0019078498298580326,-0.0037036875639387,-0.0006631425433904729,0.007032725506670612,0.0144798303438704,-0.00019296850532853006
recurdyn,0.488,-0.0019097017402743832,-0.0037039532767662,-0.0006843996702237966,0.007039965404375015,0.0144797606239575,-0.00020072927073806163
recurdyn,0.4885,-0.0019115537839503594,-0.0037042206109725,-0.0006948676378237923,0.0070472052671466945,0.0144796906106437,-0.0002052449940239041
recurdyn,0.489,-0.001913405989344641,-0.0037045725074114,-0.0006946666257285694,0.007054445082691707,0.0144795838634201,-0.0002066302032524955
recurdyn,0.4895,-0.0019152583707672255,-0.0037049388729023,-0.0006938757338619261,0.007061684844901411,0.0144794710840531,-0.00020792694799049677
recurdyn,0.49,-0.0019171109595408353,-0.0037053848984344,-0.0006922208865190645,0.0070689245425291924,0.0144793306739499,-0.00020898722549041117
recurdyn,0.4905,-0.001918963771090021,-0.0037058458741739,-0.0006901570574904788,0.007076164170098903,0.0144791850811215,-0.00020993915159998942
recurdyn,0.491,-0.0019208168128683756,-0.0037063137863067,-0.0006879120880999871,0.007083403725026111,0.0144790372119475,-0.00021084689695239858
recurdyn,0.4915,-0.0019226700883355763,-0.0037067846226287,-0.000685599891876189,0.007090643206175501,0.0144788885209635,-0.00021174253705712518
recurdyn,0.492,-0.0019245235989505671,-0.0037072563780106,-0.0006832772397904792,0.007097882613136902,0.0144787397346397,-0.0002126420391999908
recurdyn,0.4925,-0.0019263773451736466,-0.0037077280539593,-0.0006845604867618723,0.007105121945862103,0.0144785912143541,-0.00021477758553802216
recurdyn,0.493,-0.001928231326966845,-0.0037081991568097,-0.000680488217028533,0.007112361204483303,0.0144784431384238,-0.00021552507341423185
recurdyn,0.4935,-0.0019300855440466114,-0.0037086694460231,-0.0006662563877380903,0.007119600389221492,0.0144782955933916,-0.00021331626596194603
recurdyn,0.494,-0.0019319399222870182,-0.0037089176415953,-0.0006463363772381045,0.007126839522455408,0.0144782149634705,-0.0002088895072381276
recurdyn,0.4945,-0.0019337944375353855,-0.0037091675044368,-0.0006211152176476276,0.007134078611023692,0.014478132471101,-0.00020225774517621109
recurdyn,0.495,-0.0019356490782489466,-0.0037094068925786,-0.0005911591156190802,0.007141317658220597,0.0144780530222813,-0.0001939498349141644
recurdyn,0.4955,-0.0019375038392037691,-0.0037096421508442,-0.0005753670078200157,0.007148556665562994,0.0144779748303289,-0.000189347180079924
recurdyn,0.496,-0.0019393587183379468,-0.0037098764478485,-0.0005567606465315867,0.007155795633678019,0.0144778970025519,-0.00018386745258939415
recurdyn,0.4965,-0.0019412137151691988,-0.0037101113591466,-0.0005355391016277849,0.007163034562748,0.0144778190949294,-0.00017760674673322145
recurdyn,0.497,-0.00194306882999995,-0.0037103476613644,-0.0005115948309058972,0.007170273452734105,0.0144777408885863,-0.0001705555372586954
recurdyn,0.4975,-0.0019449240635204257,-0.0037105857305456,-0.00048460504967501317,0.007177512303488703,0.0144776622775976,-0.00016263359524981702
recurdyn,0.498,-0.0019467794417256101,-0.0037109010950524,-0.00045406013304670386,0.007184751106241005,0.014477557502402,-0.00015370275387323792
recurdyn,0.4985,-0.0019486349111268453,-0.0037110299982101,-0.0004192507094214878,0.007191989876304816,0.0144775074388842,-0.00014356573897142004
recurdyn,0.499,-0.0019504904460183603,-0.0037111352736711,-0.00039623270356159423,0.007199228621044107,0.0144774641541318,-0.00013705733786910474
recurdyn,0.4995,-0.0019523460346183574,-0.0037112309086348,-0.0003877472277167282,0.007206467343837314,0.01447742364028,-0.0001348852584747521
recurdyn,0.5,-0.001954201672115574,-0.0037113238912495,-0.0003785196135727647,0.007213706046066498,0.0144773838945445,-0.0001324256284088418
calg,0.0005,0.0,-0.003565517929378,1.6312157645485698e-05,0.0,0.0145700762351326,8.068845563581238e-06
calg,0.001,-1.7827497511557766e-06,-0.0035654995029979,1.399505165829614e-05,7.285041113497259e-06,0.0145700822270535,7.625191266698768e-06
calg,0.0015,-3.5654914115612613e-06,-0.0035654833206172,1.1672896953849833e-05,1.4570085010295886e-05,0.0145700877934598,7.180273784230123e-06
calg,0.002,-5.34822611031327e-06,-0.003565469397728,9.346223007173598e-06,2.1855131475484457e-05,0.0145700929305214,6.734222578178414e-06
calg,0.0025,-7.130954984724269e-06,-0.0035654577486469,7.015554326716966e-06,2.914018029290255e-05,0.014570097634695,6.28716589960258e-06
calg,0.003,-8.913679177990907e-06,-0.0035654483865302,4.681410031265321e-06,3.6425231244197054e-05,0.0145701019027212,5.839230699522524e-06
calg,0.0035,-1.0696399839527082e-05,-0.0035654413233866,2.344303605905651e-06,4.3710284109987896e-05,0.0145701057316208,5.390542558312545e-06
calg,0.004,-1.2479118124741895e-05,-0.0035654365700917,4.742705586282783e-09,5.0995338669396206e-05,0.0145701091186915,4.941225655012242e-06
calg,0.0045,-1.4261835192819206e-05,-0.003565434136402,-2.336771068387945e-06,5.8280394700099825e-05,0.0145701120615046,4.491402694159924e-06
calg,0.005,-1.6044552208382967e-05,-0.0035654340309693,-4.679742254976027e-06,6.55654519790827e-05,0.0145701145579015,4.041194879444987e-06
calg,0.0054999999999999,-1.7827270338943713e-05,-0.0035654362613551,-7.023681580913583e-06,7.285051028207978e-05,0.01457011660599,3.590721932699212e-06
calg,0.006,-1.9609990756008777e-05,-0.0035654408340463,-1.1675956842726096e-05,8.013556938418764e-05,0.0145701182041409,2.6987089658430954e-06
calg,0.0065,-2.139271463319492e-05,-0.0035654477544693,-1.6337805828405194e-05,8.742062905969794e-05,0.014570119350984,1.8042717942346967e-06
calg,0.007,-2.3175443146783437e-05,-0.0035654570270058,-2.1007954752217895e-05,9.470568908240273e-05,0.0145701200454049,9.077199704692129e-07
calg,0.0074999999999999,-2.4958177474165844e-05,-0.0035654686550076,-2.568436628077227e-05,0.00010199074922559448,0.0145701202865409,9.551813223971468e-09
calg,0.008,-2.674091879473206e-05,-0.003565482640813,-3.036503407127271e-05,0.00010927580926248237,0.0145701200737773,-8.897418820332686e-07
calg,0.0085,-2.852366828753894e-05,-0.003565498985762,-3.5047983071259006e-05,0.00011656086896588702,0.0145701194067436,-1.7896779343998116e-06
calg,0.009,-3.0306427132753555e-05,-0.0035655176902122,-3.973126982841146e-05,0.0001238459281086013,0.0145701182853096,-2.689780820001412e-06
calg,0.0094999999999999,-3.208919650954378e-05,-0.0035655387535546,-4.441298275220398e-05,0.00013113098646339028,0.0145701167095819,-3.5895827532817476e-06
calg,0.01,-3.3871977596522385e-05,-0.0035655621742312,-4.9091242414129556e-05,0.00013841604380329664,0.014570114679899,-4.488623777004499e-06
calg,0.0105,-3.565477157152497e-05,-0.0035655879497494,-5.376420179507912e-05,0.0001457010999016961,0.0145701121968283,-5.386451796342483e-06
calg,0.0109999999999999,-3.7437579609722604e-05,-0.0035656160766993,-5.843004646655103e-05,0.00015298615453229747,0.014570109261162,-6.282622648663099e-06
calg,0.0115,-3.922040288517614e-05,-0.0035656465507703,-6.30869947998383e-05,0.00016027120746928136,0.0145701058739124,-7.176700148783138e-06
calg,0.012,-4.1003242568393716e-05,-0.0035656793667672,-6.773329819033589e-05,0.00016755625848738354,0.0145701020363086,-8.068256129486631e-06
calg,0.0125,-4.278609982755199e-05,-0.0035657145186278,-7.236724123325206e-05,0.00017484130736228343,0.014570097749792,-8.95687051029524e-06
calg,0.013,-4.456897582760799e-05,-0.003565751999439,-7.698714188090047e-05,0.00018212635387029885,0.0145700930160125,-9.842131319884185e-06
calg,0.0135,-4.6351871728189664e-05,-0.0035657918014536,-8.159135156657999e-05,0.00018941139778880234,0.0145700878368242,-1.0723634738883989e-05
calg,0.014,-4.81347886861494e-05,-0.0035658339161077,-8.617825533801289e-05,0.00019669643889588806,0.0145700822142812,-1.1600985124495705e-05
calg,0.0145,-4.991772785312154e-05,-0.003565878334037,-9.074627200943483e-05,0.00020398147697117675,0.0145700761506339,-1.2473795053038895e-05
calg,0.0149999999999999,-5.1700690375522385e-05,-0.0035659250450945,-9.529385418563916e-05,0.00021126651179539935,0.0145700696483244,-1.334168533382413e-05
calg,0.0155,-5.348367739477222e-05,-0.0035659740383675,-9.981948836183345e-05,0.00021855154315039704,0.0145700627099824,-1.4204285014735823e-05
calg,0.016,-5.5266690045963074e-05,-0.0035660253021946,-0.00010432169505709899,0.00022583657081959307,0.0145700553384214,-1.5061231447957435e-05
calg,0.0165,-5.704972945796971e-05,-0.0035660788241826,-0.0001087990287856941,0.00023312159458788173,0.0145700475366339,-1.5912170262311065e-05
calg,0.017,-5.883279675356068e-05,-0.0035661345912238,-0.00011325007813813213,0.00024040661424179488,0.0145700393077879,-1.675675537653782e-05
calg,0.0175,-6.0615893048399094e-05,-0.0035661925895133,-0.00011767346576669573,0.00024769162956939095,0.0145700306552223,-1.7594649014608333e-05
calg,0.018,-6.23990194508206e-05,-0.003566252804566,-0.00012206784837145857,0.000254976640360699,0.0145700215824428,-1.8425521704961462e-05
calg,0.0184999999999999,-6.418217706116724e-05,-0.0035663152212341,-0.0001264319167571711,0.0002622616464071914,0.0145700120931177,-1.9249052295476433e-05
calg,0.019,-6.596536697311972e-05,-0.0035663798237238,-0.000130764395781006,0.00026954664750269974,0.0145700021910737,-2.006492791929913e-05
calg,0.0195,-6.774859027081082e-05,-0.0035664465956125,-0.00013506404432384045,0.00027683164344288747,0.0145699918802919,-2.0872844005161878e-05
calg,0.02,-6.953184803071277e-05,-0.0035665155198665,-0.00013932965524295006,0.00028411663402527765,0.0145699811649035,-2.1672504276537552e-05
calg,0.0205,-7.131514132041605e-05,-0.0035665865788572,-0.00014356005526673852,0.00029140161904989137,0.0145699700491854,-2.246362071932681e-05
calg,0.021,-7.309847119751911e-05,-0.003566659754379,-0.00014775410496198083,0.0002986865983186926,0.0145699585375566,-2.3245913571453718e-05
calg,0.0215,-7.488183871140475e-05,-0.0035667350276659,-0.00015191069864291186,0.00030597157163597677,0.0145699466345733,-2.4019111304932988e-05
calg,0.0219999999999999,-7.666524490113069e-05,-0.0035668123794082,-0.00015602876425722218,0.00031325653880839854,0.0145699343449256,-2.4782950590596626e-05
calg,0.0224999999999999,-7.844869079598471e-05,-0.0035668917897702,-0.00016010726327150441,0.00032054149964508283,0.0145699216734325,-2.553717629530251e-05
calg,0.023,-8.023217741515154e-05,-0.0035669732384059,-0.00016414519056672292,0.000327826453957597,0.0145699086250388,-2.6281541433549804e-05
calg,0.0235,-8.201570576715778e-05,-0.0035670567044767,-0.00016814157429052251,0.0003351114015600898,0.0145698952048099,-2.701580713338983e-05
calg,0.024,-8.379927685076005e-05,-0.0035671421666678,-0.0001720954757048212,0.00034239634226898574,0.0145698814179286,-2.7739742619000856e-05
calg,0.0245,-8.558289165239152e-05,-0.0035672296032049,-0.00017600598904765619,0.0003496812759037904,0.0145698672696905,-2.8453125166786702e-05
calg,0.025,-8.736655114838232e-05,-0.0035673189918706,-0.0001798722413048163,0.0003569662022865905,0.0145698527655005,-2.915574005242439e-05
calg,0.0255,-8.915025630340523e-05,-0.003567410310021,-0.0001836933921048043,0.00036425112124199854,0.014569837910868,-2.984738050975417e-05
calg,0.026,-9.093400807080876e-05,-0.0035675035346016,-0.00018746863350004887,0.0003715360325976802,0.0145698227114037,-3.052784770980159e-05
calg,0.0264999999999999,-9.271780739161795e-05,-0.0035675986421647,-0.0001911971897238399,0.00037882093618407664,0.0145698071728151,-3.11969506907383e-05
calg,0.027,-9.450165519619969e-05,-0.003567695608884,-0.0001948783170428908,0.0003861058318345989,0.0145697913009028,-3.185450630010813e-05
calg,0.0275,-9.62855524015982e-05,-0.0035677944105718,-0.0001985113034905043,0.0003933907193852948,0.0145697751015566,-3.2500339157100676e-05
calg,0.028,-9.806949991275626e-05,-0.003567895022694,-0.0002020954686476366,0.0004006755986756816,0.0145697585807514,-3.313428160475883e-05
calg,0.0285,-9.985349862295934e-05,-0.0035679974203872,-0.00020563016343812972,0.0004079604695479966,0.0145697417445436,-3.375617363807865e-05
calg,0.029,-0.00010163754941217018,-0.003568101578473,-0.00020911476983335016,0.00041524533184750245,0.0145697245990671,-3.4365862833293394e-05
calg,0.0295,-0.00010342165314791707,-0.0035682074714747,-0.00021254870059523023,0.0004225301854227925,0.0145697071505293,-3.4963204309555016e-05
calg,0.0299999999999999,-0.00010520581068473867,-0.0035683150736316,-0.0002159313990429097,0.00042981503012540223,0.0145696894052078,-3.554806066177091e-05
calg,0.0304999999999999,-0.00010699002286440606,-0.0035684243589148,-0.00021926233875712073,0.00043709986581008664,0.0145696713694465,-3.612030188574319e-05
calg,0.031,-0.00010877429051481258,-0.0035685353010431,-0.0002225410233095045,0.000444384692334876,0.0145696530496517,-3.667980530474595e-05
calg,0.0315,-0.00011055861445152804,-0.0035686478734966,-0.00022576698596665778,0.00045166950956107565,0.0145696344522884,-3.722645551437357e-05
calg,0.032,-0.00011234299547613347,-0.0035687620495325,-0.00022893978940003685,0.00045895431735298864,0.014569615583877,-3.7760144304634815e-05
calg,0.0325,-0.00011412743437722028,-0.0035688778021995,-0.00023205902538573194,0.0004662391155784984,0.0145695964509896,-3.828077059515811e-05
calg,0.033,-0.00011591193192961313,-0.0035689951043522,-0.0002351243144666636,0.000473523904108597,0.0145695770602462,-3.87882403381686e-05
calg,0.0335,-0.00011769648889381479,-0.0035691139286655,-0.00023813530564762008,0.00048080868281780154,0.0145695574183114,-3.928246646189848e-05
calg,0.034,-0.00011948110601756046,-0.0035692342476493,-0.00024109167609048533,0.0004880934515836821,0.0145695375318909,-3.976336879056641e-05
calg,0.0345,-0.00012126578403437449,-0.0035693560336617,-0.00024399313073807436,0.0004953782102875837,0.0145695174077281,-4.023087393813439e-05
calg,0.035,-0.00012305052366401448,-0.0035694792589235,-0.00024683940204285804,0.0005026629588138765,0.0145694970526005,-4.068491526186877e-05
calg,0.0355,-0.00012483532561158306,-0.0035696038955319,-0.0002496302496095348,0.0005099476970504835,0.0145694764733166,-4.1125432771492244e-05
calg,0.036,-0.00012662019056941531,-0.0035697299154736,-0.00025236545973810517,0.0005172324248888804,0.0145694556767123,-4.1552373033260624e-05
calg,0.0364999999999999,-0.0001284051192147473,-0.0035698572906385,-0.0002550448452238201,0.0005245171422236794,0.014569434669648,-4.196568908562813e-05
calg,0.0369999999999999,-0.00013019011221115928,-0.0035699859928331,-0.00025766824492859256,0.0005318018489531839,0.014569413459005,-4.236534035237515e-05
calg,0.0374999999999999,-0.00013197517020802074,-0.003570115993793,-0.0002602355233714416,0.0005390865449790838,0.0145693920516825,-4.275129256199539e-05
calg,0.0379999999999999,-0.00013376029384060129,-0.0035702472651959,-0.0002627465704857025,0.0005463712302063994,0.0145693704545944,-4.312351766682945e-05
calg,0.0385,-0.00013554548372995967,-0.0035703797786737,-0.0002652013011428996,0.0005536559045436762,0.0145693486746665,-4.3481993728531976e-05
calg,0.039,-0.00013733074048272176,-0.0035705135058261,-0.00026759965480477056,0.0005609405679030954,0.0145693267188328,-4.3826704842872676e-05
calg,0.0395,-0.0001391160646919687,-0.003570648418232,-0.0002699415951619261,0.0005682252202000859,0.0145693045940333,-4.4157641052440986e-05
calg,0.04,-0.00014090145693557155,-0.0035707844874612,-0.0002722271097143123,0.0005755098613536846,0.0145692823072104,-4.447479823329762e-05
calg,0.0405,-0.00014268691777818976,-0.003570921685088,-0.00027445620941902673,0.000582794491286398,0.0145692598653062,-4.477817802392029e-05
calg,0.041,-0.00014447244776960577,-0.0035710599827002,-0.0002766289282761738,0.0005900791099239799,0.0145692372752599,-4.506778770491897e-05
calg,0.0415,-0.00014625804744561322,-0.0035711993519122,-0.00027874532293335026,0.0005973637171959867,0.0145692145440046,-4.534364011901527e-05
calg,0.042,-0.00014804371732757282,-0.0035713397643772,-0.00028080547230952257,0.0006046483130352776,0.0145691916784647,-4.5605753590345035e-05
calg,0.0425,-0.00014982945792352265,-0.0035714811917954,-0.00028280947715711305,0.000611932897377987,0.0145691686855533,-4.5854151790385754e-05
calg,0.043,-0.00015161526972651274,-0.0035716236059274,-0.00028475745968094995,0.0006192174701640796,0.0145691455721695,-4.6088863657005385e-05
calg,0.0435,-0.0001534011532159374,-0.0035717669786045,-0.00028664956320479886,0.0006265020313366843,0.0145691223451953,-4.6309923318840364e-05
calg,0.0439999999999999,-0.00015518710885675802,-0.0035719112817372,-0.00028848595166666583,0.0006337865808424825,0.014569099011494,-4.651736995707809e-05
calg,0.0444999999999999,-0.0001569731371003913,-0.0035720564873285,-0.00029026680920949505,0.0006410711186313756,0.0145690755779066,-4.6711247733302995e-05
calg,0.0449999999999999,-0.00015875923838393202,-0.0035722025674809,-0.0002919923398714275,0.0006483556446570948,0.0145690520512503,-4.689160570008661e-05
calg,0.0454999999999999,-0.00016054541313115234,-0.0035723494944083,-0.00029366276707621877,0.0006556401588762029,0.0145690284383154,-4.7058497652365696e-05
calg,0.0459999999999999,-0.0001623316617516135,-0.0035724972404449,-0.000295278333247622,0.0006629246612491757,0.0145690047458632,-4.721198207609708e-05
calg,0.0465,-0.00016411798464055494,-0.0035726457780544,-0.00029683929946191937,0.000670209151739487,0.0145689809806239,-4.735212203330196e-05
calg,0.047,-0.00016590438218033743,-0.0035727950798393,-0.0002983459449047379,0.0006774936303140799,0.0145689571492939,-4.747898503797474e-05
calg,0.0475,-0.00016769085473999912,-0.0035729451185508,-0.00029979856655709946,0.0006847780969433948,0.0145689332585337,-4.759264298553625e-05
calg,0.048,-0.00016947740267336808,-0.0035730958670956,-0.0003011974787999485,0.0006920625516008971,0.0145689093149662,-4.7693172052342715e-05
calg,0.0485,-0.00017126402632272608,-0.0035732472985466,-0.0003025430128761701,0.0006993469942634944,0.0145688853251739,-4.778065257134079e-05
calg,0.049,-0.00017305072601581095,-0.0035733993861503,-0.0003038355165856271,0.0007066314249112859,0.0145688612956973,-4.785516893343743e-05
calg,0.0495,-0.00017483750206759296,-0.0035735521033345,-0.0003050753538523428,0.0007139158435277848,0.0145688372330329,-4.791680950468785e-05
calg,0.05,-0.00017662435477938665,-0.003573705423717,-0.00030626290423805375,0.0007212002500996961,0.0145688131436308,-4.7965666514131266e-05
calg,0.0505,-0.00017841128443996102,-0.0035738593211135,-0.0003073985626189974,0.0007284846446165838,0.0145687890338932,-4.800183595220021e-05
calg,0.051,-0.0001801982913247624,-0.0035740137695443,-0.00030848273873805896,0.0007357690270717032,0.0145687649101727,-4.8025417471329155e-05
calg,0.0515,-0.00018198537569635853,-0.0035741687432421,-0.00030951585676188725,0.0007430533974610853,0.0145687407787698,-4.803651428072645e-05
calg,0.052,-0.0001837725378045496,-0.003574324216659,-0.00031049835494755316,0.0007503377557840918,0.014568716645932,-4.803523306660752e-05
calg,0.0524999999999999,-0.00018555977788681233,-0.0035744801644734,-0.0003114306851285268,0.0007576221020429985,0.0145686925178515,-4.802168385719172e-05
calg,0.0529999999999999,-0.00018734709616752276,-0.0035746365615969,-0.00031231331233808984,0.0007649064362433011,0.0145686684006638,-4.799597993337692e-05
calg,0.0534999999999999,-0.0001891344928591776,-0.0035747933831807,-0.0003131467144618887,0.0007721907583934928,0.0145686443004459,-4.7958237752356225e-05
calg,0.0539999999999999,-0.000190921968161617,-0.0035749506046216,-0.00031393138173330115,0.0007794750685050922,0.0145686202232149,-4.790857682378048e-05
calg,0.0545,-0.0001927095222623576,-0.0035751082015684,-0.0003146678164190421,0.0007867593665925876,0.0145685961749268,-4.7847119623647296e-05
calg,0.055,-0.00019449715533714773,-0.0035752661499282,-0.0003153565323666581,0.0007940436526732986,0.0145685721614742,-4.777399148078335e-05
calg,0.0555,-0.0001962848675504114,-0.0035754244258702,-0.0003159980545571391,0.0008013279267676809,0.0145685481886859,-4.768932048083654e-05
calg,0.056,-0.00019807265905313898,-0.003575583005834,-0.0003165929187952189,0.0008086121888988829,0.0145685242623248,-4.759323739048479e-05
calg,0.0565,-0.00019986052998632875,-0.0035757418665327,-0.0003171416712856722,0.0008158964390928836,0.0145685003880869,-4.7485875533513965e-05
calg,0.057,-0.00020164848047898865,-0.0035759009849586,-0.00031764486819520937,0.0008231806773786876,0.0145684765716003,-4.7367370704876066e-05
calg,0.0575,-0.00020343651064791413,-0.003576060338389,-0.0003181030752809648,0.0008304649037879919,0.0145684528184231,-4.723786108593163e-05
calg,0.058,-0.00020522462060035274,-0.0035762199043888,-0.00031851686750477323,0.0008377491183549912,0.0145684291340435,-4.709748711934345e-05
calg,0.0585,-0.00020701281043078446,-0.0035763796608167,-0.0003188868286761644,0.0008450333211168781,0.0145684055238778,-4.6946391443013014e-05
calg,0.059,-0.00020880108022358623,-0.0035765395858292,-0.0003192135510333123,0.0008523175121135929,0.0145683819932695,-4.678471878104604e-05
calg,0.0595,-0.0002105894300525879,-0.0035766996578841,-0.00031949763482859374,0.0008596016913872961,0.0145683585474884,-4.661261585721851e-05
calg,0.0599999999999999,-0.00021237785998040604,-0.0035768598557455,-0.000319739687961919,0.0008668858589832018,0.0145683351917297,-4.643023129067915e-05
calg,0.0604999999999999,-0.0002141663700595542,-0.0035770201584857,-0.00031994032568572974,0.0008741700149486886,0.0145683119311129,-4.623771550501691e-05
calg,0.0609999999999999,-0.00021595496033233186,-0.0035771805454905,-0.00032010017015716654,0.0008814541593340774,0.014568288770681,-4.6035220667018873e-05
calg,0.0614999999999999,-0.00021774363083071346,-0.003577340996462,-0.00032021985002859764,0.0008887382921917986,0.0145682657153997,-4.5822900547860746e-05
calg,0.062,-0.00021953238157634836,-0.0035775014914214,-0.00032030000018573324,0.0008960224135767803,0.0145682427701566,-4.560091046685548e-05
calg,0.0625,-0.00022132121258178206,-0.0035776620107118,-0.00032034126129528877,0.0009033065235466986,0.0145682199397604,-4.536940719070853e-05
calg,0.063,-0.000223110123849124,-0.0035778225350015,-0.0003203442794905275,0.0009105906221612003,0.0145681972289403,-4.512854883827122e-05
calg,0.0635,-0.0002248991153717128,-0.0035779830452864,-0.0003203097060571414,0.0009178747094824025,0.0145681746423455,-4.487849483359425e-05
calg,0.064,-0.00022668818713311722,-0.0035781435228934,-0.00032023819699523147,0.0009251587855745869,0.0145681521845439,-4.461940577177039e-05
calg,0.0645,-0.00022847733910791312,-0.0035783039494806,-0.00032013041267619526,0.000932442850504589,0.0145681298600225,-4.435144332884785e-05
calg,0.065,-0.00023026657126135053,-0.0035784643070408,-0.00031998701753330324,0.0009397269043411871,0.0145681076731862,-4.4074770214629934e-05
calg,0.0655,-0.00023205588355035278,-0.003578624577903,-0.0003198086797428633,0.00094701094715538,0.0145680856283577,-4.3789550086056496e-05
calg,0.066,-0.0002338452759227394,-0.0035787847447348,-0.00031959607088094,0.0009542949790202759,0.0145680637297768,-4.3495947438423223e-05
calg,0.0665,-0.00023563474831800324,-0.0035789447905427,-0.00031934986550474775,0.0009615790000110924,0.0145680419815999,-4.3194127524092184e-05
calg,0.067,-0.00023742430066731046,-0.0035791046986746,-0.00031907074089529023,0.00096886301020499,0.0145680203879003,-4.288425630960546e-05
calg,0.0675,-0.00023921393289372261,-0.0035792644528206,-0.0003187593768000004,0.0009761470096813774,0.0145679989526671,-4.256650036690449e-05
calg,0.068,-0.00024100364491241866,-0.0035794240370142,-0.00031841645502855576,0.0009834309985213008,0.0145679776798053,-4.2241026785950185e-05
calg,0.0685,-0.00024279343662991781,-0.0035795834356329,-0.0003180426591238083,0.0009907149768077772,0.0145679565731357,-4.1908003133359206e-05
calg,0.069,-0.0002445833079467441,-0.0035797426333998,-0.00031763867403812796,0.0009979989446259885,0.0145679356363941,-4.156759732856653e-05
calg,0.0695,-0.0002463732587543177,-0.003579901615383,-0.00031720518590002317,0.0010052829020625875,0.014567914873232,-4.121997760491476e-05
calg,0.07,-0.0002481632889379526,-0.0035800603669965,-0.0003167428817095593,0.0010125668492061979,0.014567894287216,-4.0865312428702995e-05
calg,0.0705,-0.0002499533983749691,-0.0035802188740013,-0.000316252449000026,0.0010198507861471917,0.0145678738818276,-4.050377041916623e-05
calg,0.071,-0.00025174358693635934,-0.0035803771225045,-0.0003157345755571668,0.0010271347129773845,0.0145678536604632,-4.013552029061681e-05
calg,0.0715,-0.0002535338544857879,-0.0035805350989602,-0.0003151899491190811,0.00103441862979059,0.0145678336264345,-3.976073074298708e-05
calg,0.072,-0.0002553242008808132,-0.0035806927901679,-0.0003146192571333491,0.0010417025366820931,0.0145678137829682,-3.9379570442966115e-05
calg,0.0724999999999999,-0.00025711462597233226,-0.0035808501832743,-0.0003140231864571664,0.0010489864337486776,0.0145677941332056,-3.899220794304862e-05
calg,0.0729999999999999,-0.00025890512960535794,-0.0035810072657717,-0.000313402423038128,0.0010562703210887925,0.0145677746802037,-3.85988115811285e-05
calg,0.0734999999999999,-0.00026069571161813077,-0.0035811640254972,-0.0003127576516952713,0.0010635541988021913,0.0145677554269345,-3.8199549443026136e-05
calg,0.0739999999999999,-0.00026248637184356216,-0.0035813204506323,-0.0003120895558714859,0.001070838066990376,0.0145677363762855,-3.779458929050369e-05
calg,0.0744999999999999,-0.0002642771101083463,-0.0035814765297023,-0.00031139881733815197,0.001078121925755876,0.01456771753106,-3.7384098500023045e-05
calg,0.0749999999999999,-0.00026606792623440345,-0.0035816322515756,-0.0003106861159952787,0.0010854057752028856,0.0145676988939767,-3.696824401444587e-05
calg,0.0754999999999999,-0.00026785882003699246,-0.0035817876054617,-0.0003099521295428998,0.0010926896154366816,0.014567680467671,-3.654719225726091e-05
calg,0.0759999999999999,-0.0002696497913275975,-0.0035819425809111,-0.0003091975332857375,0.0010999734465640953,0.0145676622546941,-3.612110907142656e-05
calg,0.0764999999999999,-0.0002714408399111523,-0.0035820971678134,-0.00030842299989527637,0.0011072572686927906,0.0145676442575143,-3.5690159685704735e-05
calg,0.0769999999999999,-0.0002732319655895932,-0.0035822513563956,-0.0003076171172524149,0.0011145410819320967,0.0145676264785168,-3.5251536166654096e-05
calg,0.0774999999999999,-0.00027502316815819494,-0.0035824051372215,-0.0003067531677190406,0.001121824886392092,0.0145676089200041,-3.479866467616587e-05
calg,0.078,-0.0002768144474087908,-0.0035825585011893,-0.00030581783815715404,0.0011291086821841878,0.0145675915841965,-3.43282688713182e-05
calg,0.0785,-0.00027860580312832894,-0.0035827114395293,-0.0003048144117619101,0.0011363924694207939,0.0145675744732327,-3.3841155528471114e-05
calg,0.079,-0.0002803972351003159,-0.0035828639438034,-0.00030374611092861176,0.0011436762482152918,0.01456755758917,-3.33381165475882e-05
calg,0.0795,-0.0002821887431031511,-0.0035830160059026,-0.000302616097400042,0.0011509600186822844,0.0145675409339847,-3.281992898573365e-05
calg,0.08,-0.00028398032691234754,-0.0035831676180443,-0.00030142747246668443,0.001158243780937096,0.0145675245095729,-3.2287355095306225e-05
calg,0.0805,-0.0002857719862987551,-0.0035833187727711,-0.0003001832770762021,0.0011655275350959948,0.0145675083177508,-3.174114237149338e-05
calg,0.081,-0.0002875637210301152,-0.0035834694629471,-0.00029890717957145726,0.0011728112812760816,0.0145674923602554,-3.11871146189717e-05
calg,0.0815,-0.00028935553087094945,-0.0035836196817577,-0.0002976223936000256,0.001180095019595484,0.0145674766387449,-3.0630984142698294e-05
calg,0.082,-0.0002911474155823379,-0.0035837694227048,-0.00029633031122382257,0.001187378750172885,0.0145674611547994,-3.0073093523578603e-05
calg,0.0825,-0.00029293937479513144,-0.0035839184258856,-0.00029503161091908633,0.0011946624731589972,0.0145674459723438,-2.9513609756834502e-05
calg,0.083,-0.0002947314079773111,-0.0035840663640787,-0.00029372696267144995,0.0012019461887450011,0.0145674311718718,-2.8952697771108166e-05
calg,0.0835,-0.0002965235146071832,-0.0035842132595686,-0.0002924170279142977,0.0012092298971188853,0.0145674167478912,-2.839052040443895e-05
calg,0.084,-0.0002983156941743781,-0.0035843591343473,-0.000291102459352377,0.00121651359846639,0.0145674026949809,-2.7827238375841662e-05
calg,0.0845,-0.0003001079461794065,-0.0035845040101117,-0.00028978390080000187,0.0012237972929702856,0.0145673890077916,-2.7263010242589437e-05
calg,0.085,-0.00030190027013354825,-0.0035846479082683,-0.0002884619871523775,0.0012310809808107892,0.0145673756810452,-2.6697992375936846e-05
calg,0.0855,-0.00030369266555840824,-0.0035847908499314,-0.0002871373441904547,0.001238364662165592,0.0145673627095345,-2.6132338928215e-05
calg,0.086,-0.0003054851319863605,-0.0035849328559245,-0.00028581058853810725,0.0012456483372096927,0.0145673500881234,-2.556620181870528e-05
calg,0.0865,-0.0003072776691769308,-0.0035850743812193,-0.000284482327504797,0.0012529320060620797,0.0145673377048347,-2.4999730690245498e-05
calg,0.087,-0.000309070276895973,-0.0035852154377708,-0.0002831531590047713,0.001260215668840492,0.0145673255567067,-2.4433072894934427e-05
calg,0.0875,-0.0003108629549073427,-0.0035853560229739,-0.0002818357534142914,0.0012674993256625855,0.0145673136443604,-2.3869345961610327e-05
calg,0.0879999999999999,-0.00031265570297456247,-0.0035854961344725,-0.0002805580739476412,0.0012747829766467933,0.0145673019683556,-2.3315430214139388e-05
calg,0.0884999999999999,-0.0003144485208596004,-0.0035856357701544,-0.0002793346663048091,0.0012820666219113819,0.0145672905291918,-2.2774905337895136e-05
calg,0.0889999999999999,-0.00031624140832353653,-0.0035857749281504,-0.0002781634666143509,0.0012893502615750896,0.0145672793273089,-2.2247264685370554e-05
calg,0.0894999999999999,-0.0003180343651271178,-0.0035859136068287,-0.0002770424582857531,0.0012966338957565993,0.0145672683630879,-2.1732013180670017e-05
calg,0.0899999999999999,-0.00031982739102953683,-0.0035860518047941,-0.00027596967152861075,0.0013039175245749823,0.0145672576368517,-2.1228667233059928e-05
calg,0.0904999999999999,-0.00032162048578998625,-0.003586189520883,-0.00027494318290481666,0.0013112011481494767,0.014567247148866,-2.0736754613892572e-05
calg,0.0909999999999999,-0.0003234136491672146,-0.0035863267541604,-0.00027396111500479917,0.0013184847665990984,0.0145672368993402,-2.0255814366350256e-05
calg,0.0914999999999999,-0.00032520688091919325,-0.0035864635039171,-0.0002730009484190676,0.0013257683800433906,0.0145672268884278,-1.978030566650632e-05
calg,0.0919999999999999,-0.0003270001808040046,-0.0035865997696653,-0.0002720406035857183,0.0013330519886014802,0.014567217116228,-1.9304795580850287e-05
calg,0.0924999999999999,-0.00032879354857962007,-0.0035867355511363,-0.000271079807566677,0.0013403355923928828,0.0145672075827855,-1.8829217257038388e-05
calg,0.0929999999999999,-0.0003305869840035669,-0.0035868708482758,-0.0002701189857238059,0.0013476191915368918,0.0145671982880925,-1.8353675676152648e-05
calg,0.0935,-0.00033238048683414956,-0.0035870056612414,-0.00026915855639049403,0.001354902786152995,0.0145671892320886,-1.7878274119047838e-05
calg,0.094,-0.00033417405682933943,-0.0035871399903983,-0.0002681989308904784,0.0013621863763602915,0.0145671804146623,-1.7403114157215916e-05
calg,0.0945,-0.000335967693747552,-0.0035872738363165,-0.00026724051342859784,0.0013694699622781026,0.0145671718356514,-1.6928295609645938e-05
calg,0.095,-0.00033776139734753574,-0.0035874071997665,-0.000266283701042874,0.0013767535440254997,0.0145671634948443,-1.6453916547730175e-05
calg,0.0955,-0.0003395551673883723,-0.0035875400817156,-0.0002653288835523832,0.0013840371217214986,0.0145671553919806,-1.5980073285705642e-05
calg,0.096,-0.0003413490036299205,-0.0035876724833251,-0.0002643764435381401,0.0013913206954848933,0.0145671475267522,-1.5506860361875446e-05
calg,0.0965,-0.00034314290583292717,-0.0035878044059459,-0.0002634267563142947,0.0013986042654342834,0.014567139898804,-1.5034370533279734e-05
calg,0.097,-0.0003449368737585834,-0.0035879358511147,-0.00026248018987143747,0.001405887831688185,0.0145671325077351,-1.4562694771297083e-05
calg,0.0975,-0.00034673090716874633,-0.0035880668205507,-0.0002615371048095838,0.0014131713943646984,0.0145671253530991,-1.4091922237959747e-05
calg,0.098,-0.0003485250058267164,-0.0035881973161529,-0.000260597854376239,0.0014204549535818956,0.0145671184344056,-1.3622140290352258e-05
calg,0.0985,-0.0003503191694967933,-0.0035883273399937,-0.00025966278441431304,0.001427738509457488,0.0145671117511212,-1.3153434480780593e-05
calg,0.099,-0.0003521133979439428,-0.0035884568943174,-0.0002587322333571507,0.0014350220621087983,0.0145671053026697,-1.2685888547552049e-05
calg,0.0995,-0.000353907690934796,-0.0035885859815361,-0.0002578065321761926,0.001442305611652983,0.0145670990884337,-1.2219584395266128e-05
calg,0.1,-0.0003557020482367612,-0.003588714604225,-0.00025688600438095443,0.0014495891582068932,0.0145670931077553,-1.175460209997444e-05
calg,0.1005,-0.0003574964696193561,-0.0035888427651197,-0.0002559709660380798,0.00145687270188688,0.0145670873599368,-1.1291019923729908e-05
calg,0.101,-0.00035929095485298657,-0.003588970467112,-0.00025506172574283443,0.0014641562428089894,0.0145670818442419,-1.082891429039448e-05
calg,0.1015,-0.0003610855037096128,-0.0035890977132457,-0.0002541585846095053,0.001471439781088879,0.0145670765598967,-1.0368359795113033e-05
calg,0.102,-0.00036288011596274927,-0.0035892245067144,-0.0002532618362714218,0.0014787233168419844,0.0145670715060901,-9.909429209473263e-06
calg,0.1025,-0.000364674791388353,-0.0035893508508553,-0.0002523717669190837,0.0014860068501829915,0.0145670666819755,-9.452193452322685e-06
calg,0.103,-0.0003664695297627141,-0.0035894767491473,-0.0002514886552095673,0.001493290381226281,0.014567062086671,-8.996721614214683e-06
calg,0.1035,-0.0003682643308655642,-0.0035896022052067,-0.00025061277237621517,0.0015005739100859006,0.0145670577192609,-8.543080976102552e-06
calg,0.104,-0.0003700591944767462,-0.0035897272227832,-0.0002497443822238149,0.0015078574368752873,0.0145670535787961,-8.091336976011662e-06
calg,0.1045,-0.0003718541203797665,-0.003589851805757,-0.00024888374107621757,0.0015151409617074896,0.0145670496642953,-7.641553228410203e-06
calg,0.105,-0.00037364910835879783,-0.0035899759581335,-0.0002480310978762155,0.0015224244846947788,0.0145670459747461,-7.193791542649462e-06
calg,0.1055,-0.00037544415820078836,-0.0035900996840415,-0.00024718669416667893,0.0015297080059493984,0.0145670425091055,-6.748111899871187e-06
calg,0.106,-0.0003772392696947957,-0.0035902229877274,-0.00024635076410003026,0.0015369915255824818,0.014567039266301,-6.304572466626317e-06
calg,0.1065,-0.00037903444263154284,-0.0035903458735539,-0.00024552353448096094,0.00154427504370519,0.0145670362452317,-5.863229623719641e-06
calg,0.107,-0.00038082967680441726,-0.0035904683459939,-0.00024470522475716905,0.0015515585604274906,0.0145670334447688,-5.424137928567943e-06
calg,0.1075,-0.0003826249720091379,-0.0035905904096284,-0.00024389604710953062,0.001558842075859379,0.0145670308637569,-4.987350161977404e-06
calg,0.108,-0.0003844203280439773,-0.0035907120691423,-0.00024309620646664886,0.0015661255901098792,0.0145670285010148,-4.5529173286511306e-06
calg,0.1085,-0.00038621574470854014,-0.0035908333293207,-0.00024230590052855998,0.0015734091032875985,0.014567026355336,-4.120888647630663e-06
calg,0.109,-0.00038801122180620595,-0.0035909541950458,-0.00024152531981905124,0.0015806926155002843,0.0145670244254903,-3.6913115856238153e-06
calg,0.1095,-0.0003898067591417975,-0.003591074671292,-0.0002407546476952616,0.0015879761268554893,0.0145670227102241,-3.2642318427938174e-06
calg,0.11,-0.00039160235652313524,-0.0035911947631241,-0.0002399940604333488,0.0015952596374596006,0.0145670212082615,-2.8396933809272607e-06
calg,0.1105,-0.00039339801376114814,-0.0035913144756924,-0.0002392437272047621,0.0016025431474187002,0.0145670199183051,-2.4177384237724537e-06
calg,0.111,-0.0003951937306682085,-0.0035914338142298,-0.0002385038101952373,0.0016098266568382869,0.0145670188390371,-1.9984074619455463e-06
calg,0.1115,-0.00039698950706013036,-0.003591552784048,-0.00023777446460477542,0.0016171101658228881,0.0145670179691198,-1.5817392810138893e-06
calg,0.112,-0.0003987853427556143,-0.0035916713905338,-0.0002370558387142983,0.0016243936744763932,0.0145670173071967,-1.1677709714774664e-06
calg,0.1125,-0.00040058123757491515,-0.0035917896391462,-0.0002363480739952332,0.0016316771829023857,0.0145670168518936,-7.565379332520803e-07
calg,0.113,-0.00040237719134272876,-0.0035919075354128,-0.0002356513050761635,0.001638960691203284,0.0145670166018186,-3.4807389994623033e-07
calg,0.1135,-0.0004041732038851942,-0.0035920250849256,-0.00023496565981902186,0.0016462441994810895,0.014567016555564,5.7589071458675706e-08
calg,0.114,-0.0004059692750320032,-0.0035921422933395,-0.00023429125939521982,0.0016535277078368882,0.0145670167117063,4.604205619514124e-07
calg,0.1145,-0.00040776540461495703,-0.0035922591663666,-0.00023362821838095776,0.001660811216371294,0.0145670170688074,8.603917762800825e-07
calg,0.115,-0.0004095615924699647,-0.0035923757097752,-0.00023297664474284492,0.0016680947251839773,0.0145670176254153,1.2574755477736572e-06
calg,0.1155,-0.00041135783843471163,-0.0035924919293844,-0.00023233663993331498,0.0016753782343739976,0.0145670183800651,1.65164630484496e-06
calg,0.116,-0.00041315414235021386,-0.0035926078310619,-0.0002317082990238108,0.001682661744039693,0.0145670193312796,2.042880052465805e-06
calg,0.1165,-0.0004149505040605961,-0.0035927234207211,-0.00023109171065236045,0.0016899452542784854,0.0145670204775702,2.431154376311827e-06
calg,0.117,-0.00041674692341275854,-0.0035928387043169,-0.0002304869571666376,0.0016972287651871865,0.0145670218174376,2.816448423814677e-06
calg,0.1175,-0.0004185434002567101,-0.0035929536878439,-0.0002298941147095015,0.0017045122768618859,0.0145670233493725,3.198742852393907e-06
calg,0.118,-0.0004203399344451242,-0.0035930683773323,-0.00022931325322379727,0.0017117957893977853,0.0145670250718566,3.578019842906531e-06
calg,0.1185,-0.000422136525834782,-0.003593182778845,-0.00022874443657619348,0.0017190793028894757,0.0145670269833632,3.954263090511474e-06
calg,0.119,-0.0004239331742840191,-0.0035932968984742,-0.00022818772261427932,0.0017263628174306878,0.0145670290823581,4.327457761952419e-06
calg,0.1195,-0.00042572987965516784,-0.0035934107423396,-0.00022764316325235833,0.0017336463331144025,0.0145670313673,4.697590485660964e-06
calg,0.12,-0.0004275266418133361,-0.0035935243165842,-0.00022711080450473395,0.0017409298500326853,0.0145670338366417,5.064649347611787e-06
calg,0.1205,-0.0004293234606271845,-0.0035936376273715,-0.0002265906866047255,0.0017482133682771017,0.0145670364888304,5.428623852411972e-06
calg,0.121,-0.00043112033596759414,-0.0035937506808836,-0.00022608284411425252,0.0017554968879381905,0.0145670393223086,5.7895049095976895e-06
calg,0.1215,-0.00043291726770910977,-0.0035938634833181,-0.0002255873059666574,0.0017627804091059907,0.0145670423355147,6.147284809695666e-06
calg,0.122,-0.00043471425572960687,-0.0035939760408834,-0.00022510409552380293,0.0017700639318693756,0.0145670455268841,6.501957214410936e-06
calg,0.1225,-0.00043651129990951443,-0.0035940883597989,-0.0002246332306714243,0.0017773474563168856,0.0145670488948493,6.853517147745049e-06
calg,0.123,-0.00043830840013281414,-0.00359420044629,-0.00022417472392382854,0.0017846309825357842,0.0145670524378409,7.201960947696085e-06
calg,0.1235,-0.0004401055562859302,-0.0035943123065867,-0.00022372858246667518,0.0017919145106128909,0.014567056154288,7.547286266766188e-06
calg,0.124,-0.0004419027682596166,-0.0035944239469198,-0.00022329480831426824,0.0017991980406341923,0.0145670600426195,7.889492038126194e-06
calg,0.1245,-0.00044370003594640384,-0.0035945353735202,-0.00022287339836189548,0.0018064815726847872,0.0145670641012638,8.228578457090765e-06
calg,0.125,-0.0004454973592428191,-0.0035946465926142,-0.00022246434438568028,0.0018137651068491911,0.0145670683286501,8.564546976127677e-06
calg,0.1255,-0.00044729473804794306,-0.0035947576104222,-0.00022206763324758176,0.0018210486432106987,0.0145670727232089,8.897400266539263e-06
calg,0.126,-0.00044909217226440923,-0.0035948684331561,-0.00022168324695712304,0.0018283321818523823,0.0145670772833724,9.227142195116011e-06
calg,0.1265,-0.00045088966179795964,-0.0035949790670166,-0.00022131116268092876,0.0018356157228561765,0.0145670820075754,9.553777828535154e-06
calg,0.127,-0.0004526872065571119,-0.0035950895181917,-0.0002209513529476192,0.001842899266303294,0.0145670868942554,9.877313371441959e-06
calg,0.1275,-0.00045448480645360334,-0.0035951997928523,-0.00022060378565715748,0.0018501828122742814,0.0145670919418539,1.0197756171525016e-05
calg,0.128,-0.0004562824614019467,-0.0035953098971526,-0.00022026842419047604,0.0018574663608486863,0.0145670971488163,1.0515114695323968e-05
calg,0.1285,-0.0004580801713205407,-0.003595419837226,-0.00021994522749047007,0.0018647499121055011,0.0145671025135927,1.0829398509535454e-05
calg,0.129,-0.0004598779361301153,-0.0035955296191831,-0.0002196341501618753,0.0018720334661228022,0.0145671080346387,1.1140618257159185e-05
calg,0.1295,-0.0004616757557547313,-0.0035956392491107,-0.00021933514257617878,0.0018793170229779999,0.0145671137104154,1.14487856095363e-05
calg,0.13,-0.000463473630121114,-0.0035957487330687,-0.0002190481509333473,0.0018866005827476995,0.0145671195393903,1.1753913280983175e-05
calg,0.1305,-0.0004652715591595413,-0.0035958580770872,-0.00021877311739046523,0.0018938841455077016,0.0145671255200379,1.2056014985820493e-05
calg,0.131,-0.00046706954280339996,-0.0035959672871667,-0.0002185099801095058,0.001901167711333085,0.0145671316508398,1.235510542390863e-05
calg,0.1315,-0.0004688675809879639,-0.0035960763692745,-0.0002182586733476081,0.00190845128029829,0.0145671379302853,1.2651200257132072e-05
calg,0.132,-0.00047066567365272594,-0.0035961853293435,-0.00021801912756188221,0.0019157348524767026,0.0145671443568724,1.2944316095188566e-05
calg,0.1325,-0.0004724638207393994,-0.0035962941732699,-0.00021779126954284727,0.001923018427941292,0.0145671509291072,1.323447045236443e-05
calg,0.133,-0.0004742620221928062,-0.0035964029069112,-0.0002175750224571277,0.0019303020067640009,0.0145671576455058,1.352168173797606e-05
calg,0.1335,-0.0004760602779607659,-0.0035965115360857,-0.00021737030592377287,0.0019375855890162996,0.014567164504593,1.3805969247488156e-05
calg,0.134,-0.00047785858799420655,-0.0035966200665683,-0.00021717703618093882,0.0019448691747687985,0.0145671715049046,1.4087353099918281e-05
calg,0.1345,-0.0004796569522461658,-0.0035967285040916,-0.0002169951260856977,0.0019521527640913028,0.0145671786449863,1.4365854257123023e-05
calg,0.135,-0.0004814553706733449,-0.0035968368543425,-0.00021682448521901217,0.0019594363570529794,0.0145671859233948,1.4641494495291698e-05
calg,0.1355,-0.0004832538432347766,-0.0035969451229615,-0.00021666502008570242,0.0019667199537223845,0.014567193338698,1.491429634776458e-05
calg,0.136,-0.00048505236989260236,-0.0035970533155401,-0.00021651663410476068,0.001974003554167103,0.0145672008894757,1.5184283123896117e-05
calg,0.1365,-0.00048685095061140604,-0.0035971614376205,-0.0002163792276809343,0.0019812871584542757,0.0145672085743195,1.54514788764038e-05
calg,0.137,-0.0004886495853587691,-0.0035972694946925,-0.00021625269833330002,0.001988570766650183,0.0145672163918337,1.5715908357213e-05
calg,0.1375,-0.0004904482741047156,-0.0035973774921946,-0.00021613694078568914,0.001995854378820494,0.0145672243406351,1.597759703327502e-05
calg,0.138,-0.0004922470168226001,-0.0035974854355098,-0.00021603184707140785,0.0020031379950301853,0.0145672324193537,1.623657103327638e-05
calg,0.1385,-0.0004940458134875536,-0.0035975933299667,-0.00021593730657616596,0.002010421615343483,0.014567240626633,1.6492857138080314e-05
calg,0.139,-0.0004958446640779268,-0.0035977011808363,-0.00021585320619519978,0.002017705239824086,0.0145672489611302,1.6746482757211212e-05
calg,0.1395,-0.0004976435685745129,-0.0035978089933326,-0.00021577943040474947,0.0020249888685347772,0.0145672574215163,1.6997475881062146e-05
calg,0.14,-0.0004994425269607694,-0.003597916772609,-0.00021571586124761546,0.0020322725015379794,0.0145672660064772,1.724586511904425e-05
calg,0.1405,-0.0005012415392228187,-0.00359802452376,-0.00021566237851904156,0.002039556138895393,0.0145672747147129,1.7491679642912484e-05
calg,0.141,-0.0005030406053485592,-0.0035981322518177,-0.00021561885986667729,0.002046839780667886,0.0145672835449386,1.7734949157159685e-05
calg,0.1415,-0.0005048397253295533,-0.0035982399617524,-0.00021558518080954685,0.0020541234269157993,0.0145672924958847,1.7975703890473126e-05
calg,0.142,-0.0005066388991588067,-0.0035983476584701,-0.00021556121491431024,0.00206140707769889,0.0145673015662968,1.821397455716221e-05
calg,0.1425,-0.0005084381268322113,-0.0035984553468129,-0.00021554683379050523,0.0020686907330763893,0.0145673107549364,1.844979236671696e-05
calg,0.143,-0.000510237408347991,-0.003598563031557,-0.0002155419071857303,0.0020759743931066943,0.0145673200605809,1.8683188990649347e-05
calg,0.1435,-0.0005120367437068118,-0.0035986707174126,-0.0002155463031143038,0.0020832580578476756,0.0145673294820238,1.8914196524090155e-05
calg,0.144,-0.0005138361329111163,-0.0035987784090224,-0.00021555988791431888,0.002090541727356676,0.0145673390180749,1.914284747648426e-05
calg,0.1444999999999999,-0.0005156355759665665,-0.0035988861109617,-0.00021558252636192217,0.002097825401690484,0.0145673486675606,1.936917477159062e-05
calg,0.1449999999999999,-0.000517435072880601,-0.0035989938277367,-0.00021561408170476883,0.002105109080905193,0.0145673584293238,1.9593211704849706e-05
calg,0.1454999999999999,-0.0005192346236623235,-0.0035991015637836,-0.00021565441575240504,0.002112392765056287,0.0145673683022248,1.9814991914369696e-05
calg,0.1459999999999999,-0.0005210342283241687,-0.0035992093234693,-0.00021570338898096742,0.0021196764541988877,0.0145673782851405,2.00345493952219e-05
calg,0.1464999999999999,-0.0005228338868797922,-0.0035993171110895,-0.0002157608606095453,0.0021269601483872858,0.0145673883769655,2.025191844293569e-05
calg,0.1469999999999999,-0.0005246335993451812,-0.0035994249308681,-0.00021582668864765574,0.0021342438476756875,0.0145673985766114,2.046713365705124e-05
calg,0.1474999999999999,-0.0005264333657385434,-0.0035995327869581,-0.00021590073000956505,0.0021415275521171895,0.0145674088830075,2.0680229933337353e-05
calg,0.1479999999999999,-0.0005282331860804179,-0.0035996406834386,-0.00021598284056666999,0.0021488112617646937,0.014567419295101,2.089124240018101e-05
calg,0.1484999999999999,-0.0005300330603923431,-0.0035997486243167,-0.00021607287526190366,0.002156094976670686,0.0145674298118566,2.1100206428737945e-05
calg,0.1489999999999999,-0.0005318329886991879,-0.0035998566135252,-0.00021617068816670582,0.002163378696886792,0.0145674404322571,2.130715762388171e-05
calg,0.1494999999999999,-0.0005336329710268206,-0.003599964654924,-0.00021627613250957146,0.0021706624224643867,0.0145674511553031,2.1512131790452876e-05
calg,0.1499999999999999,-0.0005354330074027747,-0.0036000727522985,-0.00021638906079049898,0.0021779461534544853,0.0145674619800136,2.1715164918963598e-05
calg,0.1504999999999999,-0.0005372330978575812,-0.0036001809093589,-0.000216509324857162,0.0021852298899071865,0.0145674729054257,2.1916293176208308e-05
calg,0.151,-0.0005390332424223265,-0.0036002891297409,-0.00021663677596192192,0.002192513631872395,0.0145674839305946,2.2115552871428334e-05
calg,0.1515,-0.0005408334411309834,-0.0036003974170054,-0.00021677126484762188,0.0021997973793996817,0.0145674950545942,2.231298043812539e-05
calg,0.152,-0.0005426336940184129,-0.0036005057746375,-0.00021691264183331698,0.0022070811325379802,0.0145675062765164,2.2508612438121828e-05
calg,0.1525,-0.0005444340011211413,-0.0036006142060466,-0.00021706075682854866,0.002214364891335696,0.0145675175954719,2.2702485528655747e-05
calg,0.153,-0.0005462343624788035,-0.0036007227145666,-0.00021721545944284432,0.0022216486558409854,0.0145675290105899,2.2894636433367143e-05
calg,0.1535,-0.0005480347781303685,-0.0036008313034552,-0.00021737659905237314,0.0022289324261015875,0.0145675405210178,2.3085101957016313e-05
calg,0.154,-0.0005498352481183577,-0.0036009399758949,-0.00021754402486188576,0.0022362162021644927,0.0145675521259219,2.3273918956977556e-05
calg,0.1545,-0.0005516357724857368,-0.0036010487349916,-0.0002177175859570959,0.002243499984076802,0.0145675638244869,2.3461124314140746e-05
calg,0.155,-0.0005534363512775808,-0.0036011575837752,-0.00021789713134280828,0.0022507837718847012,0.0145675756159162,2.3646754923775792e-05
calg,0.1555,-0.0005552369845404082,-0.0036012665251998,-0.00021808251007142992,0.002258067565634486,0.0145675874994315,2.3830847676246474e-05
calg,0.156,-0.0005570376723214032,-0.0036013755621425,-0.00021827357129524554,0.002265351365371593,0.0145675994742738,2.401343946665352e-05
calg,0.1565,-0.000558838414669971,-0.0036014846974056,-0.00021847016428096686,0.002272635171141485,0.0145676115397018,2.4194567152286644e-05
calg,0.157,-0.0005606392116367376,-0.003601593933715,-0.00021867213845714435,0.0022799189829889877,0.0145676236949934,2.4374267542812266e-05
calg,0.1575,-0.0005624400632735505,-0.0036017032737211,-0.00021887934355236367,0.0022872028009586765,0.0145676359394447,2.4552577395282815e-05
calg,0.158,-0.0005642409696338113,-0.0036018127199985,-0.0002190916296000037,0.0022944866250947937,0.0145676482723703,2.4729533385799602e-05
calg,0.1585,-0.000566041930771144,-0.0036019222750465,-0.00021930884703335622,0.0023017704554413876,0.0145676606931033,2.4905172104775868e-05
calg,0.159,-0.0005678429467419477,-0.0036020319412889,-0.00021953349617619993,0.0023090542920418955,0.0145676732009954,2.507887473808997e-05
calg,0.1595,-0.0005696440176025108,-0.0036021417210751,-0.00021977157255235826,0.0023163381349395884,0.0145676857954164,2.524915790478945e-05
calg,0.16,-0.000571445143411009,-0.0036022516166792,-0.0002200261319333189,0.0023236219841774874,0.0145676984757544,2.541526523822245e-05
calg,0.1605,-0.0005732463242259511,-0.0036023616303015,-0.00022029645107619835,0.0023309058397981974,0.0145677112414157,2.55773750667675e-05
calg,0.161,-0.0005750475601079552,-0.0036024717640674,-0.00022058181944284967,0.002338189701844101,0.0145677240918248,2.5735662585732588e-05
calg,0.1615,-0.0005768488511181946,-0.0036025820200296,-0.00022088153910474313,0.002345473570357276,0.0145677370264243,2.58902998857769e-05
calg,0.162,-0.0005786501973183977,-0.0036026924001666,-0.00022119492466190916,0.0023527574453795774,0.0145677500446747,2.6041455976172622e-05
calg,0.1625,-0.0005804515987715142,-0.0036028029063839,-0.00022152130333810032,0.0023600413269526943,0.0145677631460543,2.6189296752407576e-05
calg,0.163,-0.0005822530555417149,-0.0036029135405148,-0.00022186001496668628,0.002367325215117677,0.0145677763300593,2.633398503331954e-05
calg,0.1635,-0.0005840545676939479,-0.00360302430432,-0.00022221041192382884,0.0023746091099157984,0.0145677895962036,2.6475680538003605e-05
calg,0.164,-0.0005858561352936054,-0.0036031351994895,-0.00022257185909999695,0.0023818930113877756,0.0145678029440183,2.6614539890464545e-05
calg,0.1645,-0.0005876577584353893,-0.0036032462832803,-0.00022294373386192286,0.0023891769195673873,0.0145678163592909,2.6750716657174068e-05
calg,0.165,-0.00058945943725075,-0.0036033576306298,-0.00022332542603335846,0.002396460834479197,0.0145678298234339,2.6884361347662938e-05
calg,0.1655,-0.0005912611718691396,-0.0036034692369076,-0.00022371633787145382,0.0024037447561478797,0.0145678433375392,2.7015621404708717e-05
calg,0.166,-0.0005930629624180117,-0.00360358109754,-0.00022411588398096343,0.0024110286845992757,0.0145678569026849,2.714464123326501e-05
calg,0.1665,-0.0005948648090219333,-0.0036036932080106,-0.00022452349126668634,0.0024183126198591975,0.0145678705199347,2.7271562200038514e-05
calg,0.167,-0.0005966667118039171,-0.0036038055638587,-0.0002249385989190439,0.0024255965619544018,0.0145678841903385,2.73965226476153e-05
calg,0.1675,-0.0005984686708843112,-0.0036039181606798,-0.00022536065832858197,0.0024328805109118945,0.0145678979149322,2.7519657928549923e-05
calg,0.168,-0.0006002706863813545,-0.0036040309941264,-0.00022578913302859877,0.0024401644667592925,0.0145679116947377,2.7641100395299423e-05
calg,0.1685,-0.0006020727584113983,-0.0036041440599075,-0.00022622349863809008,0.0024474484295246846,0.014567925530763,2.7760979414349575e-05
calg,0.169,-0.0006038748870881294,-0.0036042573537879,-0.00022666324274761828,0.0024547323992366865,0.0145679394240019,2.7879421418998075e-05
calg,0.1695,-0.0006056770725240135,-0.0036043708715886,-0.00022710521542383214,0.0024620163759243863,0.0145679533754345,2.799720520468576e-05
calg,0.17,-0.0006074793148285185,-0.0036044846091865,-0.00022754278382382189,0.002469300359617399,0.0145679673860271,2.811597108105735e-05
calg,0.1705,-0.0006092816141100021,-0.0036045985625145,-0.00022797226722379822,0.002476584350345701,0.014567981456732,2.8236629323819513e-05
calg,0.171,-0.0006110839704736026,-0.0036047127275615,-0.00022839377620474468,0.0024838683481399892,0.0145679955884876,2.835915249527992e-05
calg,0.1715,-0.000612886384024014,-0.003604827100371,-0.00022880742090951905,0.002491152353031101,0.0145680097822188,2.8483513247748316e-05
calg,0.172,-0.0006146888548623775,-0.0036049416770426,-0.0002292133110856975,0.0024984363650504826,0.0145680240388365,2.8609684352381188e-05
calg,0.1725,-0.0006164913830891683,-0.0036050564537309,-0.00022961155609045933,0.0025057203842300813,0.0145680383592381,2.8737638666699793e-05
calg,0.173,-0.0006182939688025302,-0.0036051714266445,-0.00023000226480477233,0.0025130044106022875,0.0145680527443074,2.8867349161996814e-05
calg,0.1735,-0.0006200966120987195,-0.0036052865920478,-0.00023038554557618966,0.0025202884441996865,0.0145680671949145,2.8998788933317803e-05
calg,0.174,-0.0006218993130719941,-0.0036054019462584,-0.00023076150625236802,0.0025275724850556958,0.0145680817119161,2.9131931195231736e-05
calg,0.1745,-0.0006237020718147246,-0.0036055174856488,-0.00023113025414761302,0.0025348565332037887,0.0145680962961556,2.9266749304754502e-05
calg,0.175,-0.0006255048884179493,-0.0036056332066449,-0.0002314918959999928,0.0025421405886779935,0.0145681109484629,2.940321675238251e-05
calg,0.1755,-0.000627307762970819,-0.0036057491057255,-0.0002318465379571271,0.0025494246515127827,0.0145681256696546,2.954130715718658e-05
calg,0.1759999999999999,-0.0006291106955605974,-0.0036058651794236,-0.00023219428550951059,0.0025567087217431006,0.0145681404605343,2.9680994304876712e-05
calg,0.1764999999999999,-0.0006309136862727716,-0.0036059814243243,-0.00023253524353333566,0.0025639927994040024,0.0145681553218922,2.982225214306514e-05
calg,0.1769999999999999,-0.0006327167351911633,-0.0036060978370654,-0.00023286951624284803,0.0025712768845312928,0.0145681702545056,2.9965054771369503e-05
calg,0.1774999999999999,-0.0006345198423983733,-0.0036062144143367,-0.0002331972071143017,0.0025785609771608875,0.014568185259139,3.010937646188322e-05
calg,0.1779999999999999,-0.0006363230079747817,-0.0036063311528797,-0.00023351841895238206,0.002585845077329091,0.0145682003365437,3.0255191657145376e-05
calg,0.1784999999999999,-0.0006381262319995473,-0.0036064480494874,-0.00023383325382854095,0.00259312918507279,0.0145682154874586,3.0402474976146516e-05
calg,0.1789999999999999,-0.0006399295145499417,-0.0036065651010036,-0.00023414181308571239,0.002600413300429094,0.0145682307126097,3.055120122371794e-05
calg,0.1794999999999999,-0.0006417328557023483,-0.0036066823043231,-0.00023444419728571982,0.002607697423435501,0.0145682460127103,3.0701345385710154e-05
calg,0.1799999999999999,-0.0006435362555305968,-0.0036067996563905,-0.000234740506185697,0.002614981554129703,0.0145682613884615,3.0852882628569965e-05
calg,0.1804999999999999,-0.0006453397141075179,-0.0036069171542006,-0.00023503083880476488,0.002622265692550002,0.0145682768405519,3.1005788328438856e-05
calg,0.1809999999999999,-0.0006471432315051651,-0.0036070347947975,-0.00023531529330954117,0.002629549838734785,0.0145682923696575,3.11600380618483e-05
calg,0.1814999999999999,-0.0006489468077928162,-0.0036071525752742,-0.0002355939670238045,0.0026368339927231033,0.0145683079764425,3.131560759988312e-05
calg,0.182,-0.0006507504430391942,-0.0036072704927725,-0.0002358669564571277,0.0026441181545537873,0.0145683236615589,3.147247291892424e-05
calg,0.1825,-0.0006525541373113564,-0.0036073885444822,-0.00023613435730001392,0.002651402324266694,0.0145683394256466,3.163061018576113e-05
calg,0.183,-0.000654357890675139,-0.0036075067276407,-0.00023639626436191446,0.0026586865019012917,0.0145683552693337,3.178999580005517e-05
calg,0.1835,-0.0006561617031949352,-0.0036076250395327,-0.000236652771566661,0.0026659706874978817,0.0145683711932366,3.195060637133162e-05
calg,0.184,-0.0006579655749338054,-0.00360774347749,-0.000236903971995225,0.002673254881096876,0.0145683871979598,3.211241870476875e-05
calg,0.1845,-0.000659769505953145,-0.003607862038891,-0.00023714995779047126,0.002680539082738992,0.0145684032840965,3.2275409847636906e-05
calg,0.185,-0.0006615734963137943,-0.0036079807211592,-0.00023739082022381349,0.0026878232924650858,0.0145684194522283,3.243955705715488e-05
calg,0.1855,-0.000663377546074817,-0.0036080995217644,-0.0002376266496714027,0.0026951075103164857,0.0145684357029254,3.2604837795245446e-05
calg,0.186,-0.0006651816552937229,-0.0036082184382209,-0.00023785753557143118,0.0027023917363348804,0.014568452036747,3.277122977615864e-05
calg,0.1865,-0.0006669858240279103,-0.0036083374680877,-0.00023808356646194353,0.0027096759705619866,0.0145684684542412,3.293871092857614e-05
calg,0.187,-0.0006687900523323353,-0.0036084566089677,-0.00023830482993334034,0.002716960213039993,0.0145684849559449,3.3107259399840705e-05
calg,0.1875,-0.00067059434026151,-0.0036085758585076,-0.00023852141262378912,0.0027242444638111984,0.0145685015423842,3.3276853580994316e-05
calg,0.188,-0.0006723986878687249,-0.0036086952143978,-0.0002387334002666362,0.0027315287229182916,0.0145685182140743,3.3447472080978746e-05
calg,0.1885,-0.0006742030952059386,-0.0036088146743702,-0.00023894087768093288,0.002738812990403988,0.0145685349715202,3.361909373805496e-05
calg,0.189,-0.0006760075623241102,-0.0036089342361998,-0.00023914392869524227,0.002746097266311587,0.0145685518152159,3.379169763333729e-05
calg,0.1895,-0.0006778120892731998,-0.0036090538977031,-0.00023934263616189253,0.002753381550684386,0.0145685687456452,3.396526307615962e-05
calg,0.19,-0.0006796166761016131,-0.0036091736567372,-0.00023953708202855984,0.0027606658435661013,0.0145685857632816,3.4139769604667524e-05
calg,0.1905,-0.0006814213228572008,-0.0036092935112011,-0.0002397273472809597,0.002767950145000392,0.0145686028685884,3.4315197004681454e-05
calg,0.191,-0.0006832260295865922,-0.0036094134590331,-0.0002399135119428469,0.002775234455031389,0.0145686200620187,3.449152528093672e-05
calg,0.1915,-0.0006850307963355284,-0.003609533498212,-0.0002400956550809429,0.0027825187737033907,0.014568637344016,3.466873467628502e-05
calg,0.192,-0.0006868356231491957,-0.0036096536267554,-0.0002402738548142827,0.0027898031010608892,0.0145686547150135,3.4846805662051374e-05
calg,0.1925,-0.0006886405100703374,-0.0036097738427199,-0.00024044818831903654,0.0027970874371485988,0.0145686721754353,3.5025718952414175e-05
calg,0.193,-0.0006904454571425855,-0.0036098941441999,-0.0002406187317428429,0.0028043717820114,0.0145686897256954,3.520545551421741e-05
calg,0.1935,-0.0006922504644071292,-0.0036100145293286,-0.00024078556034285676,0.002811656135694479,0.0145687073661986,3.5385996519093644e-05
calg,0.194,-0.0006940555319051578,-0.0036101349962761,-0.00024094874840001928,0.0028189404982431887,0.0145687250973402,3.556732338575822e-05
calg,0.1945,-0.0006958606596767503,-0.0036102555432492,-0.00024110836918573008,0.0028262248697029924,0.0145687429195065,3.5749417785676686e-05
calg,0.195,-0.0006976658477612085,-0.0036103761684912,-0.00024126449509048476,0.0028335092501194925,0.0145687608330744,3.5932261604830816e-05
calg,0.1955,-0.0006994710961963913,-0.0036104968702816,-0.00024141719750953294,0.00284079363953868,0.0145687788384121,3.611583696198972e-05
calg,0.196,-0.0007012764050197129,-0.0036106176469349,-0.00024156654685239399,0.002848078038006685,0.0145687969358787,3.630012623340966e-05
calg,0.1965,-0.0007030817742681439,-0.0036107384968012,-0.00024171261262856668,0.0028553624455695814,0.0145688151258246,3.648511200952479e-05
calg,0.197,-0.0007048872039773224,-0.0036108594182641,-0.00024185546339043165,0.0028626468622738876,0.0145688334085918,3.6670777118970255e-05
calg,0.1975,-0.0007066926941823315,-0.0036109804097424,-0.00024199516672853587,0.0028699312881660943,0.0145688517845132,3.685710461902369e-05
calg,0.198,-0.000708498244917144,-0.0036111014696876,-0.00024213178934287934,0.0028772157232930806,0.0145688702539139,3.7044077785708396e-05
calg,0.1985,-0.0007103038562153996,-0.0036112225965844,-0.00024226539695714253,0.002884500167701698,0.0145688888171104,3.723168015236565e-05
calg,0.199,-0.0007121095281097389,-0.0036113437889508,-0.00024239605431904584,0.002891784621438881,0.014568907474411,3.7419895476157684e-05
calg,0.1995,-0.0007139152606323584,-0.0036114650453356,-0.00024252382530953214,0.0028990690845518974,0.0145689262261162,3.7608707728509216e-05
calg,0.2,-0.0007157210538145664,-0.0036115863643202,-0.00024264877288095375,0.0029063535570881815,0.0145689450725184,3.779810110948745e-05
calg,0.2005,-0.000717526907686783,-0.003611707744517,-0.00024277095902856618,0.0029136380390951955,0.0145689640139021,3.7988060061928354e-05
calg,0.201,-0.0007193328222792061,-0.003611829184569,-0.00024289044485714144,0.002920922530620401,0.0145689830505441,3.8178569242930394e-05
calg,0.2015,-0.0007211387976208128,-0.0036119506831491,-0.00024300729054764028,0.002928207031711788,0.0145690021827139,3.836961353341296e-05
calg,0.202,-0.0007229448337401356,-0.0036120722389612,-0.00024312155537620228,0.0029354915424170958,0.014569021410673,3.8561178033294906e-05
calg,0.2025,-0.0007247509306655964,-0.0036121938507374,-0.0002432332977190519,0.002942776062784397,0.014569040734676,3.8753248076128257e-05
calg,0.203,-0.0007265570884239514,-0.0036123155172392,-0.00024334257504763474,0.002950060592861903,0.0145690601549698,3.894580921903228e-05
calg,0.2035,-0.0007283633070427342,-0.0036124372372568,-0.0002434494439857358,0.0029573451326977973,0.0145690796717944,3.913884721900864e-05
calg,0.204,-0.000730169586547591,-0.0036125590096078,-0.00024355396020475916,0.002964629682340486,0.0145690992853828,3.933234806660767e-05
calg,0.2045,-0.0007319759269641679,-0.0036126808331376,-0.00024365617851425844,0.002971914241838486,0.014569118995961,3.9526297966642144e-05
calg,0.205,-0.000733782328317556,-0.0036128027067192,-0.00024375615292857166,0.0029791988112403966,0.014569138803748,3.972068331907034e-05
calg,0.2055,-0.0007355887906324021,-0.0036129246292517,-0.00024385393651904508,0.0029864833905947907,0.0145691587089562,3.9915490752408444e-05
calg,0.206,-0.00073739531393191,-0.0036130465996607,-0.00024394958150953356,0.0029937679799506844,0.0145691787117916,4.0110707118993595e-05
calg,0.2065,-0.0007392018982406157,-0.0036131686168978,-0.00024404313931907545,0.0030010525793569,0.0145691988124533,4.0306319461825256e-05
calg,0.207,-0.0007410085435806124,-0.0036132906799398,-0.0002441346604571721,0.003008337188862481,0.0145692190111342,4.0502315033343785e-05
calg,0.2075,-0.0007428152499743268,-0.0036134127877884,-0.0002442241946285929,0.0030156218085165,0.0145692393080209,4.069868129526133e-05
calg,0.208,-0.0007446220174444074,-0.0036135349394702,-0.0002443117907381334,0.0030229064383681947,0.0145692597032937,4.089540591433236e-05
calg,0.2084999999999999,-0.0007464288460111712,-0.0036136571340358,-0.0002443974968142954,0.003030191078466693,0.014569280197127,4.109247677132002e-05
calg,0.2089999999999999,-0.0007482357356966007,-0.0036137793705599,-0.0002444813600714595,0.003037475728861594,0.0145693007896889,4.128988193333579e-05
calg,0.2094999999999999,-0.0007500426865205689,-0.0036139016481396,-0.00024456342695239065,0.0030447603896020803,0.0145693214811419,4.148760966195991e-05
calg,0.2099999999999999,-0.0007518496985036149,-0.0036140239658956,-0.00024464374309046954,0.00305204506073789,0.0145693422716426,4.1685648423814945e-05
calg,0.2104999999999999,-0.0007536567716649456,-0.0036141463229717,-0.0002447223533047652,0.003059329742318595,0.0145693631613417,4.188398689530275e-05
calg,0.2109999999999999,-0.0007554639060243229,-0.0036142687185324,-0.0002447993016333207,0.003066614434393794,0.0145693841503846,4.2082613933336875e-05
calg,0.2114999999999999,-0.0007572711015999545,-0.0036143911517653,-0.0002448746313523759,0.0030738991370132807,0.0145694052389111,4.2281518571366895e-05
calg,0.2119999999999999,-0.0007590783584111582,-0.0036145136218785,-0.0002449483849619024,0.003081183850226793,0.0145694264270556,4.248069005228333e-05
calg,0.2124999999999999,-0.0007608856764751426,-0.0036146361281014,-0.0002450206042047635,0.003088468574084291,0.014569447714947,4.2680117804732865e-05
calg,0.2129999999999999,-0.0007626930558100042,-0.0036147586696844,-0.00024509133006193434,0.003095753308635596,0.0145694691027092,4.287979144286458e-05
calg,0.2135,-0.0007645004964329516,-0.0036148812458977,-0.0002451606027333641,0.00310303805393089,0.0145694905904608,4.3079700766752927e-05
calg,0.214,-0.0007663079983611931,-0.0036150038560314,-0.0002452284617047585,0.0031103228100199942,0.0145695121783156,4.327983575723779e-05
calg,0.2145,-0.000768115561610716,-0.0036151264993947,-0.00024529494576189644,0.003117607576953202,0.0145695338663822,4.3480186566619796e-05
calg,0.215,-0.0007699231861983957,-0.0036152491753167,-0.00024536009297620743,0.003124892354780584,0.0145695556547645,4.36807435238202e-05
calg,0.2155,-0.0007717308721399974,-0.003615371883145,-0.0002454239406571486,0.003132177143552378,0.0145695775435614,4.3881497147576655e-05
calg,0.216,-0.0007735386194511751,-0.0036154946222453,-0.00024548652542380874,0.0031394619433187942,0.0145695995328676,4.4082438128425916e-05
calg,0.2165,-0.0007753464281471389,-0.0036156173920014,-0.0002455478831999808,0.003146746754130181,0.0145696216227728,4.428355732379768e-05
calg,0.217,-0.00077715429824321,-0.0036157401918155,-0.0002456080492237841,0.0031540315760368864,0.0145696438133621,4.448484575716872e-05
calg,0.2175,-0.0007789622297535992,-0.0036158630211063,-0.000245667058057117,0.0031613164090892876,0.0145696661047165,4.4686294633288794e-05
calg,0.218,-0.0007807702226934055,-0.0036159858793102,-0.0002457249435523712,0.0031686012533376773,0.0145696884969125,4.488789531424212e-05
calg,0.2185,-0.0007825782770763956,-0.0036161087658797,-0.00024578173891426624,0.0031758861088326817,0.0145697109900224,4.50896393332353e-05
calg,0.219,-0.0007843863929163364,-0.0036162316802837,-0.0002458374767094921,0.0031831709756247883,0.0145697335841144,4.529151838097857e-05
calg,0.2195,-0.0007861945702275497,-0.0036163546220078,-0.000245892188861888,0.0031904558537644012,0.0145697562792524,4.549352429528142e-05
calg,0.22,-0.0007880028090228031,-0.0036164775905527,-0.0002459459066476208,0.003197740743302091,0.0145697790754963,4.569564909048939e-05
calg,0.2205,-0.0007898111093155302,-0.003616600585435,-0.00024599866066189947,0.003205025644288595,0.0145698019729022,4.58978849475872e-05
calg,0.221,-0.0007916194711186098,-0.0036167236061861,-0.0002460504809285803,0.0032123105567742893,0.0145698249715222,4.610022417139703e-05
calg,0.2215,-0.0007934278944448092,-0.0036168466523519,-0.00024610139687144964,0.0032195954808099947,0.0145698480714048,4.6302659219084795e-05
calg,0.222,-0.0007952363793063411,-0.003616969723493,-0.0002461514372380936,0.0032268804164462817,0.0145698712725947,4.6505182733403403e-05
calg,0.2225,-0.0007970449257161949,-0.0036170928191845,-0.0002462006302237997,0.0032341653637338874,0.0145698945751329,4.6707787481027806e-05
calg,0.223,-0.000798853533685584,-0.0036172159390146,-0.0002462490034238062,0.0032414503227233826,0.014569917979057,4.69104663715028e-05
calg,0.2235,-0.0008006622032267208,-0.0036173390825858,-0.0002462965838428395,0.0032487352934655878,0.0145699414844008,4.7113212466632335e-05
calg,0.224,-0.0008024709343515957,-0.0036174622495135,-0.0002463433979333061,0.0032560202760111845,0.0145699650911952,4.731601896652242e-05
calg,0.2245,-0.0008042797270713109,-0.0036175854394265,-0.00024638947157141713,0.0032633052704108823,0.0145699887994672,4.751887920941199e-05
calg,0.225,-0.0008060885813974128,-0.0036177086519657,-0.0002464348300571464,0.0032705902767155848,0.0145700126092408,4.772178668097754e-05
calg,0.2255,-0.0008078974973407815,-0.0036178318867853,-0.0002464794981333261,0.0032778752949757795,0.0145700365205368,4.79247350000378e-05
calg,0.226,-0.0008097064749124083,-0.0036179551435503,-0.0002465234999952263,0.003285160325242481,0.014570060533373,4.8127717923882705e-05
calg,0.2265,-0.0008115155141236174,-0.0036180784219395,-0.0002465668593380726,0.003292445367566399,0.0145700846477636,4.8330729328733515e-05
calg,0.227,-0.0008133246149844009,-0.0036182017216415,-0.0002466095993237819,0.003299730421998298,0.0145701088637204,4.8533763223953687e-05
calg,0.2275,-0.0008151337775054168,-0.0036183250423574,-0.00024665174255715055,0.003307015488588888,0.0145701331812519,4.873681375720873e-05
calg,0.228,-0.0008169430016972123,-0.0036184483837991,-0.00024669331118097403,0.0033143005673891,0.0145701576003638,4.8939875190443094e-05
calg,0.2285,-0.0008187522875700015,-0.0036185717456893,-0.0002467343268095184,0.0033215856584495884,0.014570182121059,4.914294192855569e-05
calg,0.229,-0.0008205616351339984,-0.0036186951277613,-0.00024677481056193225,0.003328870761821201,0.0145702067433377,4.934600847634434e-05
calg,0.2295,-0.0008223710443987509,-0.0036188185297587,-0.00024681478305715085,0.003336155877554786,0.0145702314671974,4.954906947149528e-05
calg,0.23,-0.000824180515374584,-0.0036189419514358,-0.00024685426443330866,0.003343441005701192,0.0145702562926328,4.975211968568279e-05
calg,0.2305,-0.0008259900480707127,-0.0036190653925559,-0.00024689327437140324,0.0033507261463109894,0.0145702812196362,4.9955153980921606e-05
calg,0.231,-0.000827799642497129,-0.0036191888528926,-0.00024693183209523184,0.003358011299435082,0.0145703062481973,5.0158167338157765e-05
calg,0.2315,-0.0008296092986631587,-0.0036193123322284,-0.00024696995634760065,0.003365296465124179,0.0145703313783035,5.0361154866573356e-05
calg,0.232,-0.0008314190165783497,-0.0036194358303557,-0.0002470076654095054,0.0033725816434291844,0.0145703566099394,5.056411178556919e-05
calg,0.2325,-0.0008332287962519169,-0.003619559347075,-0.00024704497714282746,0.0033798668344006966,0.0145703819430878,5.076703341419123e-05
calg,0.233,-0.0008350386376931862,-0.0036196828821962,-0.00024708190895233225,0.0033871520380895914,0.0145704073777287,5.096991519041675e-05
calg,0.2335,-0.0008368485409108173,-0.0036198064355377,-0.00024711847781423913,0.003394437254546495,0.0145704329138402,5.1172752657028096e-05
calg,0.234,-0.0008386585059143581,-0.0036199300069257,-0.00024715470029996957,0.0034017224838222004,0.0145704585513981,5.1375541452307925e-05
calg,0.2345,-0.0008404685327123573,-0.0036200535961954,-0.00024719059259522186,0.003409007725967389,0.0145704842903759,5.1578277309531695e-05
calg,0.235,-0.0008422786213139188,-0.0036201772031888,-0.00024722617040476687,0.003416292981032798,0.0145705101307454,5.178095608099078e-05
calg,0.2355,-0.0008440887717279244,-0.0036203008277565,-0.00024726144906666344,0.003423578249068998,0.014570536072476,5.198357371896006e-05
calg,0.236,-0.0008458989839628117,-0.0036204244697563,-0.00024729644353808987,0.003430863530126782,0.0145705621155352,5.2186126266477795e-05
calg,0.2365,-0.0008477092580271295,-0.0036205481290533,-0.00024733116834761503,0.0034381488242566927,0.0145705882598887,5.238860986656575e-05
calg,0.237,-0.0008495195939299816,-0.0036206718055198,-0.00024736563766193854,0.003445434131509495,0.0145706145055001,5.259102075698474e-05
calg,0.2375,-0.0008513299916795836,-0.0036207954990348,-0.0002473998652905218,0.003452719451935593,0.0145706408523314,5.279335526169115e-05
calg,0.238,-0.0008531404512843732,-0.0036209192094841,-0.00024743386468571515,0.0034600047855857796,0.0145706673003426,5.2995609799887957e-05
calg,0.2385,-0.0008549509727527882,-0.0036210429367604,-0.0002474676488904822,0.0034672901325104866,0.0145706938494921,5.319778088568634e-05
calg,0.239,-0.0008567615560931552,-0.0036211666807621,-0.0002475012306429087,0.0034745754927603956,0.0145707204997365,5.3399865100022314e-05
calg,0.2395,-0.0008585722013138009,-0.0036212904413948,-0.0002475346223095256,0.003481860866385883,0.0145707472510307,5.3601859133120146e-05
calg,0.2399999999999999,-0.0008603829084229409,-0.0036214142185697,-0.00024756783590000673,0.0034891462534376028,0.0145707741033279,5.380375975700111e-05
calg,0.2404999999999999,-0.0008621936774291239,-0.0036215380122033,-0.00024760088312382136,0.0034964316539658757,0.01457080105658,5.400556380941168e-05
calg,0.2409999999999999,-0.0008640045083401215,-0.0036216618222188,-0.00024763377533337,0.0035037170680213003,0.0145708281107371,5.420726823332632e-05
calg,0.2414999999999999,-0.0008658154011643715,-0.003621785648544,-0.0002476665235619434,0.0035110024956540864,0.014570855265748,5.4408870038121414e-05
calg,0.2419999999999999,-0.0008676263559099784,-0.0036219094911123,-0.00024769913850003754,0.003518287936914888,0.01457088252156,5.461036632385211e-05
calg,0.2424999999999999,-0.0008694373725849358,-0.0036220333498627,-0.0002477316305667044,0.0035255733918539978,0.0145709098781188,5.4811754257144685e-05
calg,0.2429999999999999,-0.0008712484511973484,-0.0036221572247391,-0.00024776400988100295,0.0035328588605215983,0.0145709373353689,5.501303107136564e-05
calg,0.2434999999999999,-0.0008730595917552098,-0.0036222811156905,-0.00024779628623340855,0.0035401443429682877,0.0145709648932534,5.52141940903911e-05
calg,0.2439999999999999,-0.0008748707942665135,-0.0036224050226701,-0.00024782846915244726,0.0035474298392440817,0.0145709925517141,5.5415240704752886e-05
calg,0.2445,-0.0008766820587393642,-0.0036225289456368,-0.0002478605678619366,0.0035547153493994954,0.0145710203106913,5.561616837620623e-05
calg,0.245,-0.0008784933851815335,-0.0036226528845528,-0.000247892591271448,0.003562000873484489,0.0145710481701245,5.5816974638068205e-05
calg,0.2455,-0.0008803047736013481,-0.0036227768393853,-0.00024792454804763625,0.0035692864115494938,0.0145710761299517,5.6017657095217664e-05
calg,0.246,-0.0008821162240063574,-0.0036229008101056,-0.0002479564465857541,0.0035765719636445814,0.0145711041901097,5.6218213419104556e-05
calg,0.2465,-0.0008839277364047771,-0.0036230247966892,-0.0002479882949905141,0.003583857529819795,0.0145711323505344,5.641864134292838e-05
calg,0.247,-0.0008857393108043787,-0.0036231487991152,-0.000248020101161925,0.0035911431101254,0.0145711606111603,5.6618938657070405e-05
calg,0.2475,-0.0008875509472129339,-0.0036232728173664,-0.0002480518727380886,0.003598428704611384,0.0145711889719213,5.6819103223727464e-05
calg,0.248,-0.0008893626456387693,-0.0036233968514301,-0.0002480836170476188,0.0036057143133277902,0.0145712174327496,5.7019132971413723e-05
calg,0.2485,-0.0008911744060893234,-0.0036235209012963,-0.0002481153412047825,0.003612999936324496,0.0145712459935769,5.721902588565594e-05
calg,0.249,-0.0008929862285728118,-0.0036236449669591,-0.00024814705211427865,0.0036202855736516826,0.0145712746543337,5.741878000002709e-05
calg,0.2495,-0.0008947981130971172,-0.0036237690484156,-0.00024817875638567734,0.0036275712253591996,0.0145713034149497,5.7618393433365276e-05
calg,0.25,-0.0008966100596700111,-0.0036238931456664,-0.00024821046039523253,0.003634856891496785,0.0145713322753534,5.781786435720719e-05
calg,0.2505,-0.0008984220682991539,-0.0036240172587148,-0.00024824217036670655,0.003642142572114593,0.0145713612354726,5.8017190966689704e-05
calg,0.251,-0.0009002341389932056,-0.0036241413875672,-0.0002482738922905244,0.0036494282672621947,0.0145713902952343,5.8216371538069976e-05
calg,0.2515,-0.0009020462717591604,-0.0036242655322332,-0.0002483056318904886,0.003656713976989495,0.0145714194545646,5.8415404395143845e-05
calg,0.252,-0.0009038584666055671,-0.0036243896927244,-0.0002483373947095302,0.0036639997013460934,0.0145714487133887,5.8614287914152e-05
calg,0.2525,-0.0009056707235399752,-0.0036245138690563,-0.0002483691861238144,0.0036712854403819772,0.0145714780716311,5.881302051904297e-05
calg,0.253,-0.0009074830425707114,-0.0036246380612462,-0.0002484010112428413,0.0036785711941465793,0.0145715075292154,5.9011600690524124e-05
calg,0.2535,-0.0009092954237052142,-0.0036247622693136,-0.0002484328750142722,0.003685856962689582,0.0145715370860647,5.921002695726448e-05
calg,0.254,-0.0009111078669519213,-0.0036248864932813,-0.000248464782195233,0.003693142746060696,0.0145715667421012,5.940829788582865e-05
calg,0.2545,-0.0009129203723183821,-0.0036250107331737,-0.000248496737323808,0.0037004285443092977,0.0145715964972463,5.960641209522608e-05
calg,0.255,-0.0009147329398129234,-0.0036251349890173,-0.0002485287447762002,0.003707714357484987,0.0145716263514212,5.9804368257164785e-05
calg,0.2555,-0.0009165455694433167,-0.0036252592608406,-0.0002485608087285823,0.0037150001856372794,0.0145716563045461,6.000216510002704e-05
calg,0.256,-0.0009183582612175556,-0.0036253835486752,-0.00024859293322381556,0.003722286028815497,0.0145716863565404,6.0199801366575146e-05
calg,0.2565,-0.0009201710151439668,-0.0036255078525538,-0.00024862512213332167,0.003729571887069183,0.0145717165073233,6.0397275842796085e-05
calg,0.257,-0.0009219838312303219,-0.0036256321725107,-0.0002486573791380926,0.003736857760447576,0.0145717467568131,6.0594587376257214e-05
calg,0.2575,-0.0009237967094846145,-0.0036257565085826,-0.0002486897077286062,0.0037441436490000812,0.0145717771049278,6.079173484768454e-05
calg,0.258,-0.0009256096499149491,-0.0036258808608076,-0.00024872211126194426,0.003751429552775881,0.0145718075515847,6.098871718102876e-05
calg,0.2585,-0.0009274226525295415,-0.003626005229225,-0.0002487545929857311,0.0037587154718241866,0.0145718380967007,6.11855333285777e-05
calg,0.259,-0.0009292357173366073,-0.0036261296138767,-0.00024878715593332874,0.0037660014061942915,0.0145718687401919,6.138218228093773e-05
calg,0.2595,-0.000931048844343918,-0.0036262540148048,-0.00024881980297619677,0.0037732873559352953,0.0145718994819743,6.157866308564324e-05
calg,0.26,-0.0009328620335599114,-0.0036263784320537,-0.00024885253690002225,0.0037805733210962977,0.0145719303219631,6.17749748046932e-05
calg,0.2605,-0.0009346752849928031,-0.0036265028656686,-0.0002488853603714129,0.0037878593017262874,0.0145719612600734,6.197111652859295e-05
calg,0.261,-0.0009364885986508087,-0.0036266273156959,-0.0002489182758427984,0.0037951452978743916,0.0145719922962197,6.216708740959729e-05
calg,0.2615,-0.0009383019745418109,-0.0036267517821838,-0.0002489512856475928,0.003802431309589599,0.0145720234303159,6.236288661916267e-05
calg,0.262,-0.0009401154126743583,-0.0036268762651814,-0.00024898439202381527,0.003809717336920676,0.0145720546622757,6.255851336198876e-05
calg,0.2625,-0.0009419289130567776,-0.0036270007647381,-0.0002490175970428459,0.0038170033799166947,0.0145720859920125,6.275396687627222e-05
calg,0.263,-0.0009437424756971735,-0.0036271252809049,-0.0002490509026857033,0.003824289438626477,0.0145721174194391,6.2949246414336e-05
calg,0.2635,-0.0009455561006042057,-0.0036272498137341,-0.00024908431082857973,0.0038315755130986784,0.0145721489444682,6.314435127621092e-05
calg,0.264,-0.0009473697877857568,-0.0036273743632784,-0.00024911782319048115,0.0038388616033821765,0.0145721805670118,6.333928079517106e-05
calg,0.2645,-0.0009491835372508195,-0.0036274989295911,-0.0002491514413761979,0.0038461477095256824,0.014572212286982,6.353403432377664e-05
calg,0.265,-0.0009509973490069434,-0.0036276235127264,-0.0002491851669047688,0.003853433831577796,0.0145722441042903,6.372861124766194e-05
calg,0.2655,-0.0009528112230633434,-0.0036277481127395,-0.0002492190011714164,0.0038607199695872008,0.0145722760188481,6.392301097140909e-05
calg,0.266,-0.0009546251594283461,-0.0036278727296862,-0.00024925294548095947,0.0038680061236024965,0.0145723080305663,6.411723292379246e-05
calg,0.2665,-0.0009564391581099452,-0.0036279973636223,-0.0002492870010142946,0.0038752922936722,0.0145723401393558,6.431127657621904e-05
calg,0.267,-0.0009582532191173554,-0.0036281220146053,-0.00024932116882856565,0.0038825784798448004,0.0145723723451269,6.450514141895897e-05
calg,0.2675,-0.0009600673424587924,-0.0036282466826917,-0.00024935544995712585,0.0038898646821687033,0.0145724046477901,6.469882695226388e-05
calg,0.268,-0.000961881528142805,-0.0036283713679395,-0.0002493898453571143,0.0038971509006922866,0.0145724370472552,6.489233269998554e-05
calg,0.2685,-0.0009636957761779419,-0.0036284960704071,-0.0002494243557952194,0.003904437135464095,0.014572469543432,6.508565822378676e-05
calg,0.269,-0.0009655100865731958,-0.0036286207901529,-0.00024945898194759863,0.003911723386532201,0.0145725021362302,6.527880311908112e-05
calg,0.2695,-0.0009673244593365604,-0.0036287455272358,-0.0002494937244809357,0.003919009653944899,0.0145725348255591,6.547176698102844e-05
calg,0.27,-0.0009691388944775836,-0.0036288702817146,-0.0002495285839904792,0.003926295937750596,0.0145725676113279,6.566454941434703e-05
calg,0.2705,-0.00097095339200437,-0.0036289950536489,-0.00024956356093808196,0.00393358223799728,0.0145726004934457,6.585715007137846e-05
calg,0.271,-0.0009727679519259125,-0.003629119843098,-0.000249598655685719,0.00394086855473319,0.0145726334718212,6.6049568614192e-05
calg,0.2715,-0.0009745825742509817,-0.0036292446501216,-0.00024963386855719484,0.0039481548880064,0.0145726665463633,6.62418047189832e-05
calg,0.272,-0.0009763972589883485,-0.0036293694747794,-0.0002496691997857197,0.003955441237864898,0.0145726997169804,6.643385809045386e-05
calg,0.2725,-0.0009782120061467836,-0.0036294943171312,-0.00024970464956665053,0.003962727604356703,0.014572732983581,6.662572843812733e-05
calg,0.273,-0.000980026815735613,-0.0036296191772374,-0.00024974021804763646,0.003970013987529802,0.0145727663460732,6.681741549039022e-05
calg,0.2735,-0.000981841687762941,-0.0036297440551581,-0.00024977590522859286,0.003977300387431992,0.0145727998043651,6.700891900946444e-05
calg,0.274,-0.0009836566222383158,-0.0036298689509526,-0.00024981171104762216,0.0039845868041110954,0.0145728333583649,6.720023876197057e-05
calg,0.2745,-0.0009854716191707302,-0.0036299938646808,-0.00024984763543333175,0.003991873237615101,0.0145728670079806,6.739137452865542e-05
calg,0.275,-0.000987286678568955,-0.0036301187964028,-0.00024988367825714723,0.0039991596879916935,0.0145729007531198,6.758232610955195e-05
calg,0.2755,-0.0009891018004422047,-0.0036302437461785,-0.00024991983929046837,0.004006446155288501,0.0145729345936902,6.777309330943009e-05
calg,0.276,-0.0009909169847991395,-0.0036303687140671,-0.00024995611828570487,0.004013732639553291,0.0145729685295997,6.796367596181984e-05
calg,0.2765,-0.000992732231649196,-0.003630493700128,-0.00024999251492858966,0.004021019140833693,0.0145730025607556,6.815407390490353e-05
calg,0.277,-0.000994547541001367,-0.0036306187044202,-0.00025002902882855676,0.004028305659177195,0.0145730366870656,6.834428699056683e-05
calg,0.2775,-0.0009963629128647566,-0.0036307437270029,-0.0002500656596000099,0.004035592194631399,0.014573070908437,6.853431508592136e-05
calg,0.278,-0.0009981783472488015,-0.003630868767935,-0.0002501024067571789,0.004042878747243794,0.0145731052247772,6.872415807152825e-05
calg,0.2785,-0.0009999938441626055,-0.0036309938272752,-0.0002501392697381218,0.004050165317061788,0.0145731396359934,6.891381584765776e-05
calg,0.279,-0.0010018094036151615,-0.0036311189050812,-0.00025017624799047615,0.004057451904132786,0.014573174141993,6.910328831432637e-05
calg,0.2795,-0.0010036250256160173,-0.0036312440014108,-0.0002502133409476264,0.004064738508504195,0.0145732087426832,6.929257537138139e-05
calg,0.28,-0.0010054407101739438,-0.003631369116322,-0.0002502505479619214,0.0040720251302232,0.0145732434379712,6.948167694286242e-05
calg,0.2805,-0.0010072564572989329,-0.0036314942498718,-0.00025028786830953785,0.004079311769336985,0.0145732782277641,6.9670592980977e-05
calg,0.281,-0.0010090722669999774,-0.0036316194021168,-0.0002503253012666951,0.004086598425892984,0.014573313111969,6.9859323423891e-05
calg,0.2815,-0.0010108881392865143,-0.0036317445731141,-0.00025036284607619984,0.004093885099938299,0.0145733480904931,7.00478682191596e-05
calg,0.282,-0.0010127040741679805,-0.003631869762919,-0.00025040050195237367,0.004101171791519892,0.0145733831632434,7.023622732863341e-05
calg,0.2825,-0.0010145200716539238,-0.0036319949715874,-0.00025043826806193606,0.004108458500684892,0.0145734183301271,7.042440072854308e-05
calg,0.283,-0.001016336131753559,-0.0036321201991748,-0.0002504761435190348,0.004115745227480483,0.0145734535910511,7.061238840467779e-05
calg,0.2835,-0.0010181522544763233,-0.0036322454457357,-0.00025051412740952273,0.004123031971953378,0.0145734889459226,7.080019034299583e-05
calg,0.284,-0.0010199684398319864,-0.0036323707113243,-0.00025055221879522973,0.00413031873415079,0.0145735243946485,7.098780653816814e-05
calg,0.2845,-0.0010217846878299852,-0.0036324959959942,-0.00025059041675714493,0.004137605514119291,0.0145735599371361,7.117523699036388e-05
calg,0.285,-0.0010236009984799788,-0.0036326212997991,-0.0002506287202904848,0.004144892311905901,0.0145735955732922,7.136248170939534e-05
calg,0.2855,-0.001025417371791404,-0.0036327466227917,-0.000250667128366654,0.004152179127557498,0.014573631303024,7.154954071894725e-05
calg,0.286,-0.0010272338077739196,-0.0036328719650241,-0.0002507056399904699,0.004159465961120601,0.0145736671262386,7.173641404287356e-05
calg,0.2865,-0.0010290503064371848,-0.0036329973265481,-0.00025074425405716534,0.004166752812641977,0.0145737030428432,7.192310170485901e-05
calg,0.287,-0.0010308668677907473,-0.0036331227074146,-0.0002507829694904796,0.004174039682168396,0.0145737390527447,7.210960374271465e-05
calg,0.2875,-0.0010326834918447103,-0.0036332481076746,-0.0002508217852428908,0.004181326569746291,0.0145737751558504,7.229592019518196e-05
calg,0.288,-0.0010345001786083996,-0.0036333735273778,-0.0002508607001381124,0.0041886134754222926,0.0145738113520675,7.248205111419823e-05
calg,0.2884999999999999,-0.0010363169280915852,-0.003633498966574,-0.00025089971302379627,0.004195900399243002,0.0145738476413032,7.266799654747133e-05
calg,0.2889999999999999,-0.00103813374030437,-0.0036336244253118,-0.0002509388227571529,0.004203187341254688,0.0145738840234646,7.285375654769986e-05
calg,0.2894999999999999,-0.001039950615256191,-0.0036337499036393,-0.0002509780281809915,0.00421047430150398,0.0145739204984591,7.3039331176295e-05
calg,0.2899999999999999,-0.0010417675529569292,-0.0036338754016046,-0.0002510173280762238,0.004217761280037091,0.0145739570661939,7.322472050490314e-05
calg,0.2904999999999999,-0.0010435845534167987,-0.0036340009192543,-0.00025105672122384604,0.0042250482769002895,0.0145739937265764,7.340992460009537e-05
calg,0.2909999999999999,-0.0010454016166450142,-0.0036341264566352,-0.0002510962064333607,0.004232335292140094,0.014574030479514,7.359494352395959e-05
calg,0.2914999999999999,-0.0010472187426520119,-0.0036342520137932,-0.00025113578242858247,0.0042396223258024945,0.014574067324914,7.37797773620993e-05
calg,0.2919999999999999,-0.0010490359314471176,-0.0036343775907729,-0.00025117544796669577,0.0042469093779338996,0.0145741042626839,7.396442620011796e-05
calg,0.2924999999999999,-0.0010508531830412116,-0.0036345031876195,-0.00025121520180477965,0.0042541964485803,0.0145741412927312,7.414889011439893e-05
calg,0.2929999999999999,-0.0010526704974431755,-0.003634628804377,-0.0002512550426904813,0.004261483537787686,0.0145741784149634,7.433316917633481e-05
calg,0.2934999999999999,-0.0010544878746635566,-0.0036347544410881,-0.0002512949693381624,0.004268770645602382,0.0145742156292882,7.45172634811722e-05
calg,0.2939999999999999,-0.001056305314712569,-0.0036348800977959,-0.00025133498043336137,0.004276057772070185,0.014574252935613,7.470117312390387e-05
calg,0.2944999999999999,-0.0010581228175999824,-0.003635005774542,-0.00025137507470955676,0.004283344917237086,0.0145742903338456,7.488489819055626e-05
calg,0.2949999999999999,-0.001059940383335567,-0.0036351314713683,-0.00025141525087148846,0.004290632081148993,0.0145743278238937,7.50684387763759e-05
calg,0.2954999999999999,-0.0010617580119297587,-0.0036352571883146,-0.00025145550759530534,0.004297919263851896,0.0145743654056652,7.525179498117718e-05
calg,0.2959999999999999,-0.0010635757033923277,-0.0036353829254219,-0.00025149584356671487,0.004305206465391398,0.0145744030790676,7.54349668907327e-05
calg,0.2964999999999999,-0.001065393457733932,-0.003635508682729,-0.00025153625745243433,0.004312493685813379,0.014574440844009,7.561795461449993e-05
calg,0.2969999999999999,-0.0010672112749640084,-0.0036356344602742,-0.0002515767479476873,0.00431978092516358,0.0145744787003974,7.580075825728389e-05
calg,0.2974999999999999,-0.0010690291550932152,-0.0036357602580958,-0.00025161731373338084,0.004327068183487687,0.0145745166481407,7.598337790502643e-05
calg,0.2979999999999999,-0.0010708470981312113,-0.0036358860762313,-0.0002516579534571575,0.004334355460831302,0.0145745546871468,7.61658136668466e-05
calg,0.2984999999999999,-0.0010726651040885438,-0.0036360119147176,-0.000251698665800009,0.004341642757239889,0.0145745928173238,7.634806564298169e-05
calg,0.2989999999999999,-0.0010744831729753157,-0.0036361377735903,-0.0002517394494190729,0.004348930072759188,0.01457463103858,7.653013394796442e-05
calg,0.2994999999999999,-0.0010763013048017411,-0.0036362636528846,-0.00025178030299523514,0.004356217407434693,0.0145746693508234,7.671201868110158e-05
calg,0.2999999999999999,-0.001078119499577923,-0.0036363895526354,-0.0002518212251666644,0.004363504761311587,0.0145747077539623,7.689371994288425e-05
calg,0.3004999999999999,-0.0010799377573145197,-0.0036365154728768,-0.0002518622146000145,0.004370792134435586,0.014574746247905,7.70752378428544e-05
calg,0.3009999999999999,-0.001081756078021412,-0.0036366414136416,-0.0002519032699904881,0.004378079526851902,0.0145747848325599,7.725657248091098e-05
calg,0.3014999999999999,-0.0010835744617088139,-0.0036367673749628,-0.0002519443899571578,0.004385366938605778,0.0145748235078352,7.743772397141751e-05
calg,0.3019999999999999,-0.0010853929083873837,-0.0036368933568721,-0.0002519855732047848,0.0043926543697425935,0.0145748622736397,7.76186924094514e-05
calg,0.3024999999999999,-0.0010872114180671133,-0.0036370193594009,-0.00025202681843812985,0.00439994182030759,0.0145749011298816,7.779947789051296e-05
calg,0.3029999999999999,-0.0010890299907583278,-0.0036371453825799,-0.0002520681242857399,0.004407229290345788,0.0145749400764695,7.798008053336436e-05
calg,0.3034999999999999,-0.0010908486264715744,-0.0036372714264392,-0.0002521094893857413,0.0044145167799024,0.0145749791133121,7.816050044763214e-05
calg,0.3039999999999999,-0.0010926673252171781,-0.0036373974910077,-0.00025215091242857836,0.004421804289022585,0.014575018240318,7.834073772856292e-05
calg,0.3044999999999999,-0.001094486087005131,-0.0036375235763141,-0.0002521923921524034,0.0044290918177512795,0.0145750574573961,7.852079247140322e-05
calg,0.3049999999999999,-0.001096304911846313,-0.0036376496823867,-0.0002522339272190699,0.004436379366133503,0.0145750967644548,7.870066478577966e-05
calg,0.3054999999999999,-0.0010981237997511606,-0.0036377758092521,-0.00025227551628571545,0.004443666934214191,0.0145751361614033,7.888035477150657e-05
calg,0.3059999999999999,-0.0010999427507295545,-0.0036379019569374,-0.000252317158080955,0.004450954522038281,0.0145751756481503,7.90598625239151e-05
calg,0.3064999999999999,-0.001101761764792375,-0.0036380281254689,-0.0002523588513095283,0.004458242129650597,0.0145752152246046,7.923918815246265e-05
calg,0.307,-0.001103580841949725,-0.0036381543148711,-0.00025240059466668017,0.004465529757095882,0.0145752548906754,7.941833173810036e-05
calg,0.3075,-0.001105399982212374,-0.0036382805251694,-0.000252442386847613,0.004472817404418988,0.0145752946462716,7.959729338571786e-05
calg,0.308,-0.0011072191855903135,-0.0036384067563878,-0.00025248422657142555,0.004480105071664686,0.0145753344913022,7.9776073204688e-05
calg,0.3085,-0.0011090384520947572,-0.0036385330085493,-0.00025252611256193226,0.004487392758877495,0.0145753744256765,7.995467128095259e-05
calg,0.309,-0.0011108577817355858,-0.0036386592816767,-0.00025256804357145395,0.0044946804661021855,0.0145754144493035,8.013308769520899e-05
calg,0.3095,-0.0011126771745233466,-0.0036387855757922,-0.000252610018352396,0.004501968193383193,0.0145754545620926,8.031132253314528e-05
calg,0.31,-0.0011144966304688086,-0.0036389118909179,-0.0002526520356095405,0.004509255940765178,0.0145754947639527,8.048937589990484e-05
calg,0.3105,-0.001116316149582408,-0.0036390382270737,-0.00025269409412382026,0.004516543708292603,0.0145755350547935,8.06672478810066e-05
calg,0.311,-0.001118135731874359,-0.0036391645842805,-0.00025273619267143115,0.004523831496009878,0.014575575434524,8.084493855241095e-05
calg,0.3115,-0.0011199553773557636,-0.0036392909625576,-0.0002527783299761877,0.004531119303961384,0.0145756159030539,8.102244800953362e-05
calg,0.312,-0.0011217750860367248,-0.0036394173619243,-0.0002528205048380974,0.004538407132191585,0.0145756564602924,8.119977633324113e-05
calg,0.3125,-0.001123594857928012,-0.0036395437823986,-0.00025286271604285117,0.004545694980744586,0.014575697106149,8.13769235951799e-05
calg,0.313,-0.00112541469303995,-0.0036396702239982,-0.00025290496236664495,0.004552982849664877,0.0145757378405334,8.15538898808688e-05
calg,0.3135,-0.0011272345913834192,-0.0036397966867406,-0.00025294724262858194,0.004560270738996591,0.014575778663355,8.17306752666912e-05
calg,0.314,-0.0011290545529687446,-0.0036399231706423,-0.00025298955565715496,0.004567558648783887,0.0145758195745235,8.190727982395512e-05
calg,0.3145,-0.0011308745778065843,-0.0036400496757196,-0.00025303190029049967,0.004574846579070785,0.0145758605739482,8.208370361914707e-05
calg,0.315,-0.0011326946659075965,-0.0036401762019876,-0.0002530742753047697,0.0045821345299015825,0.0145759016615391,8.225994673338732e-05
calg,0.3155,-0.0011345148172823283,-0.003640302749461,-0.000253116679552375,0.0045894225013201895,0.0145759428372057,8.243600923333158e-05
calg,0.316,-0.0011363350319413268,-0.0036404293181544,-0.00025315911190953733,0.004596710493370598,0.0145759841008579,8.261189118098313e-05
calg,0.3165,-0.0011381553098953612,-0.0036405559080812,-0.0002532015712142867,0.004603998506096885,0.0145760254524053,8.278759264274391e-05
calg,0.317,-0.0011399756511552006,-0.0036406825192546,-0.00025324405634284474,0.0046112865395426805,0.0145760668917578,8.296311367604945e-05
calg,0.3175,-0.001141796055730726,-0.003640809151687,-0.0002532865661857075,0.0046185745937520895,0.0145761084188252,8.313845434764e-05
calg,0.318,-0.001143616523633595,-0.0036409358053904,-0.0002533290996571614,0.004625862668768882,0.0145761500335173,8.331361469997895e-05
calg,0.3185,-0.001145437054873799,-0.0036410624803765,-0.0002533716556428597,0.004633150764636801,0.014576191735744,8.348859478568031e-05
calg,0.319,-0.0011472576494619968,-0.0036411891766558,-0.0002534142330380777,0.004640438881399478,0.0145762335254153,8.366339466657822e-05
calg,0.3195,-0.0011490783074091793,-0.003641315894239,-0.0002534568307428698,0.004647727019100684,0.014576275402441,8.383801440467597e-05
calg,0.32,-0.0011508990287257825,-0.003641442633136,-0.00025349944770476575,0.004655015177784078,0.0145763173667311,8.401245403812294e-05
calg,0.3205,-0.0011527198134223537,-0.0036415693933555,-0.00025354208290477115,0.0046623033574931805,0.0145763594181956,8.418671360473018e-05
calg,0.321,-0.0011545406615099951,-0.0036416961749067,-0.0002535847352523932,0.004669591558271485,0.0145764015567445,8.436079315702709e-05
calg,0.3215,-0.0011563615729988097,-0.0036418229777976,-0.0002536274037000043,0.004676879780162679,0.0145764437822878,8.453469272859526e-05
calg,0.322,-0.0011581825478997887,-0.003641949802036,-0.00025367008725240057,0.004684168023209978,0.0145764860947356,8.470841235724571e-05
calg,0.3225,-0.0011600035862235902,-0.0036420766476291,-0.0002537127848809656,0.004691456287456985,0.0145765284939979,8.48819520857802e-05
calg,0.323,-0.0011618246879807614,-0.0036422035145837,-0.0002537554956095491,0.004698744572947,0.0145765709799848,8.505531193813724e-05
calg,0.3235,-0.0011636458531824045,-0.0036423304029059,-0.0002537982184381044,0.004706032879723293,0.0145766135526063,8.522849194290773e-05
calg,0.324,-0.0011654670818385116,-0.0036424573126014,-0.0002538409523571322,0.004713321207829191,0.0145766562117726,8.540149213807186e-05
calg,0.3245,-0.0011672883739604067,-0.0036425842436753,-0.00025388369640475634,0.004720609557307881,0.0145766989573939,8.557431254274661e-05
calg,0.325,-0.0011691097295584152,-0.0036427111961322,-0.0002539264495999838,0.004727897928202579,0.0145767417893803,8.574695318560746e-05
calg,0.3255,-0.001170931148643528,-0.0036428381699768,-0.00025396921103807796,0.004735186320556389,0.0145767847076418,8.591941408086527e-05
calg,0.326,-0.0011727526312261816,-0.0036429651652128,-0.00025401197978571134,0.0047424747344124996,0.0145768277120887,8.609169523807853e-05
calg,0.3265,-0.0011745741773171448,-0.0036430921818429,-0.00025405475489523983,0.004749763169813792,0.0145768708026312,8.626379668566894e-05
calg,0.327,-0.0011763957869269648,-0.0036432192198704,-0.0002540975354619057,0.004757051626803399,0.0145769139791793,8.643571842854263e-05
calg,0.3275,-0.0011782174600667439,-0.0036433462792977,-0.00025414032055716076,0.004764340105424203,0.0145769572416433,8.660746048091046e-05
calg,0.328,-0.0011800391967468071,-0.0036434733601264,-0.000254183109280963,0.004771628605719197,0.0145770005899335,8.677902285706789e-05
calg,0.3285,-0.0011818609969779237,-0.0036436004623588,-0.00025422590077141987,0.004778917127731097,0.0145770440239597,8.695040555718405e-05
calg,0.329,-0.0011836828607711958,-0.0036437275859953,-0.00025426869415714375,0.00478620567150298,0.0145770875436324,8.712160858582676e-05
calg,0.3295,-0.0011855047881366154,-0.0036438547310365,-0.00025431148855238817,0.004793494237077395,0.0145771311488618,8.729263194291142e-05
calg,0.33,-0.0011873267790853959,-0.0036439818974828,-0.00025435428312380905,0.004800782824497196,0.0145771748395579,8.746347561913328e-05
calg,0.3305,-0.0011891488336279732,-0.0036441090853338,-0.0002543970770333468,0.004808071433804989,0.0145772186156311,8.76341396144078e-05
calg,0.331,-0.0011909709517751166,-0.0036442362945895,-0.0002544398694333406,0.004815360065043489,0.0145772624769913,8.780462392865034e-05
calg,0.3315,-0.0011927931335379283,-0.0036443635252482,-0.0002544826595428492,0.004822648718255301,0.0145773064235488,8.797492853817617e-05
calg,0.332,-0.0011946153789265113,-0.0036444907773089,-0.00025452544656667797,0.0048299373934828915,0.0145773504552139,8.814505343807915e-05
calg,0.3325,-0.0011964376879519678,-0.0036446180507694,-0.0002545682296761987,0.004837226090768892,0.0145773945718965,8.831499861423302e-05
calg,0.333,-0.001198260060624734,-0.0036447453456274,-0.000254611008095228,0.004844514810155576,0.0145774387735071,8.848476404286844e-05
calg,0.3335,-0.001200082496955579,-0.0036448726618803,-0.00025465378102855024,0.004851803551685602,0.0145774830599556,8.865434971434232e-05
calg,0.334,-0.001201904996955605,-0.0036449999995255,-0.0002546965477047612,0.004859092315401187,0.0145775274311522,8.882375561435922e-05
calg,0.3345,-0.0012037275606348041,-0.0036451273585591,-0.00025473930739523744,0.004866381101344686,0.014577571887007,8.899298170485435e-05
calg,0.335,-0.0012055501880041675,-0.0036452547389772,-0.0002547820593523653,0.004873669909558398,0.0145776164274303,8.916202796188919e-05
calg,0.3355,-0.0012073728790747973,-0.0036453821407759,-0.00025482480285714325,0.0048809587400845955,0.0145776610523319,8.933089435712662e-05
calg,0.336,-0.0012091956338567966,-0.0036455095639508,-0.00025486753713810373,0.0048882475929653835,0.0145777057616221,8.949958086197574e-05
calg,0.3365,-0.0012110184523607126,-0.0036456370084969,-0.0002549102614761817,0.004895536468242978,0.0145777505552109,8.966808745706582e-05
calg,0.337,-0.0012128413345979805,-0.0036457644744092,-0.0002549529752094939,0.0049028253659594845,0.0145777954330083,8.983641408563802e-05
calg,0.3375,-0.0012146642805788144,-0.003645891961682,-0.00025499567761903884,0.004910114286156897,0.0145778403949244,9.000456071910145e-05
calg,0.338,-0.0012164872903139834,-0.0036460194703093,-0.00025503836803809053,0.004917403228877376,0.0145778854408691,9.017252731913756e-05
calg,0.3385,-0.0012183103638141457,-0.0036461470002848,-0.00025508104581423955,0.004924692194162694,0.0145779305707526,9.034031383338612e-05
calg,0.339,-0.0012201335010899594,-0.003646274551602,-0.00025512371026665496,0.004931981182054984,0.0145779757844846,9.050792022395153e-05
calg,0.3395,-0.0012219567021521938,-0.0036464021242539,-0.00025516636073334774,0.00493927019259599,0.0145780210819754,9.067534644295671e-05
calg,0.34,-0.0012237799670111738,-0.0036465297182332,-0.00025520899659049946,0.004946559225827485,0.0145780664631346,9.084259243355827e-05
calg,0.3405,-0.0012256032956780016,-0.0036466573335325,-0.00025525161719999615,0.00495384828179149,0.0145781119278723,9.10096581526161e-05
calg,0.341,-0.0012274266881631135,-0.0036467849701441,-0.0002552942219237874,0.0049611373605294995,0.0145781574760982,9.117654355250693e-05
calg,0.3415,-0.0012292501444771675,-0.0036469126280591,-0.0002553368101618875,0.004968426462083397,0.0145782031077223,9.13432485620073e-05
calg,0.342,-0.0012310736646307108,-0.0036470403072696,-0.00025537938129523613,0.004975715586494678,0.0145782488226544,9.150977313340935e-05
calg,0.3425,-0.0012328972486347345,-0.0036471680077669,-0.000255421934704773,0.004983004733805085,0.0145782946208041,9.167611721443742e-05
calg,0.343,-0.0012347208964993417,-0.0036472957295414,-0.0002554644698190397,0.004990293904056198,0.0145783405020814,9.184228073826668e-05
calg,0.3435,-0.0012365446082355236,-0.0036474234725842,-0.00025550698607617895,0.004997583097289399,0.0145783864663959,9.200826363350448e-05
calg,0.344,-0.0012383683838539383,-0.0036475512368856,-0.000255549482914291,0.0050048723135461826,0.0145784325136573,9.217406583823211e-05
calg,0.3445,-0.001240192223365133,-0.0036476790224358,-0.0002555919597857292,0.0050121615528681,0.0145784786437752,9.23396872762354e-05
calg,0.345,-0.0012420161267799879,-0.0036478068292242,-0.0002556344161047822,0.005019450815296395,0.0145785248566593,9.250512788576481e-05
calg,0.3455,-0.0012438400941086059,-0.0036479346572405,-0.0002556768513190665,0.005026740100872479,0.0145785711522191,9.267038760498619e-05
calg,0.346,-0.0012456641253617562,-0.0036480625064738,-0.0002557192649238006,0.00503402940963768,0.0145786175303643,9.283546634787312e-05
calg,0.3465,-0.001247488220550319,-0.0036481903769133,-0.00025576165641424557,0.005041318741633188,0.0145786639910043,9.300036403347449e-05
calg,0.347,-0.0012493123796846195,-0.0036483182685478,-0.0002558040252714301,0.005048608096900192,0.0145787105340485,9.316508058608366e-05
calg,0.3475,-0.0012511366027752047,-0.0036484461813655,-0.00025584637095716055,0.005055897475479992,0.0145787571594065,9.332961593363127e-05
calg,0.348,-0.0012529608898327327,-0.0036485741153545,-0.00025588869297621386,0.005063186877413389,0.0145788038669877,9.349396999068307e-05
calg,0.3485,-0.0012547852408681948,-0.003648702070503,-0.00025593099085239956,0.005070476302741794,0.0145788506567013,9.365814267637247e-05
calg,0.349,-0.001256609655891583,-0.0036488300467987,-0.0002559732640857578,0.00507776575150598,0.0145788975284567,9.382213390501144e-05
calg,0.3495,-0.0012584341349135553,-0.0036489580442293,-0.00025601551218569697,0.005085055223747081,0.0145789444821631,9.398594359065813e-05
calg,0.35,-0.001260258677945214,-0.0036490860627821,-0.000256057734704723,0.005092344719505981,0.0145789915177297,9.414957164770905e-05
calg,0.3505,-0.0012620832849963293,-0.0036492141024432,-0.00025609993118569905,0.0050996342388234805,0.0145790386350659,9.431301798100224e-05
calg,0.351,-0.001263907956078003,-0.0036493421632002,-0.00025614210119999435,0.005106923781740491,0.0145790858340807,9.447628249520654e-05
calg,0.3515,-0.0012657326912003386,-0.0036494702450398,-0.00025618424431906293,0.005114213348297897,0.0145791331146831,9.463936509050763e-05
calg,0.3519999999999999,-0.001267557490374327,-0.0036495983479481,-0.0002562263600571345,0.0051215029385362765,0.0145791804767821,9.480226568104824e-05
calg,0.3524999999999999,-0.0012693823536104043,-0.0036497264719113,-0.0002562684479952427,0.005128792552496403,0.0145792279202869,9.496498417640336e-05
calg,0.3529999999999999,-0.0012712072809187847,-0.0036498546169153,-0.0002563105077333266,0.0051360821902189935,0.0145792754451062,9.512752046686181e-05
calg,0.3534999999999999,-0.0012730322723103482,-0.0036499827829455,-0.00025635253885237743,0.005143371851744599,0.0145793230511491,9.528987445252466e-05
calg,0.3539999999999999,-0.001274857327795198,-0.003650110969988,-0.00025639454096667197,0.005150661537113688,0.0145793707383244,9.545204602858686e-05
calg,0.3544999999999999,-0.0012766824473843252,-0.0036502391780276,-0.00025643651363332643,0.005157951246366976,0.0145794185065408,9.561403510479256e-05
calg,0.3549999999999999,-0.001278507631087722,-0.0036503674070497,-0.00025647845645236444,0.005165240979544794,0.0145794663557071,9.577584157625214e-05
calg,0.3554999999999999,-0.0012803328789163793,-0.0036504956570391,-0.00025652036910473966,0.005172530736687692,0.014579514285732,9.593746531439116e-05
calg,0.3559999999999999,-0.0012821581908804003,-0.0036506239279805,-0.00025656225119045456,0.005179820517835998,0.014579562296524,9.609890622396309e-05
calg,0.3564999999999999,-0.0012839835669903321,-0.003650752219859,-0.0002566041022999954,0.005187110323029986,0.0145796103879918,9.626016420007826e-05
calg,0.3569999999999999,-0.0012858090072566108,-0.0036508805326588,-0.0002566459221000416,0.005194400152309986,0.0145796585600437,9.642123912862692e-05
calg,0.3574999999999999,-0.0012876345116897836,-0.0036510088663635,-0.0002566877102476294,0.005201690005716297,0.0145797068125884,9.658213089516093e-05
calg,0.3579999999999999,-0.0012894600803003975,-0.0036511372209577,-0.0002567294663571201,0.005208979883289,0.0145797551455343,9.674283939047663e-05
calg,0.3584999999999999,-0.0012912857130983335,-0.0036512655964247,-0.00025677119009997237,0.005216269785068395,0.0145798035587897,9.690336450004129e-05
calg,0.3589999999999999,-0.001293111410094805,-0.0036513939927487,-0.0002568128811428443,0.005223559711094589,0.0145798520522628,9.706370609528054e-05
calg,0.3594999999999999,-0.0012949371712998037,-0.0036515224099133,-0.0002568545391428568,0.005230849661407494,0.0145799006258618,9.722386406191539e-05
calg,0.3599999999999999,-0.001296762996723544,-0.003651650847901,-0.00025689616378574273,0.00523813963604719,0.0145799492794952,9.738383829040385e-05
calg,0.3604999999999999,-0.0012985888863771278,-0.0036517793066959,-0.00025693775476668773,0.005245429635053783,0.0145799980130707,9.754362864751916e-05
calg,0.3609999999999999,-0.0013004148402702143,-0.0036519077862806,-0.00025697931176188726,0.005252719658466992,0.0145800468264965,9.770323501898237e-05
calg,0.3614999999999999,-0.0013022408584135725,-0.0036520362866378,-0.000257020834433326,0.005260009706326896,0.0145800957196808,9.786265729059908e-05
calg,0.3619999999999999,-0.0013040669408174166,-0.0036521648077505,-0.000257062322495222,0.005267299778673101,0.0145801446925312,9.802189532389807e-05
calg,0.3624999999999999,-0.0013058930874921826,-0.0036522933496015,-0.00025710377566665716,0.005274589875545577,0.0145801937449557,9.818094900003262e-05
calg,0.3629999999999999,-0.0013077192984484176,-0.0036524219121731,-0.00025714519364759624,0.005281879996983985,0.0145802428768621,9.83398181904283e-05
calg,0.3634999999999999,-0.0013095455736960027,-0.003652550495447,-0.0002571865761618793,0.005289170143028099,0.0145802920881582,9.849850276651073e-05
calg,0.3639999999999999,-0.0013113719132455959,-0.0036526790994059,-0.00025722792292856697,0.005296460313717499,0.0145803413787516,9.865700259987469e-05
calg,0.3644999999999999,-0.0013131983171075223,-0.0036528077240316,-0.0002572692336523823,0.0053037505090917925,0.0145803907485499,9.881531756668272e-05
calg,0.3649999999999999,-0.0013150247852923291,-0.003652936369306,-0.00025731050808573485,0.005311040729190503,0.0145804401974606,9.897344752372663e-05
calg,0.3654999999999999,-0.0013168513178100083,-0.0036530650352108,-0.0002573517459571594,0.0053183309740531814,0.0145804897253914,9.913139234277036e-05
calg,0.3659999999999999,-0.0013186779146707739,-0.0036531937217281,-0.00025739294700001194,0.005325621243719297,0.0145805393322493,9.928915190462884e-05
calg,0.3664999999999999,-0.001320504575885173,-0.0036533224288385,-0.0002574341109809554,0.005332911538228291,0.0145805890179421,9.944672605695833e-05
calg,0.3669999999999999,-0.0013223313014635307,-0.0036534511565241,-0.00025747523764284096,0.005340201857619492,0.0145806387823768,9.9604114671269e-05
calg,0.3674999999999999,-0.00132415809141595,-0.0036535799047661,-0.00025751632672851984,0.005347492201932202,0.0145806886254605,9.976131761890188e-05
calg,0.3679999999999999,-0.0013259849457527562,-0.0036537086735452,-0.00025755737799520214,0.0053547825712057795,0.0145807385471006,9.991833475225016e-05
calg,0.3684999999999999,-0.001327811864483941,-0.0036538374628426,-0.00025759839124285733,0.005362072965479386,0.0145807885472041,0.00010007516593326553
calg,0.3689999999999999,-0.0013296388476203846,-0.0036539662726392,-0.0002576393662428429,0.005369363384792186,0.014580838625678,0.00010023181102373055
calg,0.3695,-0.0013314658951719682,-0.0036540951029157,-0.00025768030273331545,0.005376653829183398,0.0145808887824291,0.0001003882698904184
calg,0.37,-0.0013332930071487947,-0.003654223953653,-0.00025772120050948644,0.0053839442986921004,0.0145809390173644,0.00010054454239519625
calg,0.3705,-0.0013351201835611892,-0.0036543528248311,-0.0002577620593523352,0.005391234793357291,0.0145809893303906,0.00010070062838563572
calg,0.371,-0.0013369474244191437,-0.0036544817164309,-0.0002578028790285247,0.0053985253132179944,0.0145810397214145,0.00010085652772851006
calg,0.3715,-0.0013387747297335384,-0.0036546106284326,-0.00025784365936187825,0.005405815858313179,0.0145810901903427,0.0001010122402761279
calg,0.372,-0.0013406020995139212,-0.0036547395608164,-0.00025788440016190285,0.005413106428681702,0.0145811407370818,0.00010116776587132392
calg,0.3725,-0.0013424295337707282,-0.0036548685135624,-0.00025792510119048204,0.005420397024362478,0.0145811913615383,0.0001013231043903453
calg,0.373,-0.0013442570325139513,-0.0036549974866509,-0.0002579657622762186,0.00542768764539428,0.0145812420636186,0.00010147825568558522
calg,0.3735,-0.0013460845957539158,-0.0036551264800616,-0.00025800638322857693,0.005434978291815884,0.014581292843229,0.00010163321959505687
calg,0.374,-0.0013479122235009466,-0.0036552554937746,-0.00025804696383809517,0.0054422689636659805,0.0145813437002759,0.00010178799598088111
calg,0.3745,-0.0013497399157648138,-0.0036553845277694,-0.00025808750393333364,0.0054495596609834,0.0145813946346654,0.00010194258470001893
calg,0.375,-0.0013515676725559533,-0.0036555135820255,-0.00025812800331904116,0.0054568503838065,0.0145814456463038,0.00010209698560004199
calg,0.3755,-0.0013533954938841353,-0.0036556426565228,-0.00025816846185236893,0.005464141132174083,0.014581496735097,0.00010225119852869113
calg,0.376,-0.0013552233797600177,-0.0036557717512404,-0.0002582088793761729,0.005471431906124591,0.0145815479009511,0.0001024052233381904
calg,0.3765,-0.0013570513301929266,-0.0036559008661581,-0.0002582492556856857,0.005478722705696382,0.0145815991437719,0.00010255905987619602
calg,0.377,-0.00135887934519352,-0.0036560300012551,-0.0002582895906190261,0.005486013530928202,0.0145816504634653,0.00010271270799044885
calg,0.3775,-0.001360707424772012,-0.0036561591565109,-0.0002583298840142919,0.005493304381858077,0.0145817018599369,0.00010286616753342668
calg,0.378,-0.0013625355689377283,-0.0036562883319043,-0.00025837013571431794,0.005500595258524699,0.0145817533330926,0.00010301943834771048
calg,0.3785,-0.0013643637777015494,-0.0036564175274148,-0.00025841034558097116,0.005507886160966091,0.0145818048828379,0.00010317252028104105
calg,0.379,-0.001366192051072912,-0.0036565467430208,-0.0002584505134333382,0.005515177089220585,0.0145818565090783,0.00010332541318099009
calg,0.3795,-0.0013680203890623632,-0.0036566759787016,-0.00025849063912857027,0.005522468043326484,0.0145819082117194,0.00010347811689521385
calg,0.38,-0.001369848791679562,-0.0036568052344359,-0.00025853072253809303,0.005529759023321784,0.0145819599906664,0.00010363063127136858
calg,0.3805,-0.0013716772589346116,-0.0036569345102025,-0.0002585707635095416,0.005537050029244789,0.0145820118458247,0.00010378295614755202
calg,0.381,-0.0013735057908376147,-0.0036570638059805,-0.0002586107619333528,0.005544341061133301,0.0145820637770994,0.00010393509136186196
calg,0.3815,-0.0013753343873983415,-0.0036571931217484,-0.0002586507176571617,0.005551632119025485,0.0145821157843958,0.0001040870367666916
calg,0.382,-0.001377163048627117,-0.0036573224574845,-0.00025869063050952876,0.005558923202959282,0.0145821678676188,0.00010423879221434955
calg,0.3825,-0.001378991774533711,-0.0036574518131675,-0.00025873050037617505,0.005566214312972578,0.0145822200266735,0.000104390357542849
calg,0.383,-0.0013808205651281158,-0.0036575811887756,-0.0002587703271333053,0.0055735054491034,0.0145822722614648,0.00010454173259045687
calg,0.3835,-0.0013826494204203232,-0.0036577105842877,-0.0002588101106428291,0.005580796611389299,0.0145823245718974,0.00010469291719527094
calg,0.384,-0.0013844783404202143,-0.003657839999682,-0.0002588498507952254,0.005588087799868302,0.0145823769578761,0.00010484391120486285
calg,0.3845,-0.001386307325137559,-0.0036579694349363,-0.00025888954746189883,0.005595379014577878,0.0145824294193056,0.00010499471446189816
calg,0.385,-0.0013881363745827935,-0.0036580988900294,-0.00025892920053332836,0.005602670255555997,0.0145824819560905,0.00010514532680464381
calg,0.3855,-0.0013899654887651325,-0.0036582283649388,-0.00025896880990950946,0.00560996152283999,0.0145825345681354,0.00010529574807128213
calg,0.386,-0.00139179466769479,-0.0036583578596432,-0.00025900837545713074,0.005617252816467688,0.0145825872553445,0.0001054459780998263
calg,0.3865,-0.0013936239113819804,-0.0036584873741206,-0.00025904789704285963,0.005624544136476478,0.0145826400176222,0.00010559601673801719
calg,0.387,-0.0013954532198359182,-0.0036586169083487,-0.00025908737457142853,0.005631835482903996,0.0145826928548729,0.00010574586382860489
calg,0.3875,-0.0013972825930671506,-0.0036587464623052,-0.000259126807942875,0.005639126855787491,0.0145827457670008,0.0001058955192000441
calg,0.388,-0.0013991120310851146,-0.0036588760359687,-0.0002591661970714476,0.005646418255164376,0.0145827987539098,0.00010604498269043258
calg,0.3885,-0.0014009415338999132,-0.0036590056293163,-0.0002592055418428462,0.005653709681072178,0.0145828518155041,0.00010619425414759576
calg,0.389,-0.0014027711015212052,-0.0036591352423263,-0.0002592448421142855,0.005661001133547977,0.0145829049516875,0.0001063433334095468
calg,0.3895,-0.0014046007339583166,-0.003659264874976,-0.0002592840978333418,0.005668292612629189,0.014582958162364,0.00010649222030947736
calg,0.39,-0.0014064304312220166,-0.0036593945272431,-0.0002593233089047475,0.005675584118352894,0.0145830114474374,0.00010664091468091743
calg,0.3905,-0.00140826019332152,-0.0036595241991056,-0.0002593624752380775,0.005682875650756286,0.0145830648068113,0.00010678941636188015
calg,0.391,-0.0014100900202668187,-0.0036596538905409,-0.00025940159672381097,0.005690167209876501,0.0145831182403893,0.00010693772519520026
calg,0.3915,-0.0014119199120675718,-0.0036597836015267,-0.0002594406732380893,0.005697458795750593,0.0145831717480749,0.00010708584102379705
calg,0.392,-0.0014137498687335492,-0.0036599133320401,-0.0002594797047285734,0.005704750408415393,0.0145832253297718,0.00010723376367612521
calg,0.3925,-0.001415579890274743,-0.0036600430820588,-0.00025951869111429104,0.005712042047908095,0.0145832789853832,0.00010738149298563014
calg,0.393,-0.0014174099767003678,-0.00366017285156,-0.00025955763229523754,0.005719333714265501,0.0145833327148123,0.00010752902879523114
calg,0.3935,-0.001419240128020749,-0.0036603026405216,-0.00025959652819526217,0.005726625407524499,0.0145833865179625,0.00010767637093811984
calg,0.394,-0.0014210703442452122,-0.0036604324489204,-0.0002596353787285711,0.005733917127721894,0.0145834403947368,0.00010782351925713096
calg,0.3945,-0.0014229006253835275,-0.0036605622767337,-0.00025967418382857215,0.005741208874894377,0.0145834943450383,0.00010797047358097294
calg,0.395,-0.0014247309714453538,-0.0036606921239391,-0.00025971294342858845,0.0057485006490787804,0.0145835483687699,0.00010811723373336352
calg,0.3955,-0.0014265613824407941,-0.0036608219905136,-0.00025975165741905687,0.005755792450311686,0.0145836024658345,0.0001082637995666959
calg,0.396,-0.0014283918583787303,-0.0036609518764346,-0.0002597903257285848,0.0057630842786297876,0.014583656636135,0.00010841017091906784
calg,0.3965,-0.0014302223992698204,-0.0036610817816786,-0.000259828948285695,0.005770376134069499,0.014583710879574,0.0001085563476191032
calg,0.397,-0.0014320530051227243,-0.0036612117062232,-0.000259867525014279,0.0057776680166675976,0.0145837651960542,0.00010870232949999363
calg,0.3975,-0.001433883675947989,-0.0036613416500454,-0.00025990605586669247,0.005784959926460276,0.0145838195854781,0.00010884811639044756
calg,0.398,-0.0014357144117543852,-0.0036614716131219,-0.00025994454078095313,0.005792251863484199,0.0145838740477483,0.0001089937081332997
calg,0.3985,-0.001437545212552127,-0.0036616015954302,-0.00025998297965236175,0.005799543827775588,0.014583928582767,0.00010913910456664783
calg,0.399,-0.0014393760783507625,-0.0036617315969469,-0.0002600213724190419,0.005806835819370776,0.0145839831904366,0.00010928430552385275
calg,0.3995,-0.0014412070091596174,-0.003661861617649,-0.0002600597190428653,0.0058141278383060935,0.0145840378706594,0.0001094293108380215
calg,0.4,-0.0014430380049883507,-0.0036619916575137,-0.0002600980194285853,0.00582141988461779,0.0145840926233373,0.00010957412034276867
calg,0.4005,-0.0014448690658465102,-0.0036621217165174,-0.0002601362735333581,0.005828711958341892,0.0145841474483725,0.00010971873387145506
calg,0.401,-0.001446700191743977,-0.0036622517946371,-0.00026017448128570634,0.005836004059514788,0.0145842023456671,0.00010986315125710313
calg,0.4015,-0.001448531382689744,-0.0036623818918497,-0.00026021264261427967,0.005843296188172281,0.0145842573151228,0.00011000737234288595
calg,0.402,-0.001450362638693914,-0.0036625120081319,-0.0002602507574714337,0.0058505883443505935,0.0145843123566414,0.00011015139696191056
calg,0.4025,-0.0014521939597655908,-0.0036626421434602,-0.00026028882579522854,0.005857880528085696,0.0145843674701248,0.00011029522494288542
calg,0.403,-0.0014540253459143226,-0.0036627722978119,-0.00026032684754759945,0.0058651727394133935,0.0145844226554744,0.0001104388561142652
calg,0.4035,-0.0014558567971499903,-0.0036629024711633,-0.0002603648226476164,0.005872464978369685,0.0145844779125919,0.0001105822903189692
calg,0.404,-0.0014576883134818086,-0.003663032663491,-0.0002604027510428346,0.005879757244990402,0.0145845332413788,0.00011072552739517978
calg,0.4045,-0.0014595198949192145,-0.0036631628747718,-0.00026044063268571536,0.005887049539311295,0.0145845886417365,0.00011086856716661468
calg,0.405,-0.001461351541471534,-0.0036632931049822,-0.0002604784674952441,0.005894341861368085,0.0145846441135662,0.00011101140948084554
calg,0.4055,-0.0014631832531487587,-0.0036634233540986,-0.0002605162554380507,0.005901634211196494,0.0145846996567692,0.00011115405417613932
calg,0.406,-0.0014650150299595488,-0.0036635536220983,-0.0002605539964761549,0.005908926588832103,0.0145847552712465,0.00011129650106665525
calg,0.4065,-0.0014668468719141181,-0.0036636839089569,-0.00026059169054761693,0.005916218994310496,0.0145848109568994,0.0001114387499904065
calg,0.407,-0.0014686787790215705,-0.0036638142146512,-0.00026062933759049686,0.005923511427667394,0.0145848667136288,0.00011158080079987087
calg,0.4075,-0.0014705107512911209,-0.0036639445391575,-0.0002606669375523922,0.005930803888937991,0.0145849225413356,0.00011172265331893527
calg,0.408,-0.001472342788732317,-0.0036640748824528,-0.000260704490395217,0.005938096378157981,0.0145849784399205,0.00011186430738087592
calg,0.4085,-0.001474174891354596,-0.003664205244513,-0.00026074199604759975,0.0059453888953625855,0.0145850344092843,0.00011200576282844295
calg,0.409,-0.0014760070591671726,-0.0036643356253147,-0.00026077945448094956,0.005952681440587276,0.0145850904493277,0.0001121470194903448
calg,0.4095,-0.0014778392921795946,-0.0036644660248343,-0.0002608168656476221,0.005959974013867303,0.0145851465599512,0.00011228807719994227
calg,0.41,-0.0014796715904011881,-0.003664596443048,-0.00026085422949523584,0.005967266615237776,0.0145852027410553,0.00011242893579524857
calg,0.4105,-0.0014815039538411678,-0.0036647268799321,-0.00026089154598568377,0.0059745592447340845,0.0145852589925405,0.00011256959511427684
calg,0.411,-0.0014833363825087487,-0.0036648573354632,-0.0002609288150570895,0.0059818519023912,0.014585315314307,0.00011271005499030331
calg,0.4115,-0.0014851688764135895,-0.0036649878096173,-0.00026096603669048405,0.005989144588244288,0.014585371706255,0.00011285031525237479
calg,0.412,-0.0014870014355647942,-0.003665118302371,-0.00026100321083809605,0.005996437302328489,0.0145854281682847,0.00011299037573799691
calg,0.4125,-0.0014888340599717997,-0.0036652488137,-0.0002610403374476288,0.006003730044678579,0.0145854847002963,0.00011313023628569039
calg,0.413,-0.0014906667496435988,-0.0036653793435807,-0.0002610774164904913,0.006011022815329697,0.0145855413021896,0.00011326989672856227
calg,0.4135,-0.0014924995045895173,-0.0036655098919897,-0.00026111444791908155,0.006018315614316594,0.0145855979738646,0.00011340935690471032
calg,0.414,-0.0014943323248192142,-0.0036656404589025,-0.00026115143168097584,0.006025608441674296,0.0145856547152211,0.00011354861665240146
calg,0.4145,-0.0014961652103411271,-0.0036657710442959,-0.0002611883677428674,0.0060329012974373875,0.0145857115261589,0.00011368767580474273
calg,0.415,-0.0014979981611651372,-0.0036659016481455,-0.00026122525606191225,0.00604019418164059,0.0145857684065776,0.00011382653419526416
calg,0.4155,-0.001499831177300348,-0.0036660322704279,-0.00026126209661429876,0.006047487094318793,0.0145858253563768,0.0001139651916523358
calg,0.416,-0.0015016642587559748,-0.0036661629111186,-0.0002612988893381294,0.006054780035506496,0.014585882375456,0.0001141036480237831
calg,0.4164999999999999,-0.001503497405541121,-0.0036662935701945,-0.00026133563418573845,0.006062073005238394,0.0145859394637145,0.00011424190315244078
calg,0.4169999999999999,-0.0015053306176650016,-0.0036664242476312,-0.0002613723311285774,0.006069366003548987,0.0145859966210517,0.0001143799568667635
calg,0.4174999999999999,-0.0015071638951367206,-0.0036665549434045,-0.0002614089801428558,0.006076659030472581,0.014586053847367,0.0001145178090001121
calg,0.4179999999999999,-0.0015089972379656036,-0.0036666856574906,-0.0002614455812094989,0.006083952086043898,0.0145861111425594,0.00011465545939049973
calg,0.4184999999999999,-0.0015108306461603105,-0.003666816389866,-0.0002614821342428398,0.006091245170297188,0.014586168506528,0.00011479290788566725
calg,0.4189999999999999,-0.0015126641197307222,-0.0036669471405061,-0.00026151863920952946,0.006098538283266786,0.0145862259391718,0.00011493015431432308
calg,0.4194999999999999,-0.0015144976586853875,-0.0036670779093869,-0.0002615550960952514,0.006105831424986996,0.0145862834403899,0.0001150671985095743
calg,0.4199999999999999,-0.0015163312630335213,-0.0036672086964847,-0.00026159150486667774,0.006113124595491987,0.0145863410100809,0.0001152040403142556
calg,0.4204999999999999,-0.0015181649327843383,-0.0036673395017749,-0.00026162786546666893,0.006120417794816091,0.0145863986481437,0.00011534067956663394
calg,0.4209999999999999,-0.0015199986679471644,-0.0036674703252341,-0.00026166417787621386,0.006127711022993282,0.0145864563544768,0.00011547711609998552
calg,0.4214999999999999,-0.0015218324685303264,-0.0036676011668373,-0.0002617004420428887,0.006135004280057782,0.0145865141289792,0.00011561334976670356
calg,0.4219999999999999,-0.0015236663345438162,-0.0036677320265611,-0.00026173665791902795,0.006142297566043592,0.014586571971549,0.00011574938040006426
calg,0.4224999999999999,-0.0015255002659959604,-0.0036678629043809,-0.00026177282549997926,0.006149590880984684,0.0145866298820849,0.00011588520782860694
calg,0.4229999999999999,-0.001527334262895974,-0.0036679938002731,-0.0002618089447571306,0.006156884224914894,0.0145866878604851,0.00011602083189516626
calg,0.4234999999999999,-0.001529168325253183,-0.003668124714213,-0.00026184501561904704,0.006164177597868192,0.014586745906648,0.00011615625244291532
calg,0.4239999999999999,-0.0015310024530761357,-0.0036682556461765,-0.00026188103804760033,0.006171470999878387,0.0145868040204718,0.00011629146930961351
calg,0.4244999999999999,-0.0015328366463741583,-0.0036683865961391,-0.00026191701204759086,0.006178764430979394,0.0145868622018545,0.00011642648232853705
calg,0.4249999999999999,-0.0015346709051563545,-0.0036685175640773,-0.0002619529375523629,0.006186057891204688,0.0145869204506942,0.00011656129135233295
calg,0.4254999999999999,-0.0015365052294313841,-0.0036686485499663,-0.00026198881453808385,0.006193351380588186,0.0145869787668889,0.0001166958962141928
calg,0.4259999999999999,-0.001538339619208129,-0.0036687795537819,-0.0002620246429666464,0.006200644899163277,0.0145870371503364,0.00011683029675712051
calg,0.4264999999999999,-0.0015401740744959147,-0.0036689105755,-0.00026206042280474406,0.0062079384469637955,0.0145870956009345,0.0001169644928143077
calg,0.4269999999999999,-0.0015420085953035123,-0.003669041615096,-0.00026209615403332317,0.006215232024023076,0.0145871541185811,0.00011709848422841993
calg,0.4274999999999999,-0.0015438431816399145,-0.003669172672546,-0.0002621318366190347,0.006222525630374676,0.0145872127031735,0.00011723227084271484
calg,0.4279999999999999,-0.001545677833513559,-0.0036693037478252,-0.0002621674705142767,0.0062298192660519836,0.0145872713546096,0.00011736585249046865
calg,0.4284999999999999,-0.0015475125509342158,-0.0036694348409098,-0.0002622030556666676,0.00623711293108839,0.0145873300727866,0.00011749922902872694
calg,0.4289999999999999,-0.0015493473339099895,-0.0036695659517748,-0.0002622385920666913,0.0062444066255172015,0.0145873888576021,0.0001176324002858598
calg,0.4294999999999999,-0.001551182182450317,-0.0036696970803963,-0.00026227407970476807,0.006251700349371697,0.0145874477089532,0.00011776536610487112
calg,0.4299999999999999,-0.0015530170965635248,-0.0036698282267497,-0.00026230951852853783,0.006258994102684989,0.0145875066267374,0.00011789812633333256
calg,0.4304999999999999,-0.0015548520762591611,-0.0036699593908105,-0.00026234490849046175,0.006266287885490496,0.0145875656108518,0.00011803068080468953
calg,0.4309999999999999,-0.0015566871215453304,-0.0036700905725544,-0.00026238024958569726,0.006273581697820996,0.0145876246611933,0.00011816302936186132
calg,0.4314999999999999,-0.0015585222324313586,-0.0036702217719569,-0.0002624155417714002,0.006280875539709879,0.0145876837776591,0.0001182951718524196
calg,0.432,-0.0015603574089260164,-0.0036703529889934,-0.0002624507850047901,0.006288169411189898,0.014587742960146,0.0001184271081191145
calg,0.4325,-0.0015621926510377415,-0.0036704842236397,-0.0002624859792524121,0.006295463312294192,0.014587802208551,0.00011855883800469615
calg,0.433,-0.0015640279587755268,-0.0036706154758713,-0.00026252112450001315,0.006302757243055596,0.0145878615227706,0.00011869036134294828
calg,0.4335,-0.001565863332148587,-0.0036707467456635,-0.0002625562207047704,0.006310051203506889,0.0145879209027017,0.00011882167798584118
calg,0.434,-0.001567698771165138,-0.0036708780329916,-0.00026259126783333473,0.006317345193681101,0.014587980348241,0.00011895278778086192
calg,0.4345,-0.0015695342758339503,-0.0036710093378313,-0.00026262626587145307,0.006324639213610678,0.0145880398592848,0.00011908369056661578
calg,0.435,-0.0015713698461640169,-0.0036711406601581,-0.00026266121476668065,0.006331933263328593,0.0145880994357297,0.00011921438619050526
calg,0.4355,-0.0015732054821639974,-0.0036712719999474,-0.0002626961144904688,0.006339227342867293,0.014588159077472,0.000119344874485722
calg,0.436,-0.0015750411838425515,-0.0036714033571745,-0.00026273096500475273,0.0063465214522595015,0.014588218784408,0.00011947515530956532
calg,0.4365,-0.0015768769512083392,-0.003671534731815,-0.00026276576629047897,0.006353815591537693,0.0145882785564339,0.00011960522850486992
calg,0.437,-0.001578712784270353,-0.0036716661238441,-0.00026280051831429843,0.006361109760734396,0.0145883383934459,0.00011973509391430138
calg,0.4375,-0.0015805486830369198,-0.003671797533237,-0.0002628352210285879,0.006368403959882085,0.0145883982953402,0.00011986475138576969
calg,0.438,-0.0015823846475169212,-0.0036719289599693,-0.0002628698744285893,0.006375698189013096,0.0145884582620125,0.00011999420076202498
calg,0.4385,-0.001584220677719017,-0.0036720604040164,-0.0002629044784666793,0.006382992448159791,0.0145885182933588,0.00012012344189055433
calg,0.439,-0.001586056773651534,-0.0036721918653534,-0.0002629390331143093,0.006390286737354395,0.0145885783892751,0.0001202524746094555
calg,0.4395,-0.001587892935323576,-0.0036723233439557,-0.00026297353834762543,0.006397581056629187,0.014588638549657,0.00012038129877611241
calg,0.44,-0.0015897291627433585,-0.0036724548397987,-0.00026300799411428855,0.0064048754060163915,0.0145886987744002,0.00012050991423801214
calg,0.4405,-0.0015915654559197634,-0.0036725863528574,-0.0002630424003762127,0.006412169785548094,0.0145887590634004,0.000120638320838074
calg,0.441,-0.0015934018148613394,-0.0036727178831071,-0.00026307675712381834,0.00641946419525638,0.014588819416553,0.00012076651841904809
calg,0.4415,-0.0015952382395767462,-0.0036728494305229,-0.00026311106433333603,0.00642675863517328,0.0145888798337536,0.00012089450683332765
calg,0.442,-0.0015970747300743104,-0.0036729809950805,-0.000263145321938089,0.006434053105330795,0.0145889403148974,0.00012102228593804281
calg,0.4425,-0.001598911286362803,-0.0036731125767544,-0.0002631795299142655,0.006441347605760678,0.0145890008598799,0.00012114985557137594
calg,0.443,-0.0016007479084503284,-0.0036732441755203,-0.0002632136882380964,0.006448642136494986,0.0145890614685962,0.0001212772155808987
calg,0.4435,-0.0016025845963459906,-0.0036733757913537,-0.00026324779687619023,0.006455936697565501,0.0145891221409414,0.00012140436582365664
calg,0.444,-0.0016044213500581161,-0.0036735074242289,-0.00026328185580951465,0.00646323128900389,0.0145891828768106,0.00012153130613800131
calg,0.4445,-0.0016062581695951428,-0.0036736390741216,-0.000263315865004763,0.006470525910841879,0.0145892436760989,0.00012165803637141978
calg,0.445,-0.0016080950549656192,-0.0036737707410066,-0.00026334982440475346,0.006477820563111303,0.0145893045387012,0.00012178455638569457
calg,0.4455,-0.0016099320061782052,-0.0036739024248592,-0.00026338373399047485,0.006485115245843498,0.0145893654645123,0.00012191086601900803
calg,0.446,-0.0016117690232410053,-0.0036740341256542,-0.0002634175937476528,0.006492409959070189,0.014589426453427,0.00012203696512383797
calg,0.4465,-0.0016136061061625684,-0.0036741658433673,-0.0002634514036476542,0.006499704702822878,0.0145894875053398,0.00012216285355714533
calg,0.447,-0.001615443254951554,-0.0036742975779732,-0.00026348516361906517,0.006506999477132985,0.0145895486201456,0.0001222885311665864
calg,0.4475,-0.0016172804696164,-0.0036744293294466,-0.00026351887364285345,0.006514294282031791,0.0145896097977389,0.0001224139977999866
calg,0.448,-0.001619117750165211,-0.0036745610977627,-0.0002635525337285351,0.006521589117550797,0.0145896710380142,0.00012253925330483301
calg,0.4485,-0.0016209550966067576,-0.0036746928828966,-0.0002635861437713898,0.006528883983721284,0.0145897323408657,0.00012266429754282355
calg,0.449,-0.0016227925089491446,-0.0036748246848235,-0.00026361970376665935,0.006536178880574395,0.0145897937061879,0.00012278913036652063
calg,0.4495,-0.0016246299872008096,-0.0036749565035183,-0.00026365321371903843,0.006543473808141298,0.0145898551338749,0.00012291375161419115
calg,0.45,-0.0016264675313704124,-0.0036750883389559,-0.00026368667357140873,0.006550768766453191,0.014589916623821,0.0001230381611427961
calg,0.4505,-0.0016283051414659466,-0.003675220191111,-0.00026372008329048465,0.006558063755541188,0.0145899781759203,0.00012316235880946568
calg,0.451,-0.001630142817495961,-0.0036753520599589,-0.0002637534428380957,0.006565358775436181,0.0145900397900667,0.00012328634446194067
calg,0.4515,-0.00163198055946856,-0.0036754839454743,-0.0002637867521809352,0.0065726538261692835,0.0145901014661543,0.00012341011796200365
calg,0.452,-0.0016338183673924034,-0.0036756158476323,-0.0002638200112904758,0.006579948907771277,0.014590163204077,0.00012353367915714166
calg,0.4525,-0.001635656241275596,-0.0036757477664071,-0.0002638532201524007,0.006587244020273192,0.0145902250037285,0.0001236570278952647
calg,0.453,-0.0016374941811263533,-0.0036758797017743,-0.00026388637872858177,0.006594539163705698,0.0145902868650026,0.00012378016402868144
calg,0.4535,-0.001639332186953335,-0.0036760116537087,-0.0002639194869761962,0.006601834338099577,0.0145903487877929,0.00012390308741917435
calg,0.454,-0.0016411702587643129,-0.0036761436221845,-0.0002639525448523998,0.006609129543485581,0.0145904107719931,0.00012402579792861057
calg,0.4545,-0.0016430083965679465,-0.0036762756071772,-0.0002639855523238226,0.006616424779894298,0.0145904728174966,0.00012414829540473095
calg,0.455,-0.0016448466003723405,-0.0036764076086614,-0.0002640185093523785,0.006623720047356396,0.0145905349241968,0.00012427057970475021
calg,0.4555,-0.0016466848701855996,-0.0036765396266118,-0.0002640514159238145,0.00663101534590238,0.0145905970919873,0.00012439265067615545
calg,0.456,-0.0016485232060159394,-0.0036766716610031,-0.0002640842719904861,0.006638310675562781,0.0145906593207612,0.0001245145081809829
calg,0.4565,-0.0016503616078720196,-0.0036768037118099,-0.0002641170775095281,0.00664560603636799,0.0145907216104118,0.00012463615208093058
calg,0.457,-0.0016522000757616118,-0.0036769357790074,-0.000264149832461887,0.006652901428348401,0.0145907839608322,0.0001247575822190023
calg,0.4575,-0.0016540386096928206,-0.0036770678625702,-0.00026418253681903536,0.006660196851534378,0.0145908463719155,0.00012487879846197138
calg,0.458,-0.0016558772096739727,-0.0036771999624728,-0.0002642151905666777,0.006667492305956091,0.0145909088435548,0.00012499980066197716
calg,0.4585,-0.0016577158757133947,-0.0036773320786898,-0.0002642477936428742,0.006674787791643988,0.0145909713756429,0.00012512058866667597
calg,0.459,-0.0016595546078187473,-0.003677464211196,-0.00026428034602383424,0.00668208330862799,0.0145910339680728,0.00012524116234292562
calg,0.4595,-0.0016613934059988011,-0.003677596359966,-0.00026431284766667166,0.006689378856938294,0.0145910966207373,0.00012536152155242402
calg,0.46,-0.0016632322702613278,-0.0036777285249746,-0.0002643452985190473,0.006696674436605099,0.014591159333529,0.00012548166615712289
calg,0.4605,-0.001665071200614321,-0.003677860706196,-0.00026437769857618187,0.0067039700476582975,0.0145912221063407,0.00012560159600476305
calg,0.461,-0.0016669101970663291,-0.0036779929036053,-0.00026441004780474754,0.006711265690127782,0.0145912849390648,0.00012572131095239008
calg,0.4615,-0.001668749259624791,-0.0036781251171764,-0.00026444234618571203,0.006718561364043585,0.014591347831594,0.0001258408108619557
calg,0.462,-0.0016705883882983663,-0.0036782573468845,-0.0002644745936714308,0.006725857069435487,0.0145914107838207,0.00012596009559042085
calg,0.4625,-0.0016724275830947155,-0.0036783895927038,-0.00026450679019046896,0.006733152806333298,0.0145914737956372,0.00012607916500472798
calg,0.463,-0.0016742668440219433,-0.0036785218546088,-0.00026453893573808953,0.0067404485747668,0.014591536866936,0.00012619801895236415
calg,0.4635,-0.0016761061710883762,-0.0036786541325745,-0.00026457103029045977,0.00674774437476558,0.014591599997609,0.00012631665729984881
calg,0.464,-0.001677945564301564,-0.003678786426575,-0.0002646030738095149,0.006755040206359392,0.0145916631875485,0.00012643507991429357
calg,0.4645,-0.001679785023669944,-0.0036789187365847,-0.0002646350662666428,0.006762336069577685,0.0145917264366467,0.00012655328663819482
calg,0.465,-0.0016816245492011772,-0.003679051062578,-0.0002646670075999883,0.006769631964450101,0.0145917897447956,0.00012667127734771505
calg,0.4655,-0.00168346414090359,-0.0036791834045295,-0.0002646988977904766,0.00677692789100609,0.0145918531118871,0.00012678905190015364
calg,0.466,-0.001685303798784732,-0.0036793157624138,-0.00026473073680473763,0.0067842238492749896,0.0145919165378131,0.0001269066101572931
calg,0.4665,-0.0016871435228528187,-0.003679448136205,-0.0002647625246142651,0.006791519839286192,0.0145919800224654,0.00012702395198100057
calg,0.467,-0.0016889833131157328,-0.0036795805258779,-0.000264794261190447,0.006798815861069091,0.0145920435657357,0.00012714107722383838
calg,0.4675,-0.001690823169581579,-0.0036797129314065,-0.0002648259464809442,0.0068061119146528015,0.0145921071675157,0.0001272579857572321
calg,0.468,-0.0016926630922580177,-0.0036798453527651,-0.0002648575804619027,0.00681340800006669,0.0145921708276971,0.0001273746774382274
calg,0.4685,-0.0016945030811528206,-0.0036799777899284,-0.00026488916309045746,0.0068207041173397875,0.0145922345461712,0.0001274911521333437
calg,0.469,-0.0016963431362742032,-0.0036801102428703,-0.0002649206943381021,0.006828000266501183,0.0145922983228298,0.0001276074097094388
calg,0.4695,-0.0016981832576299372,-0.0036802427115655,-0.000264952174161908,0.0068352964475799916,0.0145923621575641,0.00012772345002846444
calg,0.47,-0.001700023445228016,-0.0036803751959881,-0.00026498360253808463,0.006842592660605079,0.0145924260502654,0.00012783927294763537
calg,0.4705,-0.0017018636990759894,-0.0036805076961121,-0.0002650149794238092,0.006849888905605478,0.0145924900008252,0.000127954878333471
calg,0.471,-0.001703704019181962,-0.0036806402119121,-0.0002650463047762164,0.006857185182610082,0.0145925540091344,0.0001280702660477539
calg,0.4715,-0.001705544405553594,-0.0036807727433621,-0.0002650775785761894,0.006864481491647589,0.0145926180750844,0.0001281854359572573
calg,0.472,-0.0017073848581987683,-0.0036809052904365,-0.0002651088007714102,0.006871777832746895,0.014592682198566,0.0001283003879333222
calg,0.4725,-0.0017092253771251453,-0.0036810378531094,-0.0002651399713238139,0.006879074205936697,0.0145927463794704,0.0001284151218381541
calg,0.473,-0.0017110659623409408,-0.003681170431355,-0.00026517109021430486,0.006886370611245501,0.0145928106176884,0.00012852963753353546
calg,0.4735,-0.001712906613853593,-0.0036813030251473,-0.0002652021574047547,0.00689366704870209,0.014592874913111,0.0001286439348859012
calg,0.474,-0.0017147473316707629,-0.0036814356344609,-0.00026523317284762475,0.006900963518334885,0.0145929392656288,0.00012875801376684612
calg,0.4745,-0.0017165881158003327,-0.0036815682592697,-0.0002652641365095026,0.006908260020172391,0.0145930036751326,0.00012887187403324654
calg,0.475,-0.001718428966250407,-0.0036817008995474,-0.00026529504834765,0.006915556554243196,0.0145930681415132,0.0001289855155618572
calg,0.4755,-0.0017202698830279806,-0.0036818335552686,-0.00026532590835716077,0.006922853120575501,0.014593132664661,0.00012909893820946987
calg,0.476,-0.0017221108661411577,-0.0036819662264068,-0.00026535671650472823,0.006930149719197698,0.0145931972444667,0.00012921214183795167
calg,0.4765,-0.001723951915597599,-0.0036820989129368,-0.0002653874727286028,0.006937446350138099,0.0145932618808205,0.0001293251263238035
calg,0.477,-0.0017257930314047432,-0.0036822316148321,-0.0002654181769905083,0.0069447430134249866,0.0145933265736131,0.00012943789154284957
calg,0.4775,-0.0017276342135709166,-0.003682364332067,-0.00026544882925242215,0.006952039709086283,0.0145933913227346,0.00012955043735712613
calg,0.478,-0.0017294754621031139,-0.0036824970646152,-0.0002654794294952697,0.006959336437150382,0.0145934561280754,0.0001296627636237634
calg,0.4785,-0.0017313167770095506,-0.0036826298124509,-0.00026550997769048124,0.006966633197645095,0.0145935209895256,0.00012977487021900846
calg,0.479,-0.00173315815829711,-0.0036827625755481,-0.0002655404737762014,0.006973929990598593,0.0145935859069753,0.00012988675701910846
calg,0.4795,-0.001734999605974119,-0.0036828953538804,-0.0002655709177047859,0.006981226816038799,0.0145936508803148,0.0001299984238905829
calg,0.4799999999999999,-0.001736841120048016,-0.0036830281474221,-0.0002656013094762134,0.006988523673993496,0.0145937159094338,0.0001301098706905619
calg,0.4804999999999999,-0.0017386827005260175,-0.0036831609561468,-0.0002656316490571562,0.006995820564490579,0.0145937809942225,0.00013022109729529267
calg,0.4809999999999999,-0.001740524347416006,-0.0036832937800289,-0.00026566193640477023,0.007003117487557886,0.0145938461345705,0.00013033210357620072
calg,0.4814999999999999,-0.001742366060725531,-0.0036834266190419,-0.0002656921714761903,0.00701041444322309,0.0145939113303677,0.0001304428894047117
calg,0.4819999999999999,-0.00174420784046192,-0.0036835594731596,-0.0002657223542285724,0.007017711431513779,0.0145939765815039,0.00013055345464751427
calg,0.4824999999999999,-0.0017460496866331665,-0.0036836923423558,-0.00026575248461431435,0.007025008452457793,0.0145940418878689,0.0001306637991809401
calg,0.4829999999999999,-0.0017478915992465982,-0.0036838252266044,-0.00026578256260956223,0.007032305506082387,0.014594107249352,0.00013077392287624568
calg,0.4834999999999999,-0.0017497335783095425,-0.0036839581258794,-0.0002658125881905044,0.0070396025924154,0.0145941726658429,0.00013088382559995048
calg,0.4839999999999999,-0.0017515756238295488,-0.0036840910401544,-0.0002658425613000226,0.007046899711483978,0.0145942381372311,0.00013099350722847074
calg,0.4844999999999999,-0.0017534177358143888,-0.0036842239694031,-0.0002658724819238213,0.0070541968633156815,0.0145943036634061,0.00013110296762375824
calg,0.4849999999999999,-0.0017552599142711678,-0.0036843569135993,-0.00026590235002385684,0.007061494047937794,0.014594369244257,0.00013121220666671243
calg,0.4854999999999999,-0.0017571021592075464,-0.0036844898727168,-0.0002659321655571584,0.0070687912653776,0.0145944348796733,0.00013132122422376824
calg,0.4859999999999999,-0.001758944470630741,-0.0036846228467294,-0.0002659619284761872,0.007076088515662382,0.0145945005695441,0.00013143002017151112
calg,0.4864999999999999,-0.0017607868485487455,-0.0036847558356105,-0.00026599086303335015,0.007083385798819286,0.0145945663137587,0.00013153879030016111
calg,0.4869999999999999,-0.0017626292929683318,-0.0036848888393341,-0.00026601805689522147,0.007090683114875401,0.014594632112206,0.00013164776489526546
calg,0.4874999999999999,-0.0017644718038973828,-0.0036850218578736,-0.0002660433872238075,0.007097980463857789,0.0145946979647752,0.00013175697487152353
calg,0.4879999999999999,-0.0017663143813430038,-0.0036851548912024,-0.00026606688172380375,0.007105277845793484,0.0145947638713553,0.00013186641312866785
calg,0.4884999999999999,-0.0017681570253125223,-0.0036852879392946,-0.000266088568376193,0.007112575260709381,0.0145948298318351,0.0001319760724952921
calg,0.4889999999999999,-0.0017699997358135988,-0.0036854210021235,-0.0002661084754571925,0.007119872708632485,0.0145948958461035,0.0001320859457142173
calg,0.4894999999999999,-0.0017718425128535609,-0.0036855540796628,-0.00026612663143336473,0.007127170189589499,0.0145949619140492,0.0001321960254856319
calg,0.4899999999999999,-0.0017736853564395139,-0.0036856871718861,-0.0002661430650238108,0.007134467703607289,0.014595028035561,0.00013230630446193188
calg,0.4904999999999999,-0.0017755282665787853,-0.0036858202787669,-0.0002661578051857273,0.007141765250712501,0.0145950942105276,0.00013241677521430838
calg,0.4909999999999999,-0.0017773712432789246,-0.0036859534002787,-0.0002661708810238327,0.00714906283093189,0.0145951604388374,0.00013252743027622604
calg,0.4914999999999999,-0.0017792142865471483,-0.003686086536395,-0.00026618232186668777,0.007156360444292076,0.0145952267203792,0.00013263826213809403
calg,0.4919999999999999,-0.0017810573963825682,-0.0036862196707995,-0.00026619215720479785,0.007163658090821701,0.0145952930591553,0.0001327492632381305
calg,0.4924999999999999,-0.0017829005727827418,-0.0036863528005968,-0.0002662004166667165,0.007170955770549603,0.0145953594557791,0.0001328604259810565
calg,0.4929999999999999,-0.0017847438157460038,-0.0036864859260503,-0.0002662071300476576,0.007178253483504593,0.014595425910066,0.0001329717427333592
calg,0.4934999999999999,-0.0017865871252695786,-0.0036866190474261,-0.00026621232725239824,0.007185551229715592,0.0145954924218306,0.00013308320583335775
calg,0.4939999999999999,-0.001788430501351912,-0.0036867521649936,-0.00026621603827144585,0.007192849009210994,0.0145955589908867,0.00013319480758578974
calg,0.4945,-0.0017902739439915605,-0.0036868852790248,-0.0002662182932190819,0.007200146822019499,0.0145956256170473,0.00013330654028109734
calg,0.495,-0.0017921174531864148,-0.0036870183897928,-0.0002662191084428857,0.0072074446681695825,0.0145956923001251,0.0001334184053571145
calg,0.4955,-0.0017939610289351426,-0.0036871514975751,-0.0002662201086600202,0.007214742547689501,0.0145957590399317,0.00013347450170497765
calg,0.496,-0.0017958046712367448,-0.0036872846026499,-0.00026621967266316523,0.007222040460607676,0.0145958258362781,0.00013353088198420657
calg,0.4965,-0.001797648380089334,-0.0036874177052978,-0.0002662175640278066,0.007229338406952196,0.0145958926889751,0.00013358760589434994
calg,0.497,-0.0017994921554923549,-0.0036875508058013,-0.0002662144489235943,0.007236636386751094,0.0145959595978326,0.00013364450518808557
calg,0.4975,-0.0018013359974445864,-0.0036876839044446,-0.00026621133936879926,0.007243934400032487,0.0145960265626601,0.00013370132426859804
calg,0.498,-0.0018031799059451403,-0.0036878170015131,-0.00026620841194002764,0.007251232446824102,0.0145960935832667,0.00013375801850645057
calg,0.4985,-0.0018050238809940167,-0.0036879500972939,-0.00026620566784288764,0.007258530527153778,0.0145961606594612,0.0001338145875784085
calg,0.499,-0.0018068679225899942,-0.0036880831920754,-0.0002662031081923302,0.007265828641049299,0.0145962277910517,0.0001338710311844857
calg,0.4995,-0.0018087120307331839,-0.0036882162861464,-0.0002662007339833128,0.007273126788538281,0.0145962949778462,0.00013392734905822343
calg,0.5,-0.0018105562054229196,-0.0036883493797975,-0.0002661985462363797,0.007280424969648092,0.0145963622196524,0.00013398354093622928
