method,time,ux_m,vx_m_s,ax_raw_m_s2,ax_m_s2,uz_m,vz_m_s,az_raw_m_s2,az_m_s2
calg,0.0005,0.0,0.4889312810988906,0.0,0.0,0.0,-0.2155132656152256,-9.81,-9.81
calg,0.001,0.00024446564054958486,0.4889312810988906,0.0,0.0,-0.00011020913280759825,-0.2204182656152255,-9.81,-9.81
calg,0.0015,0.0004889312810990587,0.4889312810988906,0.0,0.0,-0.00022287076561521013,-0.2253232656152255,-9.81,-9.81
calg,0.002,0.0007333969216484215,0.4889312810988906,0.0,0.0,-0.0003379848984228079,-0.2302282656152255,-9.81,-9.81
calg,0.0025,0.0009778625621978954,0.4889312810988906,0.0,0.0,-0.0004555515312305025,-0.2351332656152255,-9.81,-9.81
calg,0.003,0.0012223282027474802,0.4889312810988906,0.0,0.0,-0.0005755706640380998,-0.2400382656152255,-9.81,-9.81
calg,0.0035,0.001466793843296843,0.4889312810988906,0.0,0.0,-0.0006980422968457106,-0.2449432656152255,-9.81,-9.81
calg,0.004,0.0017112594838463169,0.4889312810988906,0.0,0.0,-0.0008229664296533074,-0.2498482656152255,-9.81,-9.81
calg,0.0045,0.0019557251243957907,0.4889312810988906,0.0,0.0,-0.0009503430624609038,-0.2547532656152255,-9.81,-9.81
calg,0.005,0.0022001907649453756,0.4889312810988906,0.0,0.0,-0.0010801721952685,-0.2596582656152255,-9.81,-9.81
calg,0.0054999999999999,0.0024446564054947384,0.4889312810988906,0.0,0.0,-0.00121245382807611,-0.2645632656152255,-9.81,-9.81
calg,0.006,0.0026891220460442122,0.4889312810988906,0.0,0.0,-0.0013471879608837056,-0.2694682656152255,-9.81,-9.81
calg,0.0065,0.002933587686593797,0.4889312810988906,0.0,0.0,-0.001484374593691301,-0.2743732656152255,-9.81,-9.81
calg,0.007,0.003178053327143271,0.4889312810988906,0.0,0.0,-0.0016240137264989102,-0.2792782656152255,-9.81,-9.81
calg,0.0074999999999999,0.0034225189676926338,0.4889312810988906,0.0,0.0,-0.0017661053593066023,-0.2841832656152255,-9.81,-9.81
calg,0.008,0.0036669846082421076,0.4889312810988906,0.0,0.0,-0.001910649492114197,-0.2890882656152254,-9.81,-9.81
calg,0.0085,0.0039114502487916925,0.4889312810988906,0.0,0.0,-0.0020576461249218053,-0.2939932656152254,-9.81,-9.81
calg,0.009,0.004155915889341166,0.4889312810988906,0.0,0.0,-0.0022070952577293995,-0.2988982656152254,-9.81,-9.81
calg,0.0094999999999999,0.004400381529890529,0.4889312810988906,0.0,0.0,-0.0023589968905370073,-0.3038032656152254,-9.81,-9.81
calg,0.01,0.004644847170440003,0.4889312810988906,0.0,0.0,-0.002513351023344601,-0.3087082656152254,-9.81,-9.81
calg,0.0105,0.004889312810989588,0.4889312810988906,0.0,0.0,-0.0026701576561522083,-0.3136132656152254,-9.81,-9.81
calg,0.0109999999999999,0.005133778451539062,0.4889312810988906,0.0,0.0,-0.0028294167889598015,-0.3185182656152254,-9.81,-9.81
calg,0.0115,0.0053782440920884245,0.4889312810988906,0.0,0.0,-0.0029911284217674083,-0.3234232656152254,-9.81,-9.81
calg,0.012,0.005622709732637898,0.4889312810988906,0.0,0.0,-0.003155292554575001,-0.3283282656152254,-9.81,-9.81
calg,0.0125,0.005867175373187483,0.4889312810988906,0.0,0.0,-0.0033219091873826073,-0.3332332656152254,-9.81,-9.81
calg,0.013,0.006111641013736846,0.4889312810988906,0.0,0.0,-0.0034909783201901995,-0.3381382656152254,-9.81,-9.81
calg,0.0135,0.00635610665428632,0.4889312810988906,0.0,0.0,-0.0036624999529978053,-0.3430432656152254,-9.81,-9.81
calg,0.014,0.006600572294835794,0.4889312810988906,0.0,0.0,-0.003836474085805508,-0.3479482656152254,-9.81,-9.81
calg,0.0145,0.0068450379353853785,0.4889312810988906,0.0,0.0,-0.004012900718613099,-0.3528532656152254,-9.81,-9.81
calg,0.0149999999999999,0.007089503575934741,0.4889312810988906,0.0,0.0,-0.004191779851420704,-0.3577582656152253,-9.81,-9.81
calg,0.0155,0.007333969216484215,0.4889312810988906,0.0,0.0,-0.004373111484228309,-0.3626632656152253,-9.81,-9.81
calg,0.016,0.007578434857033689,0.4889312810988906,0.0,0.8983962246428351,-0.0045568956170359,-0.3675682656152253,-9.81,-7.677643952844948
calg,0.0165,0.007822900497583274,0.4889312810988906,0.0,4.173676591442435,-0.004743132249843504,-0.3724732656152253,-9.81,-0.05068379948163023
calg,0.017,0.008067366138132637,0.4889312810988906,0.0,6.2646607951312925,-0.004931821382651205,-0.3773782656152253,-9.81,4.851248764454006
calg,0.0175,0.00831183177868211,0.4889312810988906,0.0,7.518388642293509,-0.005122963015458809,-0.3822832656152253,-9.81,7.8291785662391105
calg,0.018,0.008556297419231695,0.4889312810988906,0.0,8.212662809065156,-0.005316557148266399,-0.3871882656152253,-9.81,9.524295079046999
calg,0.0184999999999999,0.00880076305978117,0.4889312810988906,0.0,8.555942689671351,-0.005512603781074002,-0.3920932656152253,-9.81,10.417719632759681
calg,0.019,0.009045228700330532,0.4889312810988906,0.0,8.695960303975026,-0.005711102913881605,-0.3969982656152253,-9.81,10.850397897650305
calg,0.0195,0.009289694340880006,0.4889312810988906,0.0,8.733998143761633,-0.005912054546689305,-0.4019032656152253,-9.81,11.056057056164041
calg,0.02,0.00953415998142959,0.4889312810988906,0.0,8.75082400783451,-0.006115458679496907,-0.4068082656152253,-9.81,11.221069350657299
calg,0.0205,0.009778625621979065,0.4889312810988906,0.0,8.75490807030553,-0.00632131531230451,-0.4117132656152253,-9.81,11.349551668096646
calg,0.021,0.010027807842707737,0.4983644414576403,18.866320717499537,8.757952599449101,-0.006518429575864501,-0.3942285271200972,34.969476990256105,11.445285013884984
calg,0.0215,0.0102941852853623,0.5327548853090361,68.7808877027916,8.762368139485588,-0.0066779547986194066,-0.3190504455097824,150.35616322062967,11.584067975556936
calg,0.0219999999999999,0.010571540395086232,0.5547102194477691,43.910668277465994,8.77790157318407,-0.006814197375413708,-0.2724851535884582,93.13058384264836,11.811879006344757
calg,0.0224999999999999,0.010855477576007688,0.5678743618429724,26.328284790406546,8.818283420697846,-0.006937258320748499,-0.2461218906697146,52.72652583748721,12.104669915658056
calg,0.023,0.011143059696304691,0.5751642405940746,14.579757502204622,8.876857303176203,-0.007053872404391107,-0.2332281672852318,25.787446768965644,12.446912082448813
calg,0.0235,0.011432444035974987,0.5787686793404397,7.208877492730053,8.947718457667284,-0.007168248509126798,-0.2287522094712486,8.951915627966313,12.824804321463008
calg,0.024,0.011722563468120284,0.5802388642906283,2.9403699003771995,9.026085308948705,-0.0072828055529716995,-0.2291140876898971,-0.7237564372968812,13.227130239643351
calg,0.0245,0.012012882598924413,0.5806382616083877,0.798794635518747,9.108345220421803,-0.007398735386234506,-0.2318596665255028,-5.491157671211551,13.645363685842849
calg,0.025,0.012303290065515005,0.5808149331811528,0.3533431455303984,9.191931581014488,-0.007516251404951102,-0.2350320374333236,-6.34474181564158,14.073385068130502
calg,0.0255,0.012593718973433532,0.5808578158370987,0.08576531189144239,9.275131896217836,-0.0076355453915012,-0.2385879731002105,-7.111871333773703,14.507038567789978
calg,0.026,0.012884163865130138,0.5808897833931062,0.0639351120149792,9.356885346516403,-0.007756789277985898,-0.242487772969433,-7.799599738444908,14.943665153707489
calg,0.0264999999999999,0.01317463193841184,0.5809361465634894,0.0927263407662152,8.538204139826794,-0.00787975705392191,-0.2459355518718774,-6.895557804888998,13.249325828137144
calg,0.027,0.01346518156222054,0.5810992476173233,0.3262021076681301,5.340328414081835,-0.0080039813219462,-0.2484485360486053,-5.025968353455741,6.060920688819674
calg,0.0275,0.013755943190728703,0.5815232570162181,0.8480187977892806,3.3243716066446134,-0.008129120937696604,-0.2502792315008157,-3.6613909044207302,1.5976967182006119
calg,0.028,0.014047012332119801,0.5821382827822408,1.2300515320455034,2.1433494159534483,-0.008254916282071409,-0.2515906887495127,-2.6229144973940963,-0.9414789687403019
calg,0.0285,0.014338453494572079,0.5828823249043972,1.4880842443126916,1.5195805820832626,-0.008381180192191306,-0.2525278202398637,-1.874262980701948,-2.1977571532175775
calg,0.029,0.014630306082993427,0.5837051768428522,1.645703876909878,1.2447567377864792,-0.008507784391240808,-0.2532083980989701,-1.3611557182127854,-2.65215709826003
calg,0.0295,0.014922590535950131,0.5845689059133197,1.7274581409350567,1.1713048011300753,-0.008634645364697699,-0.2537219469138754,-1.0270976298105552,-2.645508711492056
calg,0.0299999999999999,0.015215313817299903,0.5854465626995429,1.7553135724463875,1.1980974243844493,-0.008761711725897597,-0.254132722399855,-0.8215509719592582,-2.411436329852284
calg,0.0304999999999999,0.01550847390030452,0.5863201660091781,1.7472066192702995,1.2445128967632304,-0.008888953906224309,-0.2544843606534305,-0.7032765071510276,-2.136234012153057
calg,0.031,0.015802063188923188,0.5871785772373131,1.7168224562699244,1.3022166750388287,-0.009016356296975003,-0.2548047815012966,-0.6408416957322327,-1.823967958056575
calg,0.0315,0.0160960709813861,0.588015584925822,1.6740153770177406,1.3596323512046269,-0.009143911599937299,-0.2551106059246572,-0.6116488467211951,-1.4783939982725633
calg,0.032,0.016390485148214506,0.5888283336568958,1.6254974621474478,1.414467097153297,-0.009271616989075901,-0.2554107782771758,-0.6003447050371911,-1.1753069053187633
calg,0.0325,0.016685293208873242,0.5896161213175379,1.5755753212843355,1.4570854772155726,-0.009399471658099609,-0.2557093380473518,-0.5971195403519243,-0.9606979503604196
calg,0.033,0.016980482974228495,0.5903795307104839,1.5268187858920887,1.4738638965316966,-0.009527475368020302,-0.2560074198414877,-0.5961635882719776,-0.8105439626961909
calg,0.0335,0.017276042892581445,0.5911198367059493,1.4806119909307134,1.4715625845210691,-0.009655627676717307,-0.2563046173940163,-0.5943951050571474,-0.7093498057324789
calg,0.034,0.017571962205125025,0.5918386250871982,1.4375767624976057,1.4561881785174418,-0.009783927606218809,-0.2565998590029789,-0.5904832179251898,-0.6433533117425787
calg,0.0345,0.017868230987476363,0.5925375647024945,1.397879230592712,1.4326229214724426,-0.009912373570799105,-0.2568919291605636,-0.5841403151694191,-0.6013804681688956
calg,0.035,0.018164840129758497,0.5932182845644248,1.3614397238606017,1.4045794026944427,-0.010040963444793605,-0.2571797479889518,-0.5756376567763368,-0.5749493412835642
calg,0.0355,0.018461781289057178,0.5938823185971672,1.3280680654848058,1.3747237451864551,-0.010169694692074002,-0.2574624945609307,-0.5654931439578128,-0.5579853724251618
calg,0.036,0.018759046834519677,0.5945310909250067,1.2975446556790022,1.3448676291422261,-0.010298564510404007,-0.2577396366598045,-0.5542841977475881,-0.5463779433461261
calg,0.0364999999999999,0.019056629796059932,0.5951659230807551,1.2696643114967439,1.3161685862212646,-0.010427569965379607,-0.2580109099512948,-0.5425465829806626,-0.5375181441196977
calg,0.0369999999999999,0.019354523821601743,0.5957880510835992,1.2442560056882919,1.2893171734522946,-0.010556708102568507,-0.2582762743777244,-0.5307288528591947,-0.5298663966008865
calg,0.0374999999999999,0.019652723144165885,0.596398645128087,1.221188088975913,1.2646840724652495,-0.010685976034832206,-0.2585358645273897,-0.5191802993305252,-0.5226130748541726
calg,0.0379999999999999,0.019951222558130643,0.596998827929801,1.2003656034278833,1.242433985867113,-0.010815371006386701,-0.2587899431091257,-0.5081571634719246,-0.5154156912462542
calg,0.0385,0.020250017403090514,0.5975896899197122,1.1817239798223296,1.2225513070868286,-0.010944890437241603,-0.2590388617097038,-0.4978372011561447,-0.5083448404986389
calg,0.039,0.02054910355347994,0.5981723007788305,1.1652217182365114,1.2047211312229376,-0.011074531952248098,-0.2592830300131608,-0.48833660691404646,-0.5021735735464685
calg,0.0395,0.020848477412239164,0.598747717518313,1.1508334789648995,1.1890322703897709,-0.011204293398755505,-0.2595228930147435,-0.4797260031654389,-0.49670975906553816
calg,0.04,0.021148135907059995,0.5993169896416115,1.1385442465970625,1.1755180190820336,-0.01133417285625421,-0.2597589149973528,-0.4720439652185977,-0.49188144922527016
calg,0.0405,0.0214480764880719,0.5998811620240008,1.128344764778645,1.1641785540906526,-0.0114641686406593,-0.2599915688103192,-0.4653076259328053,-0.48768523486239185
calg,0.041,0.02174829712612958,0.6004412761151716,1.1202281823414912,1.154995929825553,-0.01159427930518861,-0.2602213290585648,-0.4595204964912796,-0.4841516997052822
calg,0.0415,0.022048796299825812,0.6009983473926364,1.1141425549297337,1.1479435022385747,-0.011724503666195901,-0.2604487220145534,-0.45478591197723617,-0.4813237445222572
calg,0.042,0.02234957300744933,0.6015534152470711,1.1101357088693682,1.1429913948141945,-0.011854840767740404,-0.2606742030889665,-0.45096214882615904,-0.47924405816733745
calg,0.0425,0.02265062676565821,0.6021075164177809,1.1082023414195048,1.1401093085252345,-0.011985289875521998,-0.2608982155631446,-0.4480249483562009,-0.47794873091977796
calg,0.043,0.02295195760474289,0.6026616781691426,1.1083235027234632,1.1392676591240989,-0.012115850476924706,-0.2611212028054374,-0.44597448458563527,-0.47746474024456087
calg,0.0435,0.02325356576446036,0.6032163194348957,1.1092825315061206,1.1404377429313857,-0.012246522997258008,-0.2613450406667234,-0.44767572257205757,-0.4778096901928276
calg,0.0439999999999999,0.023555450468752293,0.6037694085837902,1.1061782977890042,1.1435914035143786,-0.012377311717216205,-0.2615774399162542,-0.464798499061569,-0.4789927135421847
calg,0.0444999999999999,0.023857612200715472,0.6043234639262907,1.1081106850011009,1.148700498209047,-0.012508219372952809,-0.2618153114731671,-0.4757431138256525,-0.4810158460386648
calg,0.0449999999999999,0.024160052452666836,0.6048805039028557,1.1140799531302286,1.1557363393112559,-0.012639247715141508,-0.262056684377429,-0.48274580852379145,-0.4838754686051702
calg,0.0454999999999999,0.02446277353235804,0.6054421593823766,1.1233109590416037,1.1646692008555228,-0.012770397936619007,-0.2623004429550069,-0.4875171551558921,-0.48756360708171426
calg,0.0459999999999999,0.024765778420288265,0.6060097758603356,1.1352329559177117,1.175467928548577,-0.01290167098032291,-0.2625460874078362,-0.4912889056585108,-0.49206900224955324
calg,0.0465,0.02506907066913744,0.6065844976985117,1.1494436763524594,1.18809965904709,-0.013033067748311505,-0.2627935359772882,-0.4948971389040615,-0.49737793536328695
calg,0.047,0.025372654335500622,0.607167332726304,1.1656700555847586,1.2025317894679048,-0.0131645892345926,-0.2630429725620519,-0.4988731695273483,-0.5034696900575348
calg,0.0475,0.025676533934912205,0.6077591988231141,1.1837321936201306,1.2187270584216319,-0.013296236602618805,-0.2632947360523821,-0.5035269806604461,-0.510328426499908
calg,0.048,0.02598071441268679,0.6083609555488901,1.2035134515520645,1.2366459278140187,-0.013428011224768707,-0.2635492442999576,-0.5090164951509664,-0.5179377587619727
calg,0.0485,0.026285201124801927,0.6089734242305805,1.2249373633809089,1.256247107476641,-0.013559914697196807,-0.2638069448561504,-0.5154011123855256,-0.5262797215032275
calg,0.049,0.026589999824630395,0.609597399656613,1.2479508520651799,1.2775444859836274,-0.01369194883979781,-0.2640682852018967,-0.5226806914926438,-0.5351984425383561
calg,0.0495,0.02689511665263533,0.6102336560100253,1.2725127068245479,1.300782498064039,-0.013824115687996005,-0.2643336963965668,-0.5308223893401287,-0.5439809215293772
calg,0.05,0.027200558127175922,0.6108829490810809,1.2985861421112854,1.3257693426117103,-0.013956417480713607,-0.2646035854350978,-0.5397780770620528,-0.5529413264466009
calg,0.0505,0.02750633113530121,0.6115460162505943,1.3261343390266667,1.3523578634059976,-0.0140888566471494,-0.2648783328717108,-0.5494948732260223,-0.5622859631677365
calg,0.051,0.027812442922938163,0.6122235752737607,1.3551180463327839,1.3804348109958782,-0.014221435793816406,-0.2651582933339395,-0.5599209244574244,-0.5721383095956908
calg,0.0515,0.028118901084205783,0.6129163225351658,1.3854945228102655,1.4099110751141541,-0.014354157692506309,-0.2654437973798794,-0.5710080918796869,-0.5825618115006909
calg,0.052,0.028425713549796727,0.6136249311820491,1.4172172937668481,1.440713634472082,-0.014487025269386403,-0.2657351537601576,-0.5827127605564417,-0.5935787152152636
calg,0.0524999999999999,0.02873288857447709,0.6143500493604979,1.4502363568976302,1.472779382815433,-0.01462004159517001,-0.2660326515672156,-0.5949956141159944,-0.6051845701260348
calg,0.0529999999999999,0.029040434723806907,0.6150922986598278,1.4844985986596297,1.506050676270398,-0.0147532098761851,-0.2663365620301454,-0.6078209258595599,-0.617358758641286
calg,0.0534999999999999,0.02934836086020587,0.615852272797647,1.5199482756385327,1.5404723094088741,-0.0148865334461257,-0.2666471398812214,-0.621155702151988,-0.63007172901856
calg,0.0539999999999999,0.02965667612847478,0.6166305365377234,1.5565274801528328,1.5759895951978744,-0.015020015758282407,-0.2669646243133763,-0.6349688643097586,-0.6432896809074551
calg,0.0545,0.029965389940881493,0.6174276248134623,1.5941765514776451,1.6125472484740293,-0.01515366037807861,-0.2672892395923128,-0.6492305578730093,-0.6569773969175404
calg,0.055,0.030274511961893236,0.6182440420237134,1.6328344205021998,1.6500888223309285,-0.01528747097577901,-0.2676211954008565,-0.6639116170873507,-0.6710997986311182
calg,0.0555,0.03058405209262749,0.6190802614686185,1.6724388898102671,1.68855650299519,-0.015421451319274304,-0.2679606869906903,-0.6789831796676395,-0.6856226757223002
calg,0.056,0.030894020455076387,0.619936724897833,1.7129268584290906,1.7278860908639995,-0.015555605266877201,-0.2683078952057618,-0.6944164301429332,-0.7005250074831574
calg,0.0565,0.031204427376150923,0.6208138421490337,1.7542345024015082,1.7676126880137502,-0.015689936760091505,-0.2686629864285936,-0.7101824456635111,-0.716743236260814
calg,0.057,0.03151528337158127,0.6217119908604682,1.7962974228689446,1.8078427789314777,-0.015824449816335004,-0.2690261124870486,-0.7262521169100893,-0.7338572047986551
calg,0.0575,0.03182659912970409,0.6226315162458657,1.8390507707951331,1.8486292045756176,-0.015959148521609207,-0.2693974105483754,-0.7425961226535431,-0.751569696516487
calg,0.058,0.03213838549516612,0.6235727309239529,1.8824293561743943,1.8899833497600025,-0.016094037023118304,-0.2697770030181158,-0.759184939480722,-0.7696784828688935
calg,0.0585,0.032450653452564926,0.624535914797683,1.9263677474600664,1.9318864188770155,-0.01622911952184561,-0.2701649974546526,-0.7759888730737217,-0.7880504744173596
calg,0.059,0.03276341411005501,0.625521314980158,1.9708003649499133,1.9742988574150577,-0.0163644002650985,-0.2705614865056788,-0.7929781020523201,-0.8066001595835818
calg,0.0595,0.03307667868293784,0.62652914576559,2.015661570864428,2.0171676797013367,-0.0164998835390332,-0.270966547869531,-0.8101227277044369,-0.8252728871807435
calg,0.0599999999999999,0.03339045847726019,0.6275595886444999,2.0608857578194404,2.060431844671914,-0.01663557366117431,-0.2713802442821937,-0.8273928253252638,-0.8440326654264613
calg,0.0604999999999999,0.03370476487344132,0.6286127923625303,2.106407436060765,2.104025994466831,-0.016771474972939404,-0.2718026235301821,-0.8447584959768726,-0.862853749183091
calg,0.0609999999999999,0.03401960928354364,0.6296888202046661,2.152055684271667,2.147882917732797,-0.016907591895664598,-0.2722338454502841,-0.8624438402040226,-0.8817151777886297
calg,0.0614999999999999,0.034335001037792634,0.6307835084979048,2.189376586477552,2.1919350778266242,-0.01704393394432191,-0.2726840973146783,-0.900503728788216,-0.9005974757735695
calg,0.062,0.034650950373649625,0.631898671713946,2.2303264320825376,2.2361154927318534,-0.017180508593337,-0.2731492980302655,-0.9304014311743494,-0.9194808521540005
calg,0.0625,0.034967468142564795,0.633035537830093,2.273732232293791,2.280358190915417,-0.017317321911123798,-0.2736266355735809,-0.9546750866309104,-0.938344378775746
calg,0.063,0.035284565579831284,0.6341948745329778,2.3186734057697094,2.3245974079309275,-0.01745437904894251,-0.2741142756373392,-0.9752801275165304,-0.9571681669207024
calg,0.0635,0.03560225413286022,0.6353771060580363,2.36446305011691,2.368768113457892,-0.01759168459494831,-0.2746110920115279,-0.993632748377351,-0.9759323487087697
calg,0.064,0.0359205453382605,0.636582410800505,2.410609484937408,2.4128091273523298,-0.0177292428157267,-0.2751164415568492,-1.0106990906426496,-0.9946098726815943
calg,0.0645,0.03623945073684787,0.6378107971745874,2.456772748164702,2.456660118240744,-0.017867057810541098,-0.2756299896287743,-1.0270961438501551,-1.0131738243454473
calg,0.065,0.03655898181643902,0.6390621591825173,2.5027240158597674,2.5002616504071966,-0.018005133601830703,-0.2761515825792909,-1.0431859010330875,-1.0315975310366454
calg,0.0655,0.03687914997392183,0.640336314965615,2.5483115661954563,2.5435552361096603,-0.018143474181714303,-0.2766811597672791,-1.0591543759765756,-1.0498546489836376
calg,0.066,0.03719996648997437,0.6416330321048128,2.5934342783955446,2.586483392420312,-0.018282083529893106,-0.2772186963574711,-1.0750731803839528,-1.0679192344132393
calg,0.0665,0.03752144251158174,0.6429520432150125,2.6380222203994745,2.6289947315656255,-0.018420965614243806,-0.2777641687013844,-1.09094468782666,-1.085753709891571
calg,0.067,0.0378435890389931,0.6442930548227181,2.68202321541132,2.6714384650097904,-0.0185601243819319,-0.2783175353762107,-1.1067333496525666,-1.1023645955108143
calg,0.0675,0.038166416914925616,0.64565575186508,2.7253940847237748,2.71359256941597,-0.018699563746164008,-0.2788787284641941,-1.1223861759667422,-1.1181164427681316
calg,0.068,0.03848993680944024,0.6470397890291405,2.7680743281208606,2.755289074578298,-0.01883928758431451,-0.2794476763010429,-1.137895673697626,-1.1332521234933723
calg,0.0685,0.03881415920749798,0.6484447961152608,2.8100141722406455,2.796402131110156,-0.018979299730654306,-0.280024292679558,-1.153232757030139,-1.1479206204874661
calg,0.069,0.03913909441281538,0.6498704106348824,2.85122903924325,2.83683697222114,-0.019119603931213203,-0.2806084011178095,-1.1682168765030383,-1.1622027473283723
calg,0.0695,0.039464752535926184,0.6513162462216858,2.891671173606619,2.8765207085619537,-0.0192602038370438,-0.2811998116613061,-1.1828210869932292,-1.1761326211142074
calg,0.07,0.03979114348247359,0.6527818930948657,2.9312937463599344,2.9153951961091575,-0.019401102998016506,-0.2817983219454159,-1.1970205682195996,-1.1897143306291558
calg,0.0705,0.04011827694178538,0.6542669186236513,2.9700510575711707,2.9534118376030447,-0.019542304857064804,-0.2824037180965219,-1.210792302212102,-1.202934121406841
calg,0.071,0.040446162375776695,0.6557708679829435,3.007898718584467,2.9905280057141206,-0.019683812744810597,-0.2830157754915212,-1.2241147899985076,-1.2157688186173214
calg,0.0715,0.040774809008219726,0.6572932648861051,3.0447938063232454,3.0267047289527538,-0.0198256298745126,-0.2836342594041457,-1.2369678252489908,-1.2281913182780226
calg,0.072,0.04110422581441009,0.6588336123805076,3.08069498880501,3.0619053026245844,-0.0199677593372964,-0.2842589255675419,-1.2493323267923238,-1.2401739282997772
calg,0.0724999999999999,0.041434421511256425,0.6603913936928137,3.115562624612316,3.096094539983041,-0.0201102040976361,-0.2848895206793308,-1.2611902235780104,-1.2516902187307533
calg,0.0729999999999999,0.04176540454781308,0.6619660731131651,3.149358840702675,3.1288412869640903,-0.020252966989071197,-0.2855257828702613,-1.2725243818609648,-1.2636703844009864
calg,0.0734999999999999,0.042097183096267865,0.6635570969096344,3.182047592938724,3.1601818049706454,-0.020396050710147398,-0.2861674421524576,-1.283318564392502,-1.2759377515750212
calg,0.0739999999999999,0.0424297650434009,0.6651638942663582,3.2135947134475713,3.1902353741789615,-0.0205394578205767,-0.2868142208584758,-1.2935574120363764,-1.2881210874586977
calg,0.0744999999999999,0.04276315798252117,0.6667858782404054,3.2439679480945034,3.219068526548586,-0.020683190737615903,-0.2874658340785484,-1.3032264401451883,-1.299977194200128
calg,0.0749999999999999,0.043097369205887914,0.6684224467337334,3.273136986655984,3.2467116091017245,-0.0208272517326661,-0.2881219901003804,-1.3123120436640754,-1.311352346767736
calg,0.0754999999999999,0.04343240569762663,0.6700729834773491,3.301073487231393,3.27317031331727,-0.020971642928093198,-0.2887823908540627,-1.3208015073644752,-1.3221555401320284
calg,0.0759999999999999,0.04376827412713957,0.671736859025613,3.327751096528049,3.2984347691730527,-0.021116366294274505,-0.289446732362761,-1.3286830173966635,-1.332337386307695
calg,0.0764999999999999,0.04410498084301884,0.6734134317588165,3.353145466406849,3.322486285815564,-0.02126142364687421,-0.2901147051993903,-1.3359456732586832,-1.3418744744774416
calg,0.0769999999999999,0.044442531867465274,0.6751020488925704,3.3772342675078995,3.345302073723488,-0.0214068166443485,-0.2907859949485321,-1.3425794982835075,-1.3507584179312435
calg,0.0774999999999999,0.044780932891211433,0.6768020474925399,3.3999971999389103,3.3668583678175876,-0.021552546785684898,-0.2914602826728836,-1.3485754487030572,-1.3589886137292777
calg,0.078,0.04512018718390054,0.6785085853782028,3.4130757713258078,3.387132360797771,-0.0216986204194351,-0.2921472675004044,-1.3739696550416411,-1.3665677638429696
calg,0.0785,0.0454602980328912,0.680221697981332,3.4262252062585308,3.406103299734712,-0.021845042930781405,-0.2928450226925806,-1.3955103843523524,-1.3734993368231532
calg,0.079,0.04580126916666338,0.6819422675441396,3.4411391256152775,3.4237530266905183,-0.021991817712830403,-0.2935495640978743,-1.409082810587348,-1.379786316776324
calg,0.0795,0.04614310448174519,0.6836706301636423,3.4567252390053675,3.4400661729022,-0.022138946793658798,-0.2942581616569108,-1.417195118073078,-1.38543075197781
calg,0.08,0.046485807840803695,0.6854067181172536,3.4721759072225296,3.455030154256757,-0.022286431299310003,-0.2949690113023673,-1.4216992909129953,-1.3904337591676814
calg,0.0805,0.04682938293149619,0.6871501813846967,3.4869265348863814,3.4686350664280536,-0.02243427177686841,-0.2956809551168022,-1.423887628869739,-1.394795754414545
calg,0.081,0.047173833173346114,0.6889004836999681,3.5006046305426124,3.4808735410679543,-0.0225824684071948,-0.2963932606527527,-1.4246110719011043,-1.398516767511581
calg,0.0815,0.047519161660338094,0.6906569739840067,3.512980568077212,3.4917405982841037,-0.022731021135931506,-0.2971054574735343,-1.4243936415631815,-1.4015967578000614
calg,0.082,0.04786537112866829,0.6924189366602014,3.523925352389648,3.5012335131752583,-0.022879929747327804,-0.2978172227924237,-1.423530637778832,-1.4040358900122736
calg,0.0825,0.04821246394128942,0.694185625242592,3.53337716478109,3.509351703228239,-0.023029193900333603,-0.2985283060116992,-1.4221664385510433,-1.4058347543061747
calg,0.083,0.04856044208303001,0.6959562834811902,3.541316477196189,3.516096637079054,-0.0231788131414334,-0.299238482199682,-1.4203523759655372,-1.4069945293797221
calg,0.0835,0.04890930716191022,0.6977301577603793,3.5477485583784243,3.5218689157208596,-0.023328786904386903,-0.2999475259069044,-1.4180874144448214,-1.4065626077560813
calg,0.084,0.04925906041375527,0.6995065036898847,3.5526918590106558,3.526605753896309,-0.023479114503626206,-0.300655198478609,-1.4153451434090893,-1.4046940391495535
calg,0.0845,0.04960970270829612,0.7012845890818312,3.5561707838928953,3.5301649160285447,-0.023629795125503297,-0.3013612437542427,-1.4120905512675819,-1.4017403344513488
calg,0.085,0.04996123455572621,0.7030636948601013,3.558211556540197,3.5324574356161986,-0.023780827819778208,-0.302065388549809,-1.4082895911324904,-1.3979341468719941
calg,0.0855,0.05031365611319183,0.7048431149312279,3.5588401422532123,3.533434121224576,-0.0239322114925391,-0.3027673455217331,-1.403913943848213,-1.3934205663976185
calg,0.086,0.05066696719102126,0.7066221556585626,3.5580814546693134,3.533074045269948,-0.024083944900995607,-0.3034668169129342,-1.3989427824022282,-1.3882838078068376
calg,0.0865,0.05102116725867489,0.7084001353075962,3.555959298067179,3.5313754583050483,-0.02423602665015541,-0.3041634983196616,-1.3933628134547504,-1.3825682575163611
calg,0.087,0.05137625545049851,0.7101763836471569,3.552496679121082,3.5283490466166993,-0.024388455191177702,-0.3048570820445191,-1.3871674497151396,-1.376294066731047
calg,0.0875,0.05173223057138687,0.7119502417764672,3.5477162586205035,3.5240106704158567,-0.02454122882111201,-0.3055472598687468,-1.3803556484554278,-1.3694741761101141
calg,0.0879999999999999,0.052089091102477725,0.7137210621818701,3.54164081080603,3.5183260012116375,-0.024694345683727706,-0.3062337252313706,-1.37293072524756,-1.3622481705887683
calg,0.0884999999999999,0.05244683520697446,0.715488208993272,3.534293622803713,3.5108150940214253,-0.024847803771168603,-0.3069161748818432,-1.364899300945181,-1.3558376007472168
calg,0.0889999999999999,0.05280546073617309,0.7172510583972435,3.5256988079429763,3.5017381870591078,-0.025001600926220502,-0.3075943101036509,-1.356270443615271,-1.3496954439464264
calg,0.0894999999999999,0.0531649652357542,0.7190089991624397,3.5158815303922317,3.491282446749215,-0.0251557348450253,-0.3082678376096134,-1.3470550119250486,-1.343450032188652
calg,0.0899999999999999,0.053525345952373016,0.7207614332376125,3.5048681503460988,3.479578807154558,-0.0253102030801248,-0.3089364701990667,-1.3372651789066232,-1.3368655234664653
calg,0.0904999999999999,0.053886599840568095,0.7225077763901118,3.492686304998443,3.4667175744236327,-0.0254650030437496,-0.3095999272495422,-1.3269141009511127,-1.3298052303941215
calg,0.0909999999999999,0.0542487235699981,0.7242474588600315,3.479364939839208,3.452761455579793,-0.025620132011299007,-0.3102579350987739,-1.316015698463337,-1.3222009571988187
calg,0.0914999999999999,0.0546117135330042,0.7259799260121713,3.4649343042797134,3.437755663464035,-0.02577558712497731,-0.3109102273566744,-1.3045845158010998,-1.3140291699105824
calg,0.0919999999999999,0.05497556585249108,0.7277046389734823,3.4494259226218875,3.421735289322091,-0.02593136539756441,-0.3115565451742102,-1.2926356350715835,-1.3052935582387242
calg,0.0924999999999999,0.0553402763768408,0.7294210486995683,3.4328194521719393,3.404730380345887,-0.026087463748385206,-0.3121967016415798,-1.2803129347392428,-1.296012969572422
calg,0.0929999999999999,0.05570584040096849,0.7311280482553145,3.413999111492508,3.3867692277060786,-0.0262438797042866,-0.3128319118028812,-1.270420322602778,-1.286213533821834
calg,0.0935,0.05607225032195273,0.7328198419684154,3.3835874262017156,3.3678803414758445,-0.0264006170927904,-0.3134747770075277,-1.2857304092929613,-1.2759238646304911
calg,0.094,0.056439499526314996,0.7344984087245003,3.3571335121697605,3.3480935147283426,-0.026557676756824605,-0.3141193280683418,-1.2891021216282184,-1.2651723951356555
calg,0.0945,0.05680758201100533,0.7361649693807518,3.3331213125028962,3.327440291726794,-0.0267150574687329,-0.3147614238165897,-1.2841914964958256,-1.2539861105199468
calg,0.095,0.05717649209428388,0.7378201665569543,3.3103943524050945,3.305954072082333,-0.026872756634608197,-0.3153983317506406,-1.2738158681016625,-1.242390133842888
calg,0.0955,0.05754622420897959,0.7394642293915497,3.2881256691907765,3.283670012268171,-0.02703077080634271,-0.3160283434689472,-1.2600234366132703,-1.2304077866738505
calg,0.096,0.05791677276408702,0.741097110214816,3.2657616465325794,3.2606248304458667,-0.027189096034128807,-0.3166504555723206,-1.2442242067468587,-1.2180608759398581
calg,0.0965,0.05828813205914951,0.7427185901249352,3.242959820238388,3.236856579638267,-0.027347728095727303,-0.3172641231969953,-1.2273352493492649,-1.2053700543636112
calg,0.097,0.05866029623707236,0.7443283558454784,3.2195314410863567,3.212404425678722,-0.027506662636067908,-0.3178690806811682,-1.2099149683457284,-1.1923551689990284
calg,0.0975,0.059033259263392646,0.7459260526407888,3.195393590620809,3.187308447561832,-0.0276658952451804,-0.3184652182250296,-1.192275087722793,-1.1790355565407467
calg,0.098,0.05940701492272649,0.747511318667381,3.1705320531845183,3.16161199459255,-0.027825421496167402,-0.3190525019738761,-1.1745674976930758,-1.165424161434663
calg,0.0985,0.05978155682561004,0.7490838057673666,3.1449741999711214,3.135413762666533,-0.0279852369590724,-0.3196309258099908,-1.1568476722293646,-1.151401051756383
calg,0.099,0.06015687842105899,0.7506431908979198,3.11877026110618,3.1092611419763747,-0.028145337201587697,-0.3202004850307676,-1.139118441553629,-1.135762654673148
calg,0.0995,0.06053297301178928,0.752189181460375,3.091981124910444,3.0829631865285045,-0.028305717783719805,-0.3207611642641103,-1.1213584666853862,-1.1190748689775585
calg,0.1,0.060909833770248833,0.7537215169193042,3.064670917858551,3.0564032028102357,-0.028466374250727303,-0.3213129340149637,-1.1035395017068161,-1.1017303909581535
calg,0.1005,0.06128745375443201,0.7552399683664285,3.036902894248699,3.029521595453024,-0.028627302126706902,-0.3218557519591421,-1.0856358883568404,-1.083988673351847
calg,0.101,0.06166582592298697,0.7567443371097936,3.008737486730054,3.0023001487314387,-0.02878849690993031,-0.3223895664469108,-1.0676289755372714,-1.0660125547306447
calg,0.1015,0.062044943149460074,0.7582344529462333,2.9802316728796097,2.974748984099754,-0.028949954070265106,-0.3229143206695918,-1.0495084453621502,-1.0478986428733732
calg,0.102,0.06242479823570091,0.759710172481798,2.95143907112927,2.946896479155074,-0.0291116690485807,-0.3234299566311643,-1.0312719231448586,-1.0297007741985542
calg,0.1025,0.0628053839245375,0.7611713776728816,2.9224103821672056,2.9185177660673363,-0.029273637257839602,-0.3239364185178881,-1.0129237734476693,-1.0120921737862947
calg,0.103,0.06318669291185874,0.7626179746427901,2.8931939398170035,2.8893496454124157,-0.029435854085508,-0.3244336553366438,-0.9944736375114864,-0.9958448783137919
calg,0.1035,0.06356871785824048,0.7640498927633133,2.863836241046156,2.859685604593628,-0.029598314896931106,-0.3249216228463233,-0.9759350193588983,-0.9803843970731753
calg,0.104,0.06395145140022007,0.7654670839591674,2.8343823917083992,2.8297391713514077,-0.029761015039371903,-0.3254002848815958,-0.9573240705450257,-0.9653247844011554
calg,0.1045,0.06433488616131144,0.7668695221830496,2.8048764477644834,2.7996623710330932,-0.029923949846468206,-0.3258696141926062,-0.9386586220208422,-0.9504248949357652
calg,0.105,0.0647190147628166,0.7682572030102592,2.7753616544192528,2.7695625838588036,-0.030087114642929007,-0.3263295929216504,-0.9199574580883194,-0.9355483824048638
calg,0.1055,0.06510382983447127,0.769630143309211,2.7458805979036485,2.7395164872658126,-0.030250504749339505,-0.326780212820835,-0.9012397983692217,-0.920630566005136
calg,0.106,0.06548932402494789,0.7709883809532297,2.7164752880374903,2.7095807909311653,-0.030414115486986304,-0.327221475293619,-0.8825249455680275,-0.9056528685961763
calg,0.1065,0.0658754900122217,0.7723319745478635,2.6871871892672003,2.6798000196936083,-0.030577942182647505,-0.3276533913224911,-0.8638320577441512,-0.8906242328538041
calg,0.107,0.06626232051379988,0.7736610031560635,2.6580572164001013,2.6502118414295035,-0.030741980173310604,-0.3280759813260801,-0.8451800071780688,-0.8755683464534549
calg,0.1075,0.06664980690999434,0.7749727923891854,2.623578466243861,2.6208504955818874,-0.0309062281975635,-0.3284960485059243,-0.84013435968828,-0.8605153659520353
calg,0.108,0.0670379390219531,0.7762642239176191,2.582863056867484,2.591748837862495,-0.031070688992287203,-0.3289215894473244,-0.8510818828002336,-0.8454969220095507
calg,0.1085,0.06742670803071094,0.7775380175156141,2.5475871959899687,2.562939432090908,-0.0312353622613587,-0.3293465381431445,-0.8498973916401233,-0.8305433871828237
calg,0.109,0.06781610606424437,0.7787960670665564,2.516099101884497,2.534455023937407,-0.0314002456793818,-0.3297668360462029,-0.8405958061169478,-0.8156826142127652
calg,0.1095,0.06820612588714114,0.7800396457937671,2.487157454421579,2.5063270705467926,-0.0315653356525956,-0.3301799464275931,-0.8262207627804372,-0.8009434201486136
calg,0.11,0.06859676068143661,0.7812695885908923,2.4598855942503572,2.478587435382016,-0.0317306278637353,-0.3305844222793614,-0.808951703536458,-0.786351324830726
calg,0.1105,0.06898800390145443,0.7824864400355952,2.4337028894057413,2.4512706043674113,-0.031896117641214305,-0.3309795549580176,-0.7902653573125313,-0.7719229996121093
calg,0.111,0.06937984918479001,0.7836905666712057,2.408253271221108,2.424410391271424,-0.032061800194754006,-0.331365107079402,-0.7711042427686863,-0.7576741271653272
calg,0.1115,0.06977229030344834,0.7848822373165762,2.3833412907413547,2.3980398309234485,-0.03222767075520001,-0.3317411208918757,-0.7520276249474538,-0.7436195443332589
calg,0.112,0.07016532114208907,0.7860616772812431,2.358879929333407,2.372191087431468,-0.032393724649353604,-0.3321077883073531,-0.7333348309548207,-0.7297733542244736
calg,0.1125,0.07055893569343163,0.7872291026854078,2.3348508083293398,2.3468953775390338,-0.0325599573333405,-0.3324653679736606,-0.7151593326150412,-0.7161490072833161
calg,0.113,0.07095312806366683,0.7883847404704378,2.3112755700599608,2.322447061860873,-0.03272636440144001,-0.3328141361989884,-0.6975364506554982,-0.7021142569761908
calg,0.1135,0.07134789248300677,0.7895288386797445,2.2881964186136803,2.2991836102378054,-0.032892941581891,-0.3331543609020635,-0.6804494061502186,-0.6869234958954726
calg,0.114,0.071743223318264,0.7906616705146559,2.2656636698226325,2.276887237153225,-0.0330596847270388,-0.3334862902955573,-0.6638587869876709,-0.671170700893471
calg,0.1145,0.07213911507736392,0.7917835181999086,2.2436953705054985,2.2554194977714466,-0.033226589822435405,-0.3338101907931562,-0.647800995197839,-0.6552589350028664
calg,0.115,0.07253556242249126,0.7928946902545607,2.2223441093041747,2.2347016748284387,-0.033393652973987005,-0.3341263031033288,-0.6322246203452018,-0.6394465744392581
calg,0.1155,0.0729325601946692,0.7939955443561169,2.201708203112552,2.214697348142474,-0.0335608703661958,-0.3344347844175775,-0.6169626284973706,-0.6238884315264602
calg,0.116,0.07333010342087809,0.7950864524175609,2.181816122887915,2.1953455985205985,-0.033728238261773805,-0.3347357911560709,-0.602013476986798,-0.6087994284056325
calg,0.1165,0.07372818732046693,0.7961677991779259,2.162693520730007,2.1759743755410694,-0.033895753002028406,-0.3350294805091182,-0.5873787060945936,-0.5959014992222714
calg,0.117,0.0741268073109499,0.7972399809658935,2.1443635759356,2.1569066176012415,-0.034063411007799305,-0.3353160115418481,-0.5730620654596592,-0.584478866005422
calg,0.1175,0.07452595901326009,0.7983034046202232,2.126847308658991,2.138373296546643,-0.0342312087807506,-0.335595545902555,-0.5590687214137606,-0.5740322920702575
calg,0.118,0.07492563825652931,0.7993584865387244,2.1101638370024838,2.1205323156558205,-0.03439914290485271,-0.3358682482041743,-0.5454046032386479,-0.5642338973333876
calg,0.1185,0.07532584108244189,0.8004056518251159,2.0943305727830652,2.1034869280776807,-0.03456721004792981,-0.3361342861542269,-0.532075900105152,-0.5548830721003087
calg,0.119,0.07572656374919473,0.8014453335057227,2.0793633612137823,2.0873016103152033,-0.0347354069631811,-0.3363938305025259,-0.5190886965980894,-0.5458684486821669
calg,0.1195,0.07612780273509134,0.8024779717931563,2.0652765748671533,2.072014677302702,-0.034903730490612905,-0.336647054863733,-0.5064487224142518,-0.5371376542816113
calg,0.12,0.07652955474178103,0.8035040133794656,2.0520831726184063,2.057649261383355,-0.03507217755834251,-0.3368941354592054,-0.4941611909446646,-0.5286708797349037
calg,0.1205,0.07693181669715421,0.8045239107463881,2.039794733845105,2.044218142319462,-0.0352407451837477,-0.3371352508103893,-0.48223070236770127,-0.5204693409437038
calg,0.121,0.07733458548156424,0.8055375688200613,2.027316147346348,2.031725744150475,-0.0354094311582259,-0.3373719489562768,-0.4733962917751491,-0.5125505767466892
calg,0.1215,0.07773785463037142,0.8065382976143868,2.001457588651004,2.0201739564131898,-0.035578242194636504,-0.3376220728212359,-0.5002477299181045,-0.5049343892334162
calg,0.122,0.07814161950877219,0.8075297568013893,1.9829183740049652,2.0095636051554644,-0.03574718126912901,-0.3378781489849327,-0.5121523273936148,-0.49763930147952073
calg,0.1225,0.0785458768072197,0.8085145968949828,1.9696801871868308,1.999895154328095,-0.035916248832816,-0.3381351273740909,-0.5139567783163663,-0.4906808701231527
calg,0.123,0.07895062415321952,0.8094946919997938,1.9601902096220771,1.9911689360263234,-0.0360854437447638,-0.3383898238956613,-0.509393043140772,-0.4840711370780817
calg,0.1235,0.07935585982982729,0.8104713532152533,1.953322430919018,1.9833851178813398,-0.036254763948991804,-0.3386404084560417,-0.501169120760844,-0.47781872024986544
calg,0.124,0.07976158258262123,0.8114455055880541,1.948304745601651,1.976543544789874,-0.036424206938798505,-0.3388859796132263,-0.49114231436923994,-0.47192921338457083
calg,0.1245,0.08016779149493447,0.8124178246263342,1.944638076560118,1.970643539470268,-0.036593770056631204,-0.3391262356655143,-0.4805121045760039,-0.4664056915330748
calg,0.125,0.08057448591265659,0.8133888354444339,1.942021636199211,1.9656837094032227,-0.0367634506741464,-0.3393612350303728,-0.469998729716977,-0.46124920728124374
calg,0.1255,0.08098166540303109,0.8143589807489151,1.9402906089624226,1.9616617833310437,-0.036933246289738,-0.3395912311832378,-0.4599923057300046,-0.45645922152988955
calg,0.126,0.08138932973536595,0.815328664669697,1.9393678415638218,1.9585744853756775,-0.037103154572474706,-0.3398165654734178,-0.4506685803600643,-0.45203394901375143
calg,0.1265,0.0817974788748459,0.8162982789598994,1.9392285804049292,1.9564700809979942,-0.0372731733735962,-0.3400376022430218,-0.4420735392080637,-0.4478403765094638
calg,0.127,0.08220611298336189,0.8172682170320583,1.9398761443177654,1.9560241949385646,-0.037443300720183606,-0.3402546931746532,-0.43418186326278985,-0.44219295413712034
calg,0.1275,0.08261523242340518,0.8182388800863387,1.9413261085608442,1.9569259481404746,-0.037613534800522604,-0.3404681606781412,-0.42693500697593123,-0.43581666573552347
calg,0.128,0.08302483776262948,0.8192106784484996,1.943596724321787,1.9589596753111411,-0.0377838739469436,-0.3406782928418748,-0.42026432746726883,-0.42920520597981865
calg,0.1285,0.08343492977776767,0.8201840302764783,1.946703655957826,1.961982698481044,-0.037954316619327,-0.3408853447667978,-0.41410384984610715,-0.4226740851086692
calg,0.129,0.0838455094572903,0.8211593590454096,1.9506575378622866,1.9659049531803543,-0.0381248613907744,-0.3410895428947648,-0.40839625593396534,-0.4164093913305098
calg,0.1295,0.08425657800262543,0.8221370906701606,1.9554632495020519,1.970138312494551,-0.03829550693590621,-0.3412910902636232,-0.4030947377166729,-0.4118467011297267
calg,0.13,0.08466813682799634,0.8231176507418902,1.961120143459208,1.9745711664836894,-0.038466252021676306,-0.341490171540186,-0.3981625531257986,-0.40924040898305963
calg,0.1305,0.08508018755904867,0.8241014621044415,1.9676227251026495,1.9794595671924744,-0.0386370955003189,-0.3416869572852692,-0.3935714901662273,-0.4079269684966058
calg,0.131,0.08549273203046992,0.8250889428428327,1.9749614767824193,1.9849714604374722,-0.038808036303956406,-0.3418816072750335,-0.3892999795288006,-0.4074541942854918
calg,0.1315,0.08590577228280527,0.8260805046705402,1.9831236554149942,1.9912116163619746,-0.038979073440411204,-0.3420742729096261,-0.38533126918510874,-0.4075204852579971
calg,0.132,0.08631931055863573,0.8270765516612417,1.9920939814029743,1.9982356450939234,-0.039150205989831106,-0.3422650988396756,-0.3816518600988914,-0.4079410842976317
calg,0.1325,0.08673334929826426,0.8280774792568641,2.0018551912450815,2.0060650770968103,-0.039321433101818605,-0.3424542239751556,-0.37825027096008057,-0.408611510866291
calg,0.133,0.0871478911350071,0.8290836734857496,2.012388457770831,2.0146990594842014,-0.0394927539928371,-0.3426417820368788,-0.3751161234465652,-0.409479198837612
calg,0.1335,0.08756293889017397,0.8300955103338447,2.0236736961900355,2.0241229022909644,-0.039664167943731704,-0.3428279017893022,-0.37223950484663426,-0.41052278402470616
calg,0.134,0.0879784955677857,0.8311133552236469,2.035689779604536,2.034313985989555,-0.0398356742972642,-0.3430127070650119,-0.3696105514194965,-0.41173780780611213
calg,0.1345,0.08839456154672032,0.8321319578692468,2.037205291199783,2.0452456160759747,-0.0400072794822518,-0.3432103699750883,-0.39532582015279516,-0.4131274182629582
calg,0.135,0.08881113695765752,0.8331508218744129,2.037728010332021,2.0568893744698347,-0.04017899111223171,-0.3434232599598363,-0.42577996949599495,-0.41469673492001896
calg,0.1355,0.08922822353810766,0.8341731608999547,2.0446780510836935,2.069216430589467,-0.040350813346331504,-0.3436444681995871,-0.44241647950144625,-0.4164497522831446
calg,0.136,0.0896458241286493,0.8352011810835083,2.056040367107369,2.082198173651261,-0.0405227480964431,-0.3438695002232354,-0.4500640472966104,-0.418387902374299
calg,0.1365,0.09006394232197001,0.8362363866414975,2.070411115978375,2.095806431821374,-0.040694795861727404,-0.3440955305686267,-0.45206069078267674,-0.42050962902447936
calg,0.137,0.09048258219858674,0.8372797532333855,2.0867331837758543,2.1100134626935354,-0.040866956353541505,-0.3443209836281469,-0.4509061190403898,-0.4228105237979153
calg,0.1375,0.09090174814875751,0.8383319003415747,2.1042942163783924,2.1247918359076325,-0.0410392289105609,-0.3445451140387492,-0.4482608212046344,-0.4252837282794033
calg,0.138,0.09132144475886295,0.8393932202109227,2.1226397386960545,2.1401142817993817,-0.041211612756693806,-0.3447676922659361,-0.4451564543736737,-0.4279204217727606
calg,0.1385,0.09174167674332423,0.8404639689225547,2.1414974232638238,2.1559535472637763,-0.04138410714773091,-0.3449887820741342,-0.4421796163962455,-0.43071029325726373
calg,0.139,0.09216244890688907,0.8415443271293687,2.160716413628228,2.1722822785224514,-0.0415567114436053,-0.345208591748762,-0.43961934925563284,-0.4336419489711566
calg,0.1395,0.09258376612589603,0.8426344380142073,2.180221769677089,2.18907293726314,-0.041729425133998604,-0.3454273807865259,-0.43757807552773187,-0.43670323936448
calg,0.14,0.09300563334044709,0.843734429102094,2.1999821757731137,2.2068315299810157,-0.041902247836988704,-0.3456454059802833,-0.43605038751494973,-0.4385430966871668
calg,0.1405,0.09342805555207878,0.8448444232630797,2.2199883219714955,2.2256099659293636,-0.042075179283958306,-0.345862893939159,-0.4349759177514372,-0.4389336943689649
calg,0.141,0.09385103782354254,0.8459645429277798,2.2402393294003122,2.2451054339208656,-0.0422482192990884,-0.3460800302601993,-0.4342726420804688,-0.43853013437223354
calg,0.1415,0.094274585278731,0.8470949103769572,2.260734898354783,2.2651096787191976,-0.042421367778278304,-0.3462969583797906,-0.43385623918258887,-0.4377569320460222
calg,0.142,0.09469870310174544,0.8482356460288225,2.281471303730399,2.285399775467563,-0.042594624669983004,-0.3465137834095042,-0.4336500594272632,-0.4370838783065271
calg,0.1425,0.09512339653471469,0.849386865938272,2.302439818899015,2.305076932463232,-0.0427679899589763,-0.3467305779866093,-0.4335891542101393,-0.4387112599221482
calg,0.143,0.0955486708743225,0.8505486792157579,2.3236265549718085,2.3244478290348307,-0.042941463653178205,-0.3469473884037696,-0.4336208343205836,-0.4417934262336147
calg,0.1435,0.0959745314671886,0.8517211857320194,2.345013032523124,2.3437224125994485,-0.0431150457732362,-0.3471642401160802,-0.43370342462113065,-0.4457240403931926
calg,0.144,0.0964009837043176,0.8529044742583306,2.3665770526222167,2.3630323669055193,-0.043288736344363005,-0.3473811422534994,-0.43380427483838524,-0.4500905772583598
calg,0.1444999999999999,0.0968280330148501,0.85409862106491,2.3882936131589845,2.3824501495441948,-0.043462535389902204,-0.347598091078339,-0.4338976496792881,-0.45462736193536024
calg,0.1449999999999999,0.09725568485931713,0.8553036889340476,2.4101357382751765,2.4020059351563767,-0.0436364429261473,-0.3478150724903036,-0.4339628239292175,-0.4591737479438951
calg,0.1454999999999999,0.09768394472257558,0.8565197265166713,2.4320751652473267,2.4217013959568185,-0.043810458958022706,-0.3480320637507105,-0.4339825208137551,-0.463640093316775
calg,0.1459999999999999,0.09811281810655359,0.8577467679561239,2.4540828789052322,2.441520181820705,-0.0439845834753279,-0.3482490346104956,-0.43394171957008787,-0.46798188988360934
calg,0.1464999999999999,0.09854231052290852,0.8589848327100601,2.476129507872346,2.4614354442718005,-0.044158816449332804,-0.3484659480097187,-0.4338267984461712,-0.47218120477199527
calg,0.1469999999999999,0.0989724270650505,0.8602330842839071,2.496503147694049,2.481414946441022,-0.0443331589049782,-0.3486849112908453,-0.4379265622532813,-0.4762340998507465
calg,0.1474999999999999,0.09940316859556264,0.8614830610242495,2.499953480684907,2.5014243319291887,-0.04450762263090691,-0.3489274518573295,-0.4850811329684319,-0.48014261486504595
calg,0.1479999999999999,0.09983453789683583,0.8627386025464405,2.5110830443819645,2.5214290691841845,-0.044682214603414004,-0.3491839450142022,-0.5129863137454311,-0.48391003669029475
calg,0.1484999999999999,0.10026653904960758,0.864002305543217,2.527405993553015,2.5413954951880413,-0.044856938500759,-0.3494477946900646,-0.5276993517248094,-0.48753840507087726
calg,0.1489999999999999,0.100699176953995,0.8652758087750626,2.5470064636913192,2.5612912827886345,-0.0450317958673267,-0.349714733135347,-0.5338768905647573,-0.4910274504184333
calg,0.1494999999999999,0.10113245698084483,0.8665600536995827,2.568489849040412,2.5810855657353886,-0.0452067869568512,-0.3499821790490833,-0.5348918274726415,-0.4943743823297072
calg,0.1499999999999999,0.10156638473101154,0.8678555003333492,2.590893267532913,2.6007488810587476,-0.0453819113094212,-0.3502487051399368,-0.5330521817069638,-0.49757413172705306
calg,0.1504999999999999,0.10200096587789131,0.8691622937596404,2.6135868525823946,2.620253031276167,-0.045557168122901205,-0.3505136269601095,-0.5298436403454279,-0.5006197912622488
calg,0.151,0.10243620607047743,0.870480385172197,2.6361828251131025,2.639570904037003,-0.045732556474792706,-0.350776703782937,-0.5261536456549578,-0.5035031623354299
calg,0.1515,0.10287211087802373,0.8718096150926337,2.6584598408733213,2.6586742471614735,-0.045908075441247906,-0.3510379329103053,-0.5224582547365735,-0.5062205919614426
calg,0.152,0.10330868576168117,0.873149767314588,2.6803044439084416,2.677538745674697,-0.046083724149462005,-0.3512974164282235,-0.5189670358363649,-0.5087599812277299
calg,0.1525,0.1037459360624381,0.874500601514079,2.7016683989819015,2.6962206604385424,-0.046259501789894804,-0.3515552808655872,-0.5157288747275519,-0.510904933769477
calg,0.153,0.1041838669980204,0.875861871164706,2.722539301253915,2.715501539396552,-0.04643540760658071,-0.3518116333718575,-0.5127050125403638,-0.5105895129276631
calg,0.1535,0.10462248366397808,0.8772333319152325,2.742921501052807,2.734990511064427,-0.046611440877409205,-0.3520665416570139,-0.5098165703128164,-0.5087146384703549
calg,0.154,0.1050617910360786,0.8786147442013001,2.7628245721355804,2.7544142670847345,-0.046787600891581904,-0.3523200283454738,-0.5069733769198077,-0.5058927541493823
calg,0.1545,0.10550179397242798,0.8800058726985522,2.7822569945040474,2.773176401739615,-0.0469638869282159,-0.3525720732679614,-0.5040898449751374,-0.5035930965661356
calg,0.155,0.10594249721458593,0.8814064843160269,2.8012232349495236,2.7907168430820004,-0.047140298237946604,-0.3528226194614732,-0.5010923870235509,-0.5032108642677693
calg,0.1555,0.10638390538746711,0.8828163457624475,2.8197228928409834,2.807334303550018,-0.0473168340280959,-0.3530715802985573,-0.4979216741683281,-0.5039288569030722
calg,0.156,0.10682602299797161,0.8842352210090599,2.837750493224883,2.8232350116854454,-0.047493493451573505,-0.3533188469552326,-0.4945333133505585,-0.5051663494852272
calg,0.1565,0.10726885442174738,0.8856628475513195,2.855253084519106,2.838551115473917,-0.04767027562698661,-0.3535643508260908,-0.49100774171635386,-0.5065326176638153
calg,0.157,0.10771240391651704,0.8870989895396445,2.8722839766500456,2.8533592546447,-0.0478471795908929,-0.3538079278126099,-0.48715397303820396,-0.5077800045538883
calg,0.1575,0.10815667561712639,0.8885434012185119,2.888823357734802,2.867696892825733,-0.0480242042974406,-0.3540494130954249,-0.4829705656299712,-0.5087626222967584
calg,0.158,0.10860167353072037,0.8899958271879134,2.9048519388031107,2.881575486870348,-0.0482013486183121,-0.3542886417430701,-0.4784572952903403,-0.5094030319690999
calg,0.1585,0.10904740153217651,0.8914560029126171,2.92035144940734,2.8949904285808787,-0.048378611342671206,-0.3545254487181411,-0.47361395014196006,-0.5096670772475209
calg,0.159,0.10949386335985034,0.8929236553476068,2.9353048699794813,2.9079281306160416,-0.0485559911769755,-0.3547596686086333,-0.468439780984383,-0.5095459408302705
calg,0.1595,0.10994106044034702,0.8943941609933288,2.941011291443807,2.920370799822467,-0.048733492407300204,-0.3550024606492916,-0.48558408131657593,-0.5090440555127296
calg,0.16,0.110388991730623,0.895862580551944,2.9368391172305,2.9322994587817495,-0.048911125353862106,-0.3552658931238951,-0.5268649492069493,-0.5081714541538377
calg,0.1605,0.1108376579858833,0.8973325105206246,2.9398599373612773,2.9436957149178573,-0.0490888953329308,-0.3555399581374192,-0.5481300270483267,-0.5069392957047477
calg,0.161,0.11128706111657449,0.8988062613823378,2.9475017234263796,2.9545426832169306,-0.0492668042697457,-0.3558178736297046,-0.555830984570683,-0.5053575388675663
calg,0.1615,0.11173720370251683,0.9002851718846733,2.9578210046709983,2.9648253946830656,-0.0494448519178799,-0.3560952962684073,-0.5548452774053061,-0.5034339196523074
calg,0.162,0.11218808864615004,0.9017698872664032,2.9694307634597714,2.974532946652432,-0.049623036729359006,-0.3563696229581213,-0.5486533794281065,-0.5011684054060364
calg,0.1625,0.11263971893849478,0.9032605846892582,2.981394845710128,2.9836532128585644,-0.0498013564413401,-0.3566394239623396,-0.5396020084366384,-0.4985668254874324
calg,0.163,0.11309209751055782,0.9047571441262175,2.9931188739188177,2.99217606989772,-0.0499798084476908,-0.356904012701263,-0.5291774778467211,-0.4956326189487387
calg,0.1635,0.11354522714589022,0.9062592706648052,3.0042530771750635,3.0000931410599865,-0.0501583900165322,-0.3571631376829566,-0.5182499633872055,-0.49236748969580985
calg,0.164,0.11399911043453359,0.9077665772867008,3.014613243791232,3.007397562615434,-0.05033709840355011,-0.3574167740357319,-0.5072727055505588,-0.4887720018612703
calg,0.1645,0.11445374975333333,0.909278637599436,3.0241206254705157,3.0140837900942006,-0.0505159308990143,-0.3576649909283576,-0.49643378525144755,-0.48484607043362715
calg,0.165,0.1149091472618412,0.9107950170157604,3.0327588326489727,3.020561029751697,-0.050694884835782605,-0.3579078735365768,-0.4857652164384092,-0.4795107313058849
calg,0.1655,0.11536530490650254,0.9123152893226641,3.0405446138077927,3.027268937565957,-0.0508739575768158,-0.3581454820663731,-0.47521705959266036,-0.4716003448063373
calg,0.166,0.11582222442847079,0.913839043936225,3.0475092271215143,3.0338345923847903,-0.051053146494044105,-0.3583778344566668,-0.4647047805875193,-0.46205182774164844
calg,0.1665,0.11627990737229732,0.915365887653232,3.05368743401373,3.039218454474941,-0.051232448945599904,-0.3586049031115819,-0.4541373098301218,-0.45360267756856
calg,0.167,0.11673835509404307,0.9168954434911698,3.0591116758757857,3.043235217693349,-0.05141186225514131,-0.3588266190828542,-0.44343194254466134,-0.4467508137523364
calg,0.1675,0.11719756876818033,0.9184273482746592,3.063809566978836,3.046164392665786,-0.05159138369488141,-0.359042879480228,-0.43252079474752136,-0.44076960823594885
calg,0.168,0.11765754939315654,0.9199612499524376,3.0678033555570585,3.048204439499959,-0.051771010472678604,-0.3592535555943867,-0.42135222831740293,-0.4351464195272825
calg,0.1685,0.11811829779574101,0.921496805169043,3.0711104332107184,3.0494890672810917,-0.051950739722871106,-0.3594585003848762,-0.40988958097883454,-0.42954003261717155
calg,0.169,0.11857981463440104,0.9230336773200788,3.073744302071725,3.0501035861491084,-0.05213056850023991,-0.3596575547376845,-0.3981087056166288,-0.42373799920702804
calg,0.1695,0.11904210040197283,0.9245715351435956,3.0757156470335842,3.0500992345758458,-0.052310493776414,-0.3598505523481864,-0.38599522100387773,-0.41761925616252377
calg,0.17,0.11950515542787576,0.9261100518057211,3.077033324251234,3.049504698339535,-0.052490512438078,-0.3600373233280034,-0.37354195963398773,-0.4111240527855021
calg,0.1705,0.11996897988007382,0.9276489043963863,3.077705181329962,3.0483347818684066,-0.052670621286450205,-0.3602176967443617,-0.36074683271644936,-0.40423128950981246
calg,0.171,0.12043357376694419,0.9291877737406646,3.0777386885567797,3.0465965690624994,-0.0528508170376145,-0.3603915023287066,-0.34761116868986086,-0.3969423935013592
calg,0.1715,0.12089893279452146,0.9307180551543244,3.0605628273195458,3.0442926706073536,-0.053031107388486605,-0.3605807017441745,-0.3783988309358257,-0.3892728651510155
calg,0.172,0.12136505236535666,0.9322391416704532,3.042173032257558,3.041426029063169,-0.053211500478393,-0.3607861798128068,-0.4109561372646109,-0.3812395178831004
calg,0.1725,0.12183192967205136,0.9337546133893936,3.0309434378809605,3.0379999905123944,-0.053391999330315305,-0.3609977038445988,-0.42304806358396796,-0.37286031155631716
calg,0.173,0.1222995630377034,0.9352667313040076,3.0242358292277434,3.0340190726757292,-0.053572603560999,-0.3612084613673761,-0.4215150455546457,-0.364152290057442
calg,0.1735,0.12276795142736963,0.9367767793326688,3.0200960573226094,3.029489301587082,-0.053753310652520904,-0.3614141830437433,-0.41144335273439125,-0.355130642543869
calg,0.174,0.12323709410652939,0.9382853583193707,3.0171579734034144,3.0244182677068627,-0.05393411684585821,-0.3616123866746304,-0.3964072617741916,-0.34580849642249445
calg,0.1745,0.1237069904161543,0.939792619249747,3.014521860752722,3.0188150320808353,-0.054115017733970906,-0.3618017762254384,-0.3787791016159687,-0.3361971006670008
calg,0.175,0.12417763963462014,0.9412984369320008,3.0116353645079763,3.012689966444562,-0.054296008630712204,-0.3619817934826054,-0.3600345143339929,-0.32630617993502387
calg,0.1755,0.12464904090073281,0.9428025322253786,3.008190586755291,3.0060545773519705,-0.0544770847817504,-0.3621523020764298,-0.3410171876489265,-0.3161443283158028
calg,0.1759999999999999,0.1251211931773818,0.9443045532978204,3.004042144883744,2.998921341265546,-0.054658241470349506,-0.3623133771981373,-0.3221502434151411,-0.30571937209784544
calg,0.1764999999999999,0.1255940952358705,0.9458041169776024,2.9991273595634484,2.9913035626004367,-0.0548394740701199,-0.3624651995407525,-0.30364468523030297,-0.29503867012166185
calg,0.1769999999999999,0.1260677456663497,0.9473008609583952,2.993487961585849,2.98400471334477,-0.0550207780291446,-0.3626079180493544,-0.285437017203904,-0.2820017086997193
calg,0.1774999999999999,0.12654214288804544,0.94879444339155,2.98716486630952,2.9770675762140866,-0.0552021488553217,-0.3627416523541955,-0.2674686096822132,-0.2665154516572684
calg,0.1779999999999999,0.12701728516231447,0.9502845485377543,2.980210292408866,2.9690402026607123,-0.055383582094584605,-0.3628664785258311,-0.24965234327114239,-0.25255566449966405
calg,0.1784999999999999,0.12749317060612397,0.9517708876191022,2.9726781626954666,2.9599858848977725,-0.0555650733082551,-0.3629824273410973,-0.23189763053237122,-0.24000084540043923
calg,0.1789999999999999,0.127969797204614,0.9532531969799652,2.9646187217261173,2.9501485135719667,-0.0557466180530538,-0.3630894895973123,-0.21412451242996866,-0.22824259448807022
calg,0.1794999999999999,0.12844716282219248,0.9547312351569278,2.95607635392515,2.9397058799728053,-0.055928211865201104,-0.3631876242946879,-0.19626939475126193,-0.2168530015762657
calg,0.1799999999999999,0.12892526521208802,0.9562047797912636,2.9470892686718435,2.928782753981081,-0.056109850248819905,-0.3632767672375041,-0.1782858856323628,-0.20554888989210746
calg,0.1804999999999999,0.12940410202452202,0.9576736248679172,2.9376901533068094,2.9174640923386947,-0.056291528668207504,-0.3633568387753193,-0.16014307563034436,-0.1941558612465485
calg,0.1809999999999999,0.12988367081376184,0.9591375784796748,2.9279072235150547,2.905806652287115,-0.0564732425432832,-0.363427750151389,-0.1418227521393458,-0.18257673141663885
calg,0.1814999999999999,0.1303639690443359,0.9605964611479694,2.9177653365894898,2.8938483496839673,-0.056654987247465705,-0.363489408364984,-0.12331642719000513,-0.17076610275742676
calg,0.182,0.13084499409665806,0.9620501046444448,2.9072869929505356,2.881616200438045,-0.056836758107308503,-0.3635417196855215,-0.10462264107503216,-0.15870879321454157
calg,0.1825,0.13132674327226834,0.9634983512207012,2.8964931525132074,2.8691291343036887,-0.0570185504033361,-0.3635845920552081,-0.08574473937314231,-0.14641208573445735
calg,0.183,0.13180920804002716,0.9649295355173314,2.862368593260095,2.856402799251464,-0.057200375172497,-0.3636495383218452,-0.1298925332742762,-0.13389270204739204
calg,0.1835,0.13229238133157473,0.9663465830954344,2.8340951562060135,2.8434516830470966,-0.05738223940761911,-0.3637284702440806,-0.15786384447092416,-0.12117097776706943
calg,0.184,0.1327762580009374,0.9677533387251748,2.8135112594806806,2.830290306503609,-0.057564144772762005,-0.3638107302858679,-0.16452008357464187,-0.10826754988524118
calg,0.1845,0.1332608341359668,0.9691522700590852,2.7978626678210277,2.8169338206423156,-0.05774608944435761,-0.3638893431911811,-0.15722581062629715,-0.09520165925127445
calg,0.185,0.13374610655505004,0.9705448381665484,2.785136214926523,2.803398228100933,-0.0579280694641422,-0.3639600395693054,-0.14139275624864567,-0.08199047135915431
calg,0.1855,0.1342320724600008,0.9719318099015574,2.773943470017858,2.789700385889546,-0.0581100796791551,-0.364020430025694,-0.12078091277725456,-0.06864898975560745
calg,0.186,0.134718729211038,0.9733135020743934,2.7633843456721228,2.775857895325756,-0.058292114358033206,-0.3640693577563045,-0.09785546122082422,-0.05519027513576683
calg,0.1865,0.13520607419152286,0.9746899609695024,2.7529177902176314,2.7618889461260094,-0.058474167568671805,-0.3641064212770903,-0.07412704157168726,-0.04162578845698568
calg,0.187,0.13569410473506383,0.9760610870822019,2.742252225399086,2.7478121538632627,-0.0586562333896065,-0.3641316418695052,-0.05044118482971349,-0.02796575171063966
calg,0.1875,0.1361828180934982,0.977426716868584,2.7312595727643605,2.7336464112190972,-0.0588383060120813,-0.3641452449495662,-0.027206160122135614,-0.014219470991509553
calg,0.188,0.13667221142988994,0.9787866727836904,2.719911830212803,2.7194107615318104,-0.059020379774944204,-0.3641475257256931,-0.004561552253841583,-0.00039559892949057147
calg,0.1885,0.13716228182549484,0.980140791209749,2.708236852117153,2.7062212132594348,-0.0592024491618403,-0.3641387737923853,0.01750386661563219,0.01650735172407424
calg,0.189,0.1376530262934137,0.98148893583739,2.696289255282224,2.692731251900969,-0.0593845087801478,-0.3641192366148923,0.039074354986022186,0.03267802992979804
calg,0.1895,0.13814444179446206,0.9828310020967096,2.684132518638954,2.6787293624425583,-0.059566553333657506,-0.3640891070194506,0.060259190883332536,0.047480356232268504
calg,0.19,0.13863652525273806,0.9841669165519876,2.671828910556114,2.664417860638595,-0.059748577595779506,-0.364048524243959,0.08116555098326117,0.06142936911370043
calg,0.1905,0.13912927356965954,0.985496633843104,2.6594345822327243,2.649947254464042,-0.059930576386594506,-0.3639975816299379,0.10188522804212141,0.07489203590088118
calg,0.191,0.1396226836360439,0.9868201327688376,2.6469978514672268,2.635425860409553,-0.06011254455492661,-0.3639363366642448,0.12248993138630837,0.08811546451523042
calg,0.1915,0.14011675234225107,0.9881374124139976,2.634559290320368,2.620929338523358,-0.060294476965391704,-0.3638648209301872,0.1430314681150584,0.101254548407799
calg,0.192,0.14061147658663287,0.9894484887635336,2.622152699071808,2.6065093881185857,-0.0604763684897707,-0.3637830487579456,0.16354434448326138,0.11439700492628344
calg,0.1925,0.14110685328261396,0.9907533919622452,2.6098063974230614,2.5922015695816296,-0.0606582140018361,-0.3636910241309322,0.18404925402670003,0.12758579317961377
calg,0.193,0.14160287936472238,0.9920521642167852,2.5975445090801825,2.578030972383606,-0.0608400083747581,-0.3635887458439676,0.2045565739292563,0.1408353494690649
calg,0.1935,0.1420995517938506,0.9933448582565552,2.5853880795402024,2.564016306094886,-0.061021746480322506,-0.3634762111287424,0.22506943045058492,0.1541432975474348
calg,0.194,0.14259686192447074,0.9946202612403944,2.5508059676782397,2.550172689193995,-0.0612034391557874,-0.3633853509298177,0.18172039784927563,0.16749843343592932
calg,0.1945,0.1430948019229863,0.9958799970308216,2.51947158085406,2.536513436227322,-0.061385095249060107,-0.3633121865454291,0.14632876877723788,0.1808858501093034
calg,0.195,0.1435933662517841,0.9971286575957904,2.4973211299377955,2.5230511190209675,-0.06156671741646791,-0.3632443348154872,0.1357034598837732,0.19428999213005665
calg,0.1955,0.14409255089395334,0.9983692843384208,2.481253485260902,2.5097981306396417,-0.061748304253064004,-0.3631736731923461,0.1413232462821501,0.20769629397144612
calg,0.196,0.1445923527846713,0.9996037814358576,2.468994194873597,2.4967669286572467,-0.06192985186188821,-0.3630952176482841,0.1569110881240796,0.2210919059524478
calg,0.1965,0.1450927694147357,1.0008332601288887,2.4589573860620257,2.4839700861125458,-0.0621113549543872,-0.3630061849980225,0.17806530052311587,0.23446587372602043
calg,0.197,0.14559379856950816,1.0020583095447475,2.450098831717408,2.471420238418241,-0.062292807580749905,-0.3629052527253643,0.2018645453164858,0.24780902263493038
calg,0.1975,0.14609543817128956,1.0032792035628093,2.4417880361230098,2.45912998338396,-0.062474203576270405,-0.3627919910411192,0.22652336849022348,0.26111370943125845
calg,0.198,0.1465976861923287,1.004496042078612,2.4336770316058733,2.4471116401283104,-0.06265553681316051,-0.362666473780141,0.25103452195633835,0.27437317272060807
calg,0.1985,0.14710054061432754,1.005708843997687,2.4256038381496716,2.435374918277936,-0.06283680132371121,-0.362529021101445,0.27490535739192623,0.28757492232200255
calg,0.199,0.14760399941655078,1.0069176044462862,2.417520897198447,2.4239326890004724,-0.0630179913438319,-0.3623800402413081,0.29796172027401724,0.3007171952152758
calg,0.1995,0.1481080605800097,1.0081223269177773,2.4094449429820934,2.413415721718547,-0.0631991013114262,-0.3622199351887446,0.3202101051268773,0.3155020024952729
calg,0.2,0.14861272209943288,1.00932303884643,2.4014238573055096,2.40285875222836,-0.0633801258424773,-0.3620490621020851,0.3417461733191516,0.32909885264720773
calg,0.2005,0.1491179819978946,1.010519796923704,2.3935161545482737,2.3923982163742843,-0.0635610596990559,-0.3618677131572588,0.36269788965243954,0.34190192493369476
calg,0.201,0.14962383834119164,1.0117126865940054,2.385779340602429,2.382136716030887,-0.06374189775736461,-0.3616761166174372,0.3831930796431564,0.3541984818621075
calg,0.2015,0.1501302892505283,1.0129018186730196,2.378264158028499,2.3721477267976403,-0.0639226349798597,-0.3614744449901216,0.40334325463133425,0.36618525899744203
calg,0.202,0.15063733291298698,1.0140873249173896,2.3710124887399684,2.3624820424308277,-0.06410326639295591,-0.3612628261925205,0.42323759520216697,0.37798946524857335
calg,0.2025,0.15114496758978146,1.0152693535890656,2.3640573433519116,2.3531738742560777,-0.06428378707036041,-0.3610413548089174,0.44294276720615144,0.3896883381994577
calg,0.203,0.1516531916218733,1.016448064183593,2.357421189054413,2.344245373203567,-0.0644641921232691,-0.3608101058173659,0.4624979831030416,0.4013237245018277
calg,0.2035,0.15216200342230268,1.0176236008587038,2.3510733502223187,2.3357105307614305,-0.0646444767278489,-0.3605692091595866,0.48179331555854077,0.4129144228799414
calg,0.204,0.15267140149804814,1.0187961514910606,2.345101264713478,2.3275780693675867,-0.0648246360681384,-0.360318680578982,0.5010571612093226,0.42446527154211033
calg,0.2045,0.15318138206120746,1.0199611263184396,2.3299496547577947,2.3198534659852137,-0.06500467235809021,-0.3600725799036174,0.4922013507292142,0.4359734716893503
calg,0.205,0.15369193706817208,1.0211100139292195,2.297775221560143,2.3125402895454763,-0.0651846006823865,-0.3598566485926335,0.43186262196786984,0.44743273829820973
calg,0.2055,0.15420306148760599,1.0222488388677209,2.277649877002196,2.305641028593481,-0.0653644278646883,-0.3596543646036835,0.4045679779000011,0.4588358451891769
calg,0.206,0.1547147523475343,1.0233817198567456,2.2657619780495692,2.2991575611828177,-0.0655441551592547,-0.3594545891327941,0.3995509417788181,0.4701760486110288
calg,0.2065,0.15522700801381795,1.0245113325672333,2.2592254209754095,2.2930913878121335,-0.0657237802954691,-0.359250272428811,0.4086334079661036,0.4814477715756807
calg,0.207,0.15573982767460526,1.0256393215744128,2.255978014358969,2.28744371745802,-0.0659032989432756,-0.3590372956129125,0.4259536317968742,0.49264683245465485
calg,0.2075,0.15625321099221734,1.026766635224437,2.2546273000476553,2.2822154701291675,-0.06608270570586271,-0.35881352517427,0.4475408772850571,0.5037704165657877
calg,0.208,0.15676715788220819,1.0278937799814467,2.254289514020291,2.277407238118688,-0.0662619947518297,-0.3585780919338501,0.4708664808399927,0.5148169222161683
calg,0.2084999999999999,0.15728166838353397,1.0290210026516071,2.2544453403210025,2.2730193609512215,-0.0664411601879996,-0.3583308723399017,0.49443918789672736,0.5257861290227508
calg,0.2089999999999999,0.1577967425903969,1.0301484137260466,2.2548221488789477,2.269054096567595,-0.0666201962558747,-0.3580721357502529,0.5174731792974736,0.5366853477681828
calg,0.2094999999999999,0.15831238062331643,1.031276065839131,2.2553042261686227,2.2655097134783406,-0.066799097415269,-0.3578023187885699,0.5396339233660559,0.5475125711845219
calg,0.2099999999999999,0.15882858262329558,1.0324039999580048,2.2558682377476074,2.2622863779101845,-0.0669778583609873,-0.3575218914366135,0.5608547039129252,0.5579131522985454
calg,0.2104999999999999,0.1593453487581188,1.0335322696466616,2.2565393773135978,2.259432332068073,-0.06715647400385111,-0.3572312857275987,0.5812114180294632,0.5679355008582453
calg,0.2109999999999999,0.15986267923377684,1.0346609513161238,2.2573633389243413,2.256972109692686,-0.0673349394361745,-0.356930864646843,0.6008421615113289,0.5777232131705602
calg,0.2114999999999999,0.1603805743068598,1.0357901461660328,2.2583896998180655,2.254919158937219,-0.0675132498936825,-0.3566209150158926,0.6198992619008461,0.5873694584458737
calg,0.2119999999999999,0.16089903429571306,1.0369199777063287,2.2596630805921243,2.253278746938728,-0.0676914007203072,-0.3563016532493477,0.638523533089792,0.5969299447828752
calg,0.2124999999999999,0.16141805958938982,1.038050587353746,2.2612192948340586,2.2520512588716906,-0.0678693873387165,-0.3559732368185797,0.6568328615359551,0.6064368101135987
calg,0.2129999999999999,0.16193765065418453,1.039182129589312,2.2630844711318447,2.2512338225319004,-0.0680472052272793,-0.3556357771256477,0.6749193858641451,0.6159068177326723
calg,0.2135,0.16245780803792131,1.0403147674735809,2.2652757685376166,2.2508214624488985,-0.0682248499030106,-0.355289351462627,0.6928513260412732,0.6253473996243905
calg,0.214,0.1629785323723576,1.041448668872664,2.2678027981661617,2.2508078756117587,-0.06840231690951461,-0.3549340130080208,0.7106769092126122,0.6347608674743822
calg,0.2145,0.16349982437409893,1.0425840034825835,2.2706692198391356,2.2511859227528785,-0.0685796018088054,-0.3545697985815445,0.7284288529524456,0.6441471801172554
calg,0.215,0.1640216819407423,1.043715133286497,2.2622596078265165,2.251947918070102,-0.0687567090547076,-0.3542144918044827,0.7106135541237091,0.6535056421684183
calg,0.2155,0.16454409896745026,1.0448340534159346,2.237840258875797,2.2530857841720424,-0.0689336557176244,-0.3538933258336219,0.6423319417215652,0.662835854717842
calg,0.216,0.16506707249045993,1.0459470460194942,2.22598520711907,2.2545911225698836,-0.0691104498530571,-0.3535882708653926,0.6101099364586151,0.6721381720614151
calg,0.2165,0.16559060167597273,1.0470583710255863,2.22265001218476,2.256455235430071,-0.0692870934579667,-0.3532872098191124,0.6021220925604034,0.681413853169507
calg,0.217,0.1661146870556779,1.04817075941009,2.22477676900711,2.258669122527164,-0.069463584711971,-0.3529825080085908,0.6094036210431337,0.6906650404227211
calg,0.2175,0.16663932998557418,1.0492858597925656,2.230200764951168,2.2612234684553725,-0.06963991956652431,-0.3526697091067198,0.6255978037420675,0.6998946535083715
calg,0.218,0.16716453228075467,1.0504045903610215,2.2374611369120743,2.2641086288136405,-0.06981609281831841,-0.352346503588077,0.6464110372856027,0.709106252989973
calg,0.2185,0.1676902959834231,1.0515274053371604,2.2456299522772416,2.2673146198535457,-0.0699920987904373,-0.352011944237794,0.6691187005660737,0.7183039046350332
calg,0.219,0.16821662322609598,1.0526544853455309,2.2541600167410665,2.27083111340255,-0.070167931732053,-0.3516658832314207,0.6921220127465535,0.7274920599491436
calg,0.2195,0.16874351615905347,1.0537858659149522,2.262761138842477,2.27464743731564,-0.07034358602723251,-0.3513085903590218,0.7145857447978106,0.7366754586071316
calg,0.22,0.16927097691854287,1.0549215189788672,2.2713061278303095,2.278752580900591,-0.0705190562820054,-0.3509405095458015,0.7361616264404773,0.7458590528731132
calg,0.2205,0.16979900761888878,1.0560614006918114,2.279763425888348,2.2822468355365597,-0.07069433733948641,-0.3505621149620761,0.7567891674508243,0.7521316722150916
calg,0.221,0.17032761035710553,1.0572054764336456,2.288151483668272,2.2863068042257972,-0.07086942425694691,-0.3501738349209539,0.7765600822444974,0.7591376898530242
calg,0.2215,0.17085678722274966,1.0583537312881397,2.296509708988276,2.290831762373056,-0.0710443122665412,-0.3497760191885633,0.795631464781259,0.7666874004361681
calg,0.222,0.1713865403087258,1.0595061719525682,2.30488132885701,2.295739527271022,-0.0712189967325869,-0.3493689320914541,0.8141741942183423,0.7746233490324779
calg,0.2225,0.1719168717207884,1.0606628241251106,2.313304345084511,2.300966148397066,-0.0713934731122807,-0.3489527593875099,0.8323454078884502,0.7828255361776545
calg,0.223,0.17244778358476653,1.0618237279562894,2.3218076623576795,2.3064625527838434,-0.07156773692286181,-0.3485276211621851,0.8502764506495861,0.7912066456200113
calg,0.2235,0.1729792780513154,1.0629889330977744,2.3304102829698508,2.3121915497499756,-0.07174178371592531,-0.3480935861269798,0.8680700704104112,0.7997072986935448
calg,0.224,0.17351135729839762,1.064158494164308,2.3391221330667107,2.3181248243673305,-0.07191560905834181,-0.347650684833161,0.8858025876375883,0.8082901923508852
calg,0.2245,0.17404402353187998,1.0653324669644784,2.3479456003410584,2.3242403051370317,-0.0720892085186882,-0.3471989206926459,0.9035282810303613,0.8169344097238368
calg,0.225,0.1745772789846709,1.06651090558204,2.356877235123108,2.3305200514509883,-0.0722625776579513,-0.3467382785263769,0.9212843325380593,0.8256305264129609
calg,0.2255,0.17511111834720072,1.067678725059631,2.3356389551818517,2.336948668306571,-0.0724357362125745,-0.3463171092462242,0.8423385603052544,0.834376724900827
calg,0.226,0.17564553848463083,1.068840274860306,2.3230996013497953,2.3435121858099905,-0.07260869740261951,-0.3459223800901651,0.7894583121181515,0.8431758974536847
calg,0.2265,0.176180538874393,1.0700007795244115,2.321009328211492,2.3501973139100283,-0.0727814664291999,-0.3455380531608128,0.7686538587046385,0.852033604263933
calg,0.227,0.17671612069242393,1.0711636360619323,2.3257130750420547,2.3569909805035274,-0.0729540432615271,-0.3451536646542714,0.7687770130829037,0.8609567133762871
calg,0.2275,0.17725228614440802,1.0723309039682596,2.334535812654028,2.363880071436888,-0.0731264246814664,-0.3447628398787255,0.7816495510918475,0.8699525504983457
calg,0.228,0.1777890380027064,1.0735037165967964,2.3456252570734986,2.3708513063409553,-0.07329860570113031,-0.3443620393277097,0.8016011020315599,0.87902840904821
calg,0.2285,0.17832637930352313,1.0746826016333968,2.357770073200848,2.3778912002298345,-0.0734705804896062,-0.3439495769517948,0.8249247518298066,0.888191300622528
calg,0.229,0.17886431316151963,1.0758677159930177,2.3702287192417004,2.384986075049352,-0.0736423429382152,-0.3435248972181097,0.849359467370217,0.8974478559027529
calg,0.2295,0.17940284266579432,1.07705900854947,2.382585112904787,2.3921220970066366,-0.0738138869741799,-0.3430880719293205,0.8736505775785393,0.9068043122806994
calg,0.23,0.17994197082902197,1.078256326455188,2.394635811435567,2.3992853243243477,-0.07398520670909581,-0.3426394698316858,0.897204195269417,0.9162665454651825
calg,0.2305,0.1804817005690199,1.0794594799960866,2.4063070817975487,2.405033960866903,-0.07415629648606291,-0.3421795539343429,0.9198317946856651,0.9210391598777603
calg,0.231,0.18102203470834133,1.0806682786428168,2.4175972934601564,2.411120537238391,-0.0743271508700823,-0.3417087680388125,0.9415717910608379,0.9267471433871352
calg,0.2315,0.1815629759824562,1.0818825482297014,2.4285391737690625,2.4176468527175263,-0.0744977646111204,-0.3412274820761827,0.9625719252597094,0.9338597760638181
calg,0.232,0.18210452705074798,1.0831021365834272,2.439176707451753,2.4244488496936345,-0.0746681325979695,-0.3407359736981123,0.9830167561406942,0.9419762227499744
calg,0.2325,0.18264669050709914,1.084326912702656,2.449552238457585,2.43139841678136,-0.0748382498131251,-0.3402344303112215,1.003086773781579,0.9507825173765024
calg,0.233,0.18318946888851995,1.085556762841691,2.4597002780699233,2.43840161820578,-0.0750081112936713,-0.3397229610925037,1.0229384374356005,0.9600539389080777
calg,0.2335,0.18373286468129935,1.0867915855587027,2.469645434024144,2.4453917279377433,-0.0751777120999242,-0.3392016125056486,1.0426971737102608,0.9696389882271509
calg,0.234,0.1842768803247422,1.0880312868857929,2.479402654179721,2.452322362099171,-0.07534704729174421,-0.338670383640001,1.062457731295133,0.9794422107461761
calg,0.2345,0.18482151821283377,1.0892757761828775,2.4889785941696863,2.4591615252014867,-0.0755161119115213,-0.3381292395542138,1.082288171574465,0.9894085861652607
calg,0.235,0.1853667806942686,1.0905249628698843,2.498373374012987,2.465886862222824,-0.07568490097250391,-0.3375781219652615,1.1022351779045074,0.9995106511612326
calg,0.2355,0.18591266257535422,1.091763762171143,2.477598602516766,2.472482110612659,-0.0758534346561777,-0.3370673673476604,1.0215092352021973,1.0097385969298234
calg,0.236,0.18645916032070453,1.0929954907006345,2.4634570589831024,2.4789345984201225,-0.0760217277882981,-0.3365862642406594,0.9622062140021193,1.0200930911090107
calg,0.2365,0.18700627310411144,1.09422556681384,2.4601522264116347,2.4852335802889063,-0.0761897862145188,-0.3361168524414951,0.9388235983284936,1.0305803585720876
calg,0.237,0.18755400185033466,1.0954574924461953,2.46385126470977,2.49136920206465,-0.0763576098659298,-0.3356473028219381,0.9390992391139239,1.0412090061338823
calg,0.2375,0.1881023485100537,1.0966933194381372,2.4716539838842895,2.4973319105606526,-0.0765251950900407,-0.3351704482218181,0.9537092002399934,1.0519881157890527
calg,0.238,0.18865131557053338,1.097934120959421,2.4816030425668605,2.5031121609527567,-0.0766925362268008,-0.3346822735201907,0.9763494032549236,1.0629262102643733
calg,0.2385,0.1892009057354035,1.099180329740143,2.492417561444713,2.5087003107416925,-0.0768596266417764,-0.3341808299513246,1.002887137732099,1.0740307837702934
calg,0.239,0.18975112172862119,1.1004319864354384,2.5033133905908453,2.514086621362912,-0.07702645935864591,-0.3336654337389599,1.0307924247293343,1.0853081737409045
calg,0.2395,0.19030196618462492,1.1016889120076336,2.513851144390314,2.519261314498298,-0.07719302741217761,-0.3331361070633744,1.0586533511709995,1.096763618902715
calg,0.2399999999999999,0.19085344159492634,1.10295082060281,2.5238171903528785,2.5237982567066717,-0.0773593240172237,-0.3325932100921275,1.085793942493945,1.1069184851813485
calg,0.2404999999999999,0.19140555028923478,1.104217388616621,2.5331360276220907,2.5265269203420853,-0.07752534262450561,-0.3320372145639226,1.1119910564098205,1.1116189082599537
calg,0.2409999999999999,0.19195829443587442,1.1054882932794985,2.541809325754285,2.529549253676982,-0.0776910769127445,-0.3314685764776982,1.1372761724486011,1.1179984408995192
calg,0.2414999999999999,0.19251167605149233,1.1067632312358506,2.5498759127046147,2.5329919447835896,-0.0778565207498814,-0.3308876742738055,1.1618044077854552,1.126625414653405
calg,0.2419999999999999,0.19306569701391818,1.1080419248513804,2.557387231059684,2.536612487999951,-0.0780216681436373,-0.3302947875117768,1.185773524057396,1.1368048811639926
calg,0.2424999999999999,0.1936203590747403,1.1093241216443144,2.564393585867814,2.540229869798109,-0.0781865131928784,-0.3296900984823272,1.2093780588992722,1.1480135822350894
calg,0.2429999999999999,0.19417566386993657,1.1106095903926605,2.5709374966917653,2.5437192726520066,-0.0783510500454302,-0.3290737051034455,1.2327867577633107,1.159891908132633
calg,0.2434999999999999,0.1947316129279888,1.111898116104479,2.5770514236375806,2.546996945275444,-0.07851527286436161,-0.3284456378629156,1.2561344810599255,1.1722010753040923
calg,0.2439999999999999,0.19528820767553023,1.113189495083014,2.5827579570697563,2.5500093584663737,-0.07867917580270231,-0.327805876681369,1.2795223630930934,1.184792640877634
calg,0.2445,0.19584544944087423,1.1144835306880254,2.588071210022816,2.5527240503807187,-0.07884275298552311,-0.3271543656415225,1.3030220796931538,1.1975819462758328
calg,0.245,0.1964033372698134,1.1157756578782982,2.5842543805455307,2.5551224659383833,-0.07900600628325301,-0.3265065954598096,1.295540363425765,1.210526843067772
calg,0.2455,0.1969618640175801,1.1170534955334763,2.555675310356683,2.5571946913013295,-0.0791689593449672,-0.325906123428532,1.2009440625552177,1.2236117184025297
calg,0.246,0.19752102603224742,1.1183240293347514,2.5410676025495893,2.558935795554428,-0.07933162353682631,-0.3253283837182154,1.15547942063308,1.2368361669114791
calg,0.2465,0.19808082198530796,1.1195919061208623,2.5357535722218625,2.560343433816785,-0.07949400188551971,-0.3247566973867986,1.1433726628337144,1.250207402088271
calg,0.247,0.19864125198427673,1.12085999793784,2.536183633955236,2.5614163806616554,-0.0796560920861144,-0.3241804011892732,1.1525923950508332,1.2637354864330224
calg,0.2475,0.19920231693731638,1.1221299060790757,2.539816282471086,2.5621537116790636,-0.07981788866621861,-0.3235931602084697,1.1744819616069577,1.2774305677257998
calg,0.248,0.19976401812321687,1.1234023718009836,2.54493144381613,2.5625544109229565,-0.0799793844578118,-0.3229915831864255,1.203154044088409,1.2913014643506062
calg,0.2485,0.2003263569176592,1.1246775888848133,2.550434167659052,2.5626172398333518,-0.0801405715389266,-0.3223741622294977,1.2348419138555684,1.3053551025477002
calg,0.249,0.20088933463166136,1.1259554280040402,2.5556782384542394,2.5623407527099027,-0.0803014417925376,-0.3217405072221095,1.2673100147764735,1.3195964504531035
calg,0.2495,0.20145295242614358,1.1272355889644363,2.5603219207920773,2.5615729459747496,-0.0804619872041892,-0.3210908233030637,1.2993678380915092,1.3334576254266155
calg,0.25,0.20201721127509342,1.128517697899987,2.5642178711012744,2.558757146148913,-0.08062219999179471,-0.3204255752111628,1.3304961838017242,1.3410312222921725
calg,0.2505,0.2025821119575243,1.1298013648614742,2.5673339229747465,2.555035711292428,-0.0807820726353192,-0.3197452870489009,1.360576324523855,1.346431788026655
calg,0.251,0.2031476550647593,1.1310862144699427,2.5696992169371686,2.5520622584075596,-0.08094159785272491,-0.319050434811352,1.3897044750977603,1.35561230235332
calg,0.2515,0.20371384101442652,1.1323718993345746,2.5713697292637803,2.549467805552606,-0.0811007685521028,-0.3183413987557714,1.4180721111612264,1.3673959264643762
calg,0.252,0.20428067006604295,1.133658103232798,2.5724077964468863,2.546977810923918,-0.08125957777793591,-0.3176184516662587,1.44589417902524,1.3808915880131702
calg,0.2525,0.20484814233545495,1.1349445388240107,2.5728711824252595,2.5443994434189556,-0.0814180186612112,-0.3168817665506559,1.4733702312057204,1.3954621894463652
calg,0.253,0.20541625780693445,1.1362309429590054,2.5728082699895665,2.5416050018130982,-0.08157608437776451,-0.3161314331066458,1.5006668880202074,1.4106769687723448
calg,0.2535,0.20598501634263994,1.1375170714109104,2.5722569038100693,2.538515503071481,-0.08173376811602791,-0.3153674765266946,1.5279131599022833,1.426261881598697
calg,0.254,0.20655441768964383,1.138802694007933,2.571245194045144,2.535089115261152,-0.0818910630535945,-0.3145898751331579,1.5552027870733909,1.442065703881255
calg,0.2545,0.20712446069515172,1.1400860110157487,2.5666340156315393,2.531303502902903,-0.0820479653394017,-0.3138045716143895,1.5706070375368455,1.4579995638208585
calg,0.255,0.20769513593551303,1.1413504807225887,2.52893941368025,2.5271508537479286,-0.0822045021083054,-0.3130735378074545,1.4620676138698574,1.4740228999065366
calg,0.2555,0.20826643770193654,1.1426035328468684,2.5061042485593394,2.5226321561519156,-0.0823606866391481,-0.3123690616855296,1.408952243849896,1.4901247848135222
calg,0.256,0.20883836277655993,1.1438501492467557,2.4932327997744532,2.517753085143945,-0.0825165227362751,-0.311672194253822,1.393734863415185,1.506310100235055
calg,0.2565,0.20941090949720642,1.1450934412930531,2.486584092595566,2.5125214062342707,-0.0826720080995202,-0.3109707264903394,1.4029355269652548,1.522590633408742
calg,0.257,0.20998407708377426,1.146335173135563,2.483463685019417,2.5069454607811443,-0.0828271367673766,-0.3102573357126602,1.4267815553583922,1.538979748550645
calg,0.2575,0.21055786517982117,1.1475761920937386,2.4820379163510156,2.5010333794006963,-0.0829819007914766,-0.3095280482000862,1.4585750251479226,1.5554895129370192
calg,0.258,0.21113227355912012,1.1488167585981126,2.481133008748081,2.494792755628108,-0.08313629131749481,-0.30878105203636,1.4939923274525349,1.5721294106477621
calg,0.2585,0.21170730195141174,1.1500567845832337,2.480051970242179,2.4882305884636664,-0.08329029923420961,-0.3080158334296391,1.5304372134418038,1.5889060119348255
calg,0.259,0.21228294996370933,1.1512960245950548,2.4784800236421383,2.4808211193669085,-0.08344391547037901,-0.3072324723387444,1.566722181789288,1.603653183817783
calg,0.2595,0.21285921702110167,1.1525341147845205,2.4761803789310153,2.4715689646936934,-0.08359713122628,-0.3064315118019904,1.6019210735081462,1.6122437899474629
calg,0.26,0.21343610235756594,1.153770672928789,2.473116288537607,2.461306250497469,-0.083749938017707,-0.305613582854045,1.6358578958907461,1.6178667358864722
calg,0.2605,0.21401360502533573,1.1550053355395815,2.46932522158501,2.452047536241431,-0.0839023276501923,-0.3047792649706208,1.6686357668484213,1.6281975175521757
calg,0.261,0.21459172391146353,1.1562377722554853,2.464873431807371,2.4433572232917364,-0.0840542921656905,-0.3039290309964328,1.7004679483760459,1.6417243971664446
calg,0.2615,0.21517045775608123,1.1574676892354023,2.459833959833995,2.434913866832073,-0.0842058237822708,-0.3030632331605602,1.7315956717451861,1.6573068015878312
calg,0.262,0.21574980516941766,1.1586948266727763,2.4542748747481293,2.4264942054958727,-0.08435691483796881,-0.3021821113959896,1.762243529141184,1.674131804671687
calg,0.2625,0.21632976464627585,1.159918953716505,2.448254087457481,2.417952859214639,-0.084507557743859,-0.30128581178042,1.7925992311391106,1.6916514341674258
calg,0.263,0.21691033457765496,1.1611398627581055,2.4418180832009075,2.4092024298234067,-0.0846577449477284,-0.3003744077388543,1.8228080831313136,1.7095182148551393
calg,0.2635,0.21749151325972382,1.1623573641378735,2.4350027595362906,2.400196310000825,-0.0848074689077191,-0.2994479199813301,1.852975515048536,1.7275278793746818
calg,0.264,0.21807329610630594,1.1635656931642628,2.416658052778149,2.390915006429078,-0.08495673346676741,-0.2985291180966079,1.8376037694443959,1.7455728202315333
calg,0.2645,0.21865567319037454,1.1647541681372169,2.3769499459076306,2.381353240723599,-0.0851055641244368,-0.2976613153387096,1.7356055157966708,1.763596215706358
calg,0.265,0.21923863805369753,1.165929726645972,2.351117017510825,2.3715190172538008,-0.0852539726098805,-0.2968169708875815,1.6886889022560396,1.7815908923425863
calg,0.2655,0.21982218654362412,1.167096979853124,2.334506414303449,2.3614252758905585,-0.0854019613418171,-0.2959774638731567,1.679014028849629,1.7995685445821106
calg,0.266,0.22040631593546983,1.1682587836914318,2.323607676615761,2.3510865916033223,-0.0855495268195748,-0.295130955515282,1.693016715749545,1.8175475842291462
calg,0.2665,0.22099102430789402,1.1694167448484925,2.315922314121521,2.3405175388010484,-0.0856966620559933,-0.2942704728371498,1.720965356264303,1.8355469921568026
calg,0.267,0.22157631012311946,1.17057163045076,2.3097712045353487,2.3297318890054406,-0.08584335822726401,-0.2933923425412867,1.7562605917262264,1.8535831739208222
calg,0.2675,0.22216217196219812,1.1717236781573168,2.3040954131135085,2.3187423225133936,-0.0859896057250909,-0.2924949956539023,1.7946937747689127,1.8716687115564912
calg,0.268,0.22274860837100152,1.1728728176068843,2.2982788991351453,2.3075604303503203,-0.08613539477856301,-0.2915781069441073,1.8337774195899037,1.889812220565427
calg,0.2685,0.22333561778092814,1.1740188198531212,2.2920044924738523,2.29465737848136,-0.0862807157832145,-0.2906420093029258,1.8721952823629238,1.901213745254744
calg,0.269,0.22392319847700354,1.175161392150739,2.2851445952355065,2.2805430209617152,-0.0864255594426231,-0.289687318817208,1.909380971435688,1.907922154846528
calg,0.2695,0.22451134859381483,1.1763002336226525,2.2776829438270783,2.266271864633095,-0.08656991679866001,-0.2887147120738277,1.9452134867606041,1.9142604079150076
calg,0.27,0.22510006612604772,1.177435064465685,2.2696616860652465,2.2531855902439997,-0.0867137792023762,-0.2877248074323933,1.9798092828689384,1.9257558416065992
calg,0.2705,0.22568934894521053,1.1785656383256398,2.2611477199095202,2.2408162804141956,-0.0868571382589441,-0.2867181131359329,2.0133885929207587,1.9406365180284113
calg,0.271,0.22627919481758624,1.1796917447514164,2.2522128515530544,2.228827290342395,-0.0869999857666122,-0.2856950153362148,2.046195599436171,1.9575980848870336
calg,0.2715,0.22686960142079277,1.1808132064128962,2.242923322959618,2.2169908016933824,-0.08714231366040161,-0.2846557875787864,2.0784555148568273,1.9757325687965344
calg,0.272,0.22746056635782763,1.1819298740699593,2.2333353141262333,2.205162914673,-0.08728411396531881,-0.2836006098343916,2.1103554887895903,1.9944432578379563
calg,0.2725,0.22805208716835723,1.1830416210591668,2.2234939784151404,2.193260660420206,-0.0874253787602812,-0.2825295899246465,2.142039819490236,2.0133632543763973
calg,0.273,0.22864416133747484,1.1841483382351832,2.2134343520329405,2.181242870122284,-0.08756610015201341,-0.281442783464483,2.1736129203267627,2.032286035894997
calg,0.2735,0.22923677822009092,1.1852337652321596,2.170853993952743,2.169095376484742,-0.0877063059837202,-0.2804116634136796,2.0622401016069762,2.051110695759352
calg,0.274,0.22982992975301997,1.1863030658579714,2.138601251623746,2.15682023677164,-0.087846013352398,-0.2794147373554416,1.9938521164760008,2.0698013675195535
calg,0.2745,0.23042361052689142,1.18736154774291,2.116963769877136,2.1444283148430214,-0.0879852280443047,-0.2784293838135004,1.970707083882468,2.0883588130386963
calg,0.275,0.23101781683530886,1.1884126168347784,2.1021381837366193,2.1319344684541868,-0.0881239484838056,-0.2774408790018403,1.9770096233200896,2.1068016449301648
calg,0.2755,0.23161254598410397,1.189458297590321,2.091361511084941,2.1193546379784003,-0.08826216862752981,-0.2764402874482833,2.001183107114091,2.1251547145123917
calg,0.276,0.23220779581730483,1.190499666401719,2.0827376227956287,2.106704246467962,-0.0883998799695207,-0.275422683981843,2.035206932880701,2.1434425352018813
calg,0.2765,0.23280356441085942,1.191537187109212,2.0750414149865017,2.093997452105786,-0.0885370728512921,-0.2743857635429184,2.073840877849058,2.1616860467985695
calg,0.277,0.23339984988858564,1.1925709554525588,2.0675366866934977,2.0812469172736163,-0.08867373726060711,-0.2733288186298514,2.1138898261341694,2.1799014555759766
calg,0.2775,0.23399665032227823,1.193600867385172,2.0598238652266727,2.0671966877337575,-0.0888098632747922,-0.2722520283703346,2.1535805190334916,2.191956166901546
calg,0.278,0.23459396368642504,1.1946267282936007,2.051721816857146,2.0520731188308994,-0.08894544127093071,-0.2711559922770049,2.1920721866595034,2.19874074955712
calg,0.2785,0.23519178784595507,1.195648319059974,2.0431815327467606,2.0363943761000023,-0.0890804619932501,-0.2700414446386342,2.229095276741358,2.2025883526938608
calg,0.279,0.23579012056212462,1.1966654323392234,2.0342265584987063,2.022040503771247,-0.089214916540722,-0.2689090949439706,2.2646993893271503,2.211838709325413
calg,0.2795,0.23638895950685296,1.1976778894565907,2.0249142347345184,2.008720444225191,-0.08934879631636221,-0.2677595512803018,2.2990873273376877,2.225382103031901
calg,0.28,0.23698830227962364,1.1986855455414214,2.0153121696615486,1.9960389328436126,-0.08948209296376321,-0.2665932948020611,2.3325129564814464,2.2415845874922447
calg,0.2805,0.23758814642370585,1.1996882881644582,2.0054852460737393,1.9837235800006574,-0.0896147983052282,-0.2654106829300133,2.365223744095701,2.2592934042191106
calg,0.281,0.23818848944016263,1.2006860329135534,1.9954894981903146,1.9715981924423023,-0.0897469042884864,-0.2642119665163133,2.3974328274000403,2.2777402559746727
calg,0.2815,0.23878932879916182,1.201678717998527,1.9853701699473507,1.9595573252471867,-0.0898784029444088,-0.26299731184483,2.429309342966622,2.2964449143717975
calg,0.282,0.23939066194868402,1.2026662990442691,1.975162091484063,1.9475446640853606,-0.0900092863555564,-0.2617668222952388,2.4609790991823832,2.315131032714963
calg,0.2825,0.23999247966832954,1.2036354392911637,1.9382804937891898,1.9355360443926382,-0.0901395788905974,-0.2605850700819255,2.36350442662655,2.3336585789741613
calg,0.283,0.24059477386273304,1.2045883888068911,1.9058990314551278,1.9235269213361472,-0.0902693002966245,-0.2594428120542969,2.2845160552572814,2.351973022195099
calg,0.2835,0.24119753910232516,1.2055304791842334,1.8841807546840983,1.9115236348584856,-0.0903984580995051,-0.2583156057611977,2.254412586198324,2.3700692466881175
calg,0.284,0.24180077169758601,1.2064651905217578,1.8694226750488783,1.8995376638653847,-0.090527051777988,-0.257187356965763,2.2564975908695644,2.387967341235579
calg,0.2845,0.24240446901284723,1.2073946305223362,1.8588800011565703,1.8875820910246364,-0.0906550758906248,-0.2560482252736068,2.2782633843122504,2.405697352967766
calg,0.285,0.24300862899111614,1.2083199565377682,1.8506520308639856,1.8756696118195104,-0.0907825222634472,-0.254892745644832,2.310959257549678,2.4232904302329077
calg,0.2855,0.24361324984832855,1.2092417144247856,1.8435157740345625,1.8638115615626991,-0.090909381412576,-0.2537182982575398,2.3488947745842843,2.4407742678552857
calg,0.286,0.24421832988763403,1.2101600786109652,1.8367283723594834,1.8520175702871415,-0.0910356434199563,-0.2525240147605494,2.3885669939809038,2.4581712735634134
calg,0.2865,0.24482386739679246,1.2110750183168142,1.8298794116982087,1.8388996206852777,-0.0911612984261468,-0.2513100123809392,2.4280047592203093,2.4679716501082445
calg,0.287,0.24542986059983352,1.2119864060821082,1.8227755305881488,1.8250215987124592,-0.0912863368699964,-0.2500768876994115,2.4662493630555318,2.472964987312675
calg,0.2875,0.24603630764179285,1.2128940839186813,1.8153556731463254,1.810815330640265,-0.09141074957177173,-0.2488254035506228,2.5029682975773415,2.4753163876652553
calg,0.288,0.24664320659182243,1.2137979000592014,1.8076322810403689,1.7978259024661911,-0.0915345277275903,-0.2475563116372862,2.5381838266731833,2.4825718975651863
calg,0.2884999999999999,0.24725055545505226,1.2146977264596146,1.7996528008262545,1.7860036322945907,-0.0916576628601837,-0.2462702651867797,2.572092901012889,2.494693356140773
calg,0.2889999999999999,0.24785835218731755,1.2155934645305604,1.7914761418916354,1.7749300307836247,-0.0917801467539615,-0.2449677875556607,2.604955262238061,2.5098125393195776
calg,0.2894999999999999,0.24846659470946503,1.216485044294982,1.7831595288429913,1.7643144841301779,-0.0919019713903304,-0.2436492727378092,2.637029635703067,2.526607437959466
calg,0.2899999999999999,0.24907528091965536,1.2173724203806957,1.7747521714268732,1.7539680669461466,-0.0920231288912119,-0.2423150017628563,2.6685419499056593,2.544200745954911
calg,0.2904999999999999,0.24968440870312425,1.2182555669378297,1.7662931142685114,1.7437766384766147,-0.0921436114737067,-0.2409651649895806,2.6996735465513897,2.5620488125073826
calg,0.2909999999999999,0.25029397593945046,1.219134472652473,1.7578114292870284,1.7336771267678166,-0.0922634114159855,-0.2395998845575974,2.7305608639663816,2.5798402396635427
calg,0.2914999999999999,0.25090397317891583,1.2199944789307486,1.7200125565511717,1.7236397893863837,-0.0923825605480805,-0.2382982641901767,2.603240734841501,2.5974187330454255
calg,0.2919999999999999,0.25151439390130836,1.2208414447850078,1.6939317085181649,1.7136551560664497,-0.0925010761378196,-0.2370311794780468,2.5341694242596464,2.6147251442773953
calg,0.2924999999999999,0.25212523383131624,1.2216798600159915,1.6768304619679812,1.7037249494023228,-0.0926189641379319,-0.2357760002247535,2.510358506586577,2.631756352947793
calg,0.2929999999999999,0.2527364901369498,1.2225126112670586,1.665502502133644,1.6938561299297024,-0.09273622317051071,-0.234518065157491,2.515870134525109,2.64853770825385
calg,0.2934999999999999,0.25334816085042283,1.2233414269459844,1.6576313578515238,1.6840572459252119,-0.0928528474364181,-0.2332485318148187,2.5390666853445936,2.6651056958903094
calg,0.2939999999999999,0.25396024447267657,1.2241672445074612,1.6516351229538053,1.6743363891123104,-0.0929688287234673,-0.2319625740983421,2.5719154329532206,2.6814978848828863
calg,0.2944999999999999,0.25457273971897915,1.2249904926051245,1.6464961953264947,1.6647002060729927,-0.0930841577129009,-0.2306579788671885,2.609190462307218,2.697747771616426
calg,0.2949999999999999,0.2551856453665917,1.2258112952252704,1.64160524029192,1.65474059537743,-0.0931988247716214,-0.2293341174410802,2.6477228522165976,2.711365052686883
calg,0.2954999999999999,0.25579896017221265,1.2266296112417725,1.636632033003815,1.643795718247885,-0.0933128203881782,-0.2279912331135044,2.685768655151584,2.7182234224839497
calg,0.2959999999999999,0.25641268283434054,1.2274453242558472,1.6314260281497999,1.632355235099879,-0.0934261353760487,-0.2266299757410726,2.7225147448636466,2.7210848680067654
calg,0.2964999999999999,0.25702681198254035,1.228258296399522,1.625944287349391,1.6207456171180505,-0.0935387609350805,-0.2252511180635724,2.757715355000439,2.7218148254850445
calg,0.2969999999999999,0.25764134618126816,1.2290683974555117,1.6202021119795955,1.6105667922067166,-0.0936506886342635,-0.2238553983660265,2.7914393950916736,2.729123971222579
calg,0.2974999999999999,0.25825628394029354,1.2298755180508325,1.6142411906414884,1.6013784642757325,-0.0937619103572602,-0.2224434459934596,2.8239047451338877,2.74092994544516
calg,0.2979999999999999,0.25887162372693506,1.2306795732829432,1.6081104642212907,1.592812985493846,-0.0938724182360672,-0.2210157576139573,2.8553767590045442,2.755439611674544
calg,0.2984999999999999,0.25948736397750577,1.2314805011414165,1.601855716946069,1.5846189964208834,-0.0939822045869824,-0.2195727018304379,2.886111567038826,2.771408843255719
calg,0.2989999999999999,0.2601035031067783,1.2322782585452938,1.5955148077553165,1.5766342028774794,-0.0940912618556802,-0.2181145373955094,2.916328869856999,2.78802368116988
calg,0.2994999999999999,0.26072003951512557,1.2330728166943268,1.58911629806597,1.5687605471443122,-0.094199582573657,-0.2166414359536882,2.9462028836423926,2.804787157143218
calg,0.2999999999999999,0.26133696942539875,1.2338598205464448,1.5740077042361722,1.5609437222216767,-0.09430717254349931,-0.2151799396845968,2.9229925381826725,2.821423085855943
calg,0.3004999999999999,0.26195428556310996,1.234632275422298,1.5449097517064392,1.553157442337392,-0.0944140593714127,-0.2137736558267748,2.8125677156440574,2.8378003621443235
calg,0.3009999999999999,0.26257198321156316,1.2353952969063782,1.5260429681603738,1.5453920696097954,-0.0945202562583505,-0.2123937738755096,2.7597639025305227,2.853876971132407
calg,0.3014999999999999,0.26319005936237927,1.2361523016322125,1.5140094516686309,1.5376468447825649,-0.0946257666727955,-0.2110208288900044,2.7458899710102447,2.8696608529835306
calg,0.3019999999999999,0.2638085120775037,1.2369054302489193,1.5062572334131696,1.529924891234789,-0.09473058790404161,-0.2096424624923396,2.7567327953297216,2.885184087181319
calg,0.3024999999999999,0.26442734003683366,1.2376559186599028,1.5009768219674993,1.5222302281508593,-0.0948347136115671,-0.2082514150508726,2.7820948829338477,2.9004869641461366
calg,0.3029999999999999,0.26504654223501556,1.2384043963636773,1.4969554075483558,1.514566158975622,-0.0949381355537182,-0.2068438843021708,2.8150614974036365,2.915608992229142
calg,0.3034999999999999,0.26566611779038024,1.2391511107294777,1.4934287316014314,1.5069345464091595,-0.0950408446898698,-0.2054182723033059,2.8512239977297913,2.930584497009748
calg,0.3039999999999999,0.26628606583341835,1.2398960860761976,1.4899506934400406,1.4983784612208593,-0.0951428318314511,-0.2039742831625349,2.8879782815419617,2.938693039773238
calg,0.3044999999999999,0.2669063854485446,1.2406392302524762,1.4862883525572974,1.4892368233699205,-0.09524408798592521,-0.2025123089483383,2.9239484283933344,2.942076638467824
calg,0.3049999999999999,0.2675270756493888,1.2413804016884518,1.482342871951145,1.4798247016480885,-0.0953446045041581,-0.2010330364657011,2.9585449652744362,2.9428033245012197
calg,0.3054999999999999,0.26814813537357374,1.2421194483698128,1.478093362721938,1.4707556515743014,-0.0954443731109774,-0.1995372136385648,2.99164565427259,2.9447375279270385
calg,0.3059999999999999,0.26876956348756004,1.2428562279726747,1.4735592057242897,1.4628124923194177,-0.09554338587343571,-0.1980255249166141,3.0233774439013335,2.952844348522524
calg,0.3064999999999999,0.26939135879562315,1.243590616126064,1.4687763067779571,1.4555684974327825,-0.09564163514182811,-0.1964985367847455,3.0539762637372423,2.9648282160880033
calg,0.307,0.27001352004950196,1.2443225077574869,1.463783262846099,1.448722487848173,-0.0957391134844021,-0.1949566851481685,3.0837032731539953,2.979045768824842
calg,0.3075,0.2706360459569274,1.2450518148510954,1.4586141872170695,1.442072963952962,-0.0958358136270234,-0.193400285242492,3.1127998113528452,2.994385309295437
calg,0.308,0.27125893518828753,1.245778462720076,1.4532957379615123,1.4354926010189721,-0.0959317284028109,-0.1918295515750535,3.14146733487701,3.0101400895974373
calg,0.3085,0.27188218638129763,1.2465023860202389,1.4478466003255719,1.428906177878687,-0.09602685071300861,-0.1902446203953549,3.169862359397259,3.0258943365544413
calg,0.309,0.27250579311878975,1.2472134749842347,1.42217792799177,1.4222730188812205,-0.09612120892546501,-0.1887164249128189,3.0563909650721186,3.04142988604056
calg,0.3095,0.27312975074138507,1.2479152451906774,1.4035404128855948,1.4155739074171587,-0.0962148202918108,-0.1872227326915972,2.987384442443311,3.056654788984084
calg,0.31,0.27375405622941584,1.2486109760616313,1.391461741907503,1.408801879924322,-0.096307691292334,-0.1857420010464254,2.9614632903437013,3.071551826242749
calg,0.3105,0.27437870760685984,1.2493027548879745,1.383557652686643,1.4019561130878462,-0.09639982139015471,-0.1842601956413629,2.963610810124866,3.086143413723465
calg,0.311,0.27500370351015574,1.249991806591651,1.3781034073538805,1.395038120385522,-0.0964912057852383,-0.1827687901672883,2.982810948149247,3.100469090143451
calg,0.3115,0.27562904289322043,1.250678766129422,1.3739190755410335,1.3880495758903364,-0.0965818373240416,-0.1812630776065855,3.0114251214055834,3.1145721110252658
calg,0.312,0.27625472483709773,1.2513638877546178,1.3702432503918294,1.3809912205863264,-0.0966717077482003,-0.1797408483173436,3.044458578483866,3.1284922723153423
calg,0.3125,0.27688074843528293,1.2520471963704247,1.3666172316137366,1.3733354726905072,-0.0967608084565727,-0.1782014167447375,3.0788631452122193,3.1378410016432214
calg,0.313,0.2775071127307682,1.2527285909706016,1.3627892003537172,1.365035798113387,-0.09684913092862771,-0.1766449441100996,3.1129452692758495,3.142043972728029
calg,0.3135,0.27813381668638393,1.2534079112314027,1.3586405216023685,1.3563701855549788,-0.09693666692551191,-0.1750719937683492,3.14590068350072,3.143236851229259
calg,0.314,0.27876085917509774,1.25408497742773,1.3541323926546323,1.3475185199839483,-0.0970234085547618,-0.1734832584998801,3.177470536938282,3.1428384539153402
calg,0.3145,0.27938823898114984,1.2547596121040774,1.3492693526947415,1.3395458838719836,-0.0971093482587009,-0.1718794078782021,3.2077012433559595,3.148479813635673
calg,0.315,0.28001595480614566,1.255431649991681,1.3440757752077317,1.3321701180081444,-0.0971944787660873,-0.1702610147727894,3.2367862108253096,3.158544508071187
calg,0.3155,0.2806440052765836,1.256100940875874,1.3385817683851469,1.3250990280306143,-0.09727879303139811,-0.1686285306216047,3.264968302369482,3.1712319983940813
calg,0.316,0.28127238895090056,1.2567673486338604,1.3328155159731343,1.318133958629255,-0.09736228417549421,-0.1669822881920586,3.2924848590922764,3.1853006174460186
calg,0.3165,0.28190110432516025,1.2574307485195233,1.3267997713253903,1.3111470774345566,-0.0974449454343696,-0.1653225177508488,3.3195408824194548,3.199943395014242
calg,0.317,0.28253014983713143,1.25809102394222,1.320550845393749,1.304061118477931,-0.0975267701183323,-0.1636493679254344,3.3462996508288363,3.214671632508174
calg,0.3175,0.28315952110224174,1.258742530220737,1.3030125570338955,1.2968329335779025,-0.0976077747956478,-0.1620093546309147,3.2800265890394673,3.2292168975717086
calg,0.318,0.28378921344760744,1.2593846907312856,1.2843210210975409,1.2894410290896063,-0.0976879792074122,-0.1604088235288478,3.2010622041338124,3.2434544754871815
calg,0.3185,0.28441922362244165,1.260020349668403,1.2713178742349425,1.2818766650311741,-0.0977673919897308,-0.1588255646371463,3.166517783402833,3.257347116283447
calg,0.319,0.28504954928768167,1.26065133048007,1.2619616233339321,1.2741378515690254,-0.09784601439804541,-0.1572448166292439,3.1614960158049588,3.270905961447444
calg,0.3195,0.28568018864106404,1.2612787067648903,1.2547525696405104,1.2662255436543928,-0.09792384309148021,-0.1556573868696443,3.1748595191991207,3.2841649453769897
calg,0.32,0.28631114015677894,1.2619030314297628,1.2486493297449754,1.2581414073478416,-0.0980008720991586,-0.1540580153568498,3.1987430255891063,3.297165135038159
calg,0.3205,0.2869424024147069,1.2625245158559524,1.242968852379367,1.249886647539177,-0.0980770941316903,-0.1524440650632875,3.2279005871244753,3.3099459972833847
calg,0.321,0.2875739739954337,1.2631431614535815,1.2372911952581023,1.241144940390341,-0.09815250140126941,-0.1508145391581798,3.2590518102155404,3.319243231457074
calg,0.3215,0.2882058534208861,1.2637588509047142,1.231378902265215,1.231803424019772,-0.0982270860935292,-0.1491693845196388,3.2903092770819473,3.3236996508984413
calg,0.322,0.28883803912482287,1.26437140787344,1.2251139374518882,1.2220719830437887,-0.0983008406062618,-0.1475090254652497,3.3207181087781485,3.325255942579381
calg,0.3225,0.28947052944160134,1.2649806335571856,1.2184513674912358,1.2120873247634867,-0.0983737576417082,-0.1458340708928407,3.349909144818099,3.325211337711857
calg,0.323,0.29010332260518934,1.2655863271758654,1.211387237359517,1.2024593150046,-0.0984458302140843,-0.1441451447521221,3.3778522814371588,3.3288035330749737
calg,0.3235,0.290736416753166,1.2661882959534287,1.20393755512664,1.1932780437570936,-0.0985170516137788,-0.1424427993891234,3.4046907259974066,3.337104804351632
calg,0.324,0.29136980993250244,1.2667863586728774,1.1961254388972462,1.1842834301779601,-0.09858741535436541,-0.140727481173151,3.43063643194467,3.348239509873281
calg,0.3245,0.29200350010532045,1.267380345636101,1.1879739264473503,1.1752975940620265,-0.09865691511765211,-0.1389995265734217,3.45590919945872,3.3608972879763623
calg,0.325,0.29263748515376103,1.2679700968812295,1.1795024902571631,1.1662055649440877,-0.09872554470463231,-0.1372591739603014,3.4807052262405325,3.3742141351394306
calg,0.3255,0.29327176288365653,1.2685554597908424,1.170725819225776,1.1569377268906582,-0.09879329799553291,-0.1355065818013139,3.50518431797504,3.3876571501246597
calg,0.326,0.2939063293650315,1.269132962749972,1.155005918259591,1.1474553773482403,-0.0988601862338786,-0.1337764766913054,3.460210220016961,3.4009255107706373
calg,0.3265,0.29454118000732454,1.2697012845860678,1.1366436721911812,1.137739676911013,-0.0989262279548074,-0.1320834418576249,3.3860696673609993,3.41387194155676
calg,0.327,0.2951763112594952,1.2702625043414826,1.1224395108297462,1.1277836893800308,-0.0989914316199843,-0.1304073303537653,3.3522230077191715,3.426444242014876
calg,0.3275,0.2958117202299214,1.2708179408522362,1.1108730215074052,1.1175869661750295,-0.099055798944424,-0.1287346488794599,3.345362948610841,3.4386441547905986
calg,0.328,0.2964474044064355,1.2713683530282849,1.1008243520972683,1.107152078846038,-0.09911932740319081,-0.1270569175336274,3.355462691664913,3.4505000458999016
calg,0.3285,0.2970833614615309,1.2719141101907347,1.0915143248999104,1.0964825555399709,-0.09918201201473241,-0.1253692230831556,3.3753889009436477,3.462049907218465
calg,0.329,0.29771958912437363,1.2724553256852713,1.0824309890731414,1.0855817730182356,-0.0992438465396241,-0.1236690497834769,3.4003465993574498,3.473331645863394
calg,0.3295,0.2983560851019824,1.272991955217721,1.0732590648993285,1.0742431638131666,-0.0993048242371769,-0.1219553951054921,3.427309355969685,3.481485677482115
calg,0.33,0.29899284703458084,1.2735238651968028,1.0638199581637875,1.0624197270582136,-0.09936493830640221,-0.1202281384506803,3.4545133096235503,3.4856073882885155
calg,0.3305,0.2996298724733619,1.2740508775621142,1.0540247306229629,1.0502467185397617,-0.0994241821140425,-0.1184876152805408,3.481046340278912,3.487257723960525
calg,0.331,0.30026715887202104,1.2745727973181085,1.0438395119885924,1.037812694488249,-0.09948254928764261,-0.1167343472001958,3.506536160689997,3.4874821084517618
calg,0.3315,0.30090470358605154,1.275089428061147,1.0332614860763263,1.0254886830257885,-0.09954003372952851,-0.1149688837718338,3.5309268567241183,3.4902352546005604
calg,0.332,0.30154250387587317,1.275600579643204,1.0223031641145914,1.0134177181337212,-0.0995966295895178,-0.1131917199784826,3.554327586702385,3.4972809977959236
calg,0.3325,0.30218055691138224,1.2761060710182774,1.010982750146859,1.001403922235993,-0.0996523312204377,-0.1114032618399484,3.576916277068328,3.5068922925486854
calg,0.333,0.30281885977657474,1.2766057303850686,0.9993187335824142,0.9893146578100194,-0.09970713313064321,-0.1096038204108917,3.5988828581134555,3.5178600379266376
calg,0.3335,0.30345740947357924,1.2770993940090347,0.9873272479321078,0.9770655355970777,-0.0997610299410063,-0.1077936207263282,3.6203993691269964,3.5293850807600458
calg,0.334,0.30409620292586437,1.2775869045701198,0.9750211221701965,0.9646068471079241,-0.09981401634956011,-0.1059728171075577,3.6416072375409065,3.5409729751828496
calg,0.3345,0.30473523588181084,1.2780659118929152,0.9580146455907984,0.9519124544462239,-0.0998661022903399,-0.1041718815595888,3.6018710959378133,3.552343270145227
calg,0.335,0.3053745037581959,1.278535752770212,0.939681754593339,0.9389713244928447,-0.09991730261483811,-0.1024006489963923,3.542465126393136,3.563357397649336
calg,0.3355,0.3060140026019089,1.2789976874258968,0.9238693113696721,0.9257814557912322,-0.0999676240987675,-0.1006429678587159,3.5153622753527376,3.5739648748210575
calg,0.336,0.3066537288484503,1.2794524930829687,0.9096113141440103,0.9123457642470856,-0.10001706810859881,-0.0988880196625704,3.509896392291008,3.5841653880858724
calg,0.3365,0.3072936791454112,1.2799005939217427,0.8962016775479165,0.898669460853191,-0.1000656326118578,-0.0971290065179995,3.5180262891417318,3.5939835588106983
calg,0.337,0.30793385023072445,1.2803421706264717,0.8831534094577743,0.8847584991626226,-0.1001133136075481,-0.0953619913807677,3.5340302744636336,3.603453205037545
calg,0.3375,0.30857423885348695,1.2807772455249604,0.8701497969774484,0.8706187468901477,-0.10016010608818911,-0.0935849612820041,3.554060197527157,3.612608319576872
calg,0.338,0.30921484172586655,1.281205744759241,0.8569984685619586,0.8561251037869659,-0.1002060046474298,-0.0917971184812302,3.5756856015478498,3.618779822606576
calg,0.3385,0.30985565549644256,1.281627541152054,0.8435927856254938,0.8413003885151935,-0.10025100383452261,-0.0899983741856469,3.597488591166478,3.6220112605757824
calg,0.339,0.31049667673748527,1.282042482085368,0.8298818666276874,0.8262159602268663,-0.1002950983379445,-0.0881890068437357,3.618734683822524,3.6233756815970692
calg,0.3395,0.3111379019407137,1.2824504064569566,0.8158487431774349,0.8109193735898008,-0.1003382830606679,-0.086369445446952,3.639122793567383,3.6235884593853016
calg,0.34,0.31177932751777615,1.282851154124896,0.8014953358783674,0.7956504031906652,-0.100380553131883,-0.084540142430174,3.658606033555966,3.6259890334034797
calg,0.3405,0.31242094980301743,1.283244570482611,0.7868327154299252,0.7804769385182598,-0.1004219038855155,-0.0827015072650592,3.677270330229712,3.6317647874903956
calg,0.341,0.31306276505706077,1.283630508086709,0.7718752081958825,0.7652765814771314,-0.1004623308248684,-0.0808538787056391,3.6952571188400203,3.6395032647523715
calg,0.3415,0.3137047694703892,1.2840088266570673,0.7566371407168072,0.7499687801445516,-0.10050182958478471,-0.0789975198326835,3.7127177459113483,3.648221434746545
calg,0.342,0.31434695916654043,1.2843793923023543,0.7411312905743886,0.7345044459384136,-0.1005403958973442,-0.0771326251189395,3.7297894274879013,3.657273728244506
calg,0.3425,0.31498933020478315,1.2847420764855508,0.7253683663926188,0.7188567893817688,-0.10057802556365561,-0.0752593326229254,3.7465849920282395,3.666263778595529
calg,0.343,0.31563187789708724,1.2850953846080408,0.7066162449800418,0.7030139629306061,-0.10061472860050691,-0.0734060737025794,3.7065178406921184,3.674969204942337
calg,0.3435,0.3162745975893194,1.2854393844644785,0.6879997128751959,0.6869735432055896,-0.10065051495159441,-0.071572702174846,3.6667430554667746,3.6832822552273696
calg,0.344,0.3169174849201151,1.2857746615914172,0.6705542538772363,0.6707386315752759,-0.1006853890396291,-0.0697481760695589,3.6490522105740357,3.6911657984612325
calg,0.3445,0.3175605356991115,1.286101557992813,0.6537928027918204,0.6543152529266736,-0.1007193516087711,-0.0679251382840121,3.6460755710937853,3.698622493115022
calg,0.345,0.31820374581967487,1.2864202411264174,0.6373662672089485,0.6377107262620944,-0.1007524011071256,-0.0660989967088523,3.6522831503195476,3.705674398302205
calg,0.3455,0.31884711119998715,1.286730760624654,0.6210389964728288,0.6209327206420971,-0.1007845346664894,-0.0642671187277431,3.663755962218378,3.7123503557390323
calg,0.346,0.3194906277457528,1.2870330915314068,0.6046618135059714,0.6039887670722236,-0.10081574875827881,-0.062428183578816,3.6778702978542235,3.7186788350786575
calg,0.3465,0.32013429132839016,1.2873271652744869,0.5881474861598371,0.5868329729477717,-0.1008460396055777,-0.0605816945977317,3.6929779621686496,3.7224806250799762
calg,0.347,0.32077809777369215,1.2876128906040962,0.5714506592190168,0.5695027987737467,-0.1008754034217634,-0.0587276323714322,3.708124452598911,3.724482727895095
calg,0.3475,0.32142204285714965,1.2878901669149805,0.554552621768234,0.5520270219221514,-0.1009038365326162,-0.0568662217055146,3.7228213318351298,3.725246763006891
calg,0.348,0.3220661223032175,1.288158892135732,0.5374504415030325,0.5344264001033127,-0.1009313354249312,-0.0549977846301096,3.7368741508101113,3.725145100593037
calg,0.3485,0.32271033178669895,1.2884189669629005,0.5201496543366105,0.5168466354029677,-0.10095789675233191,-0.0531226548013428,3.7502596575335474,3.7271075023155245
calg,0.349,0.32335466693509074,1.2886702967835948,0.5026596413889072,0.4992813294669628,-0.10098351731898281,-0.051241133301804,3.7630429990775944,3.731245334244282
calg,0.3495,0.3239991233312112,1.2889127922410983,0.48499091500703956,0.48167283606391204,-0.1010081940543158,-0.049353470666028,3.7753252715521057,3.7365678744887743
calg,0.35,0.32464369651575264,1.289146369082709,0.46715368322126966,0.4639857024018835,-0.1010319239864482,-0.0474598642647788,3.7872128024982263,3.7423951606416472
calg,0.3505,0.3252883819895984,1.2893709476916382,0.44915721785842816,0.44620070754430263,-0.10105470421829571,-0.0455604636949142,3.7988011397293384,3.7482875110320797
calg,0.351,0.32593317521586684,1.2895864525368694,0.4310096904625806,0.4283098284347091,-0.101076531908044,-0.0436553794967333,3.8101683963618243,3.7539802550375065
calg,0.3515,0.32657807134301825,1.2897922543026603,0.41160353158239266,0.41031232564142317,-0.1010974158241152,-0.0417678321422994,3.775094708867721,3.7593292255047173
calg,0.3519999999999999,0.32722306564604037,1.2899886060441916,0.39270348306227826,0.3922118915016761,-0.1011173610497101,-0.039890451189785,3.754761905028838,3.7642684453294777
calg,0.3524999999999999,0.3278681534840566,1.2901756760325371,0.37413997669088855,0.37401469071597065,-0.1011363698167638,-0.0380175341073672,3.7458341648356157,3.768779200479435
calg,0.3529999999999999,0.32851333026089996,1.2903535536866355,0.35575530819700774,0.3557280918996118,-0.10115444247129711,-0.0361453090666985,3.7444500813373143,3.7728686724800102
calg,0.3534999999999999,0.3291585913980398,1.2905222742797722,0.3374411862727964,0.33735990040265434,-0.1011715781937612,-0.0342714449282663,3.7477282768643576,3.776556022001101
calg,0.3539999999999999,0.32980393231725175,1.2906818384238816,0.3191282882190943,0.3189179338453026,-0.10118777550684391,-0.032394626165281,3.7536375259706887,3.7798639379448997
calg,0.3544999999999999,0.3304493484304367,1.2908322263700882,0.30077589241317065,0.300409817062262,-0.10120303261353761,-0.0305142133874268,3.760825555708365,3.7826569729895927
calg,0.3549999999999999,0.33109483513437077,1.2909734078680328,0.2823629958892209,0.2818441529347449,-0.1012173476080862,-0.0286299890972747,3.768448580304117,3.7843958394226083
calg,0.3554999999999999,0.33174038780864856,1.2911053485556327,0.2638813751997484,0.2632325453569054,-0.1012307185970077,-0.0267419778430154,3.776022508518624,3.7852494112333153
calg,0.3559999999999999,0.33238600181556016,1.2912280138232184,0.2453305351713647,0.24458546481021085,-0.10124314376003271,-0.0248503260498493,3.783303586332341,3.7853445596839066
calg,0.3564999999999999,0.33303167250103544,1.2913413709506418,0.2267142548469684,0.2259125344268449,-0.1012546213733882,-0.0229552267110164,3.7901986776656607,3.784771259890916
calg,0.3569999999999999,0.3336773951961031,1.2914453901352545,0.20803836922514773,0.20727586873301942,-0.1012651498113491,-0.0210568759217721,3.7967015784886247,3.785793543721978
calg,0.3574999999999999,0.33432316521853145,1.291540044856614,0.1893094427192028,0.18865345944224618,-0.1012747275367323,-0.0191554507663981,3.8028503107480063,3.787741640673819
calg,0.3579999999999999,0.33496897787447133,1.2916253118799264,0.17053404662469906,0.17003140033889869,-0.10128335308705451,-0.0172511006444745,3.8087002438472,3.7900900506140096
calg,0.3584999999999999,0.33561482846001633,1.2917011710899595,0.15171842006692493,0.1514033962608218,-0.1012910250602541,-0.015343946399098,3.8143084907530387,3.792487298540754
calg,0.3589999999999999,0.33626071226265053,1.2917676052682758,0.13286835663222374,0.13276845266063328,-0.1012977421019805,-0.0134340834529213,3.819725892353322,3.794712864111544
calg,0.3594999999999999,0.33690662456258197,1.2918245998627484,0.11398918894505426,0.1141290405265922,-0.10130350371952321,-0.0115232350854133,3.821696735016122,3.796639281606794
calg,0.3599999999999999,0.3375525606405053,1.2918721558469133,0.09511196832918106,0.09548974081107053,-0.10130831237669931,-0.0096173143520906,3.8118414666454346,3.7982015623592793
calg,0.3604999999999999,0.3381985157959098,1.2919103108089565,0.07630992408664013,0.07685630348880719,-0.1013121697494227,-0.007714745446829,3.805137810523078,3.7993741005831048
calg,0.3609999999999999,0.33884448534344597,1.2919390950721454,0.05756852637784293,0.05823503271463431,-0.1013150769223318,-0.0058143458182331,3.8007992571917555,3.8001542077332924
calg,0.3614999999999999,0.3394904646105201,1.2919585341483515,0.03887815241189533,0.03963241070081085,-0.1013170345629657,-0.0039152812678786,3.798129100709035,3.8005510194285055
calg,0.3619999999999999,0.3401364489359823,1.2919686509243575,0.020233552012058134,0.021054885686630005,-0.10131804306293231,-0.0020169999332186,3.7965626693200054,3.800578475324553
calg,0.3624999999999999,0.34078243366966643,1.2919694673683355,0.0016328879560393334,0.0025087658476038786,-0.1013181026449137,-0.0001191639627099,3.795671941017506,3.8002512130366664
calg,0.3629999999999999,0.34142841417253456,1.2919610057360955,-0.016923264479408666,-0.016010035083377942,-0.1013172134392017,0.0017784114240798,3.7951507735796213,3.800000845453786
calg,0.3634999999999999,0.3420743858172082,1.2919432893473743,-0.03543277744260707,-0.0345019131219016,-0.10131537553541771,0.0036758075679793,3.7947922877989484,3.799988919698933
calg,0.3639999999999999,0.34272034398872453,1.2919163430327087,-0.05389262933116253,-0.05295475552095903,-0.1013125890153452,0.0055730401449048,3.7944651538509397,3.799839658506279
calg,0.3644999999999999,0.34336628408539926,1.2918801933494108,-0.07229936659576813,-0.07135754685354702,-0.10130885397219941,0.0074700862915903,3.794092293370941,3.7993133240320454
calg,0.3649999999999999,0.34401220151972356,1.2918348686486043,-0.0906494016127844,-0.08970038273583383,-0.1013041705206907,0.0093669030173455,3.7936334515105603,3.798425242970679
calg,0.3654999999999999,0.3446580917192508,1.2917803990546657,-0.10893918787830907,-0.10797559419191793,-0.1012985388012113,0.0112634389588478,3.793071883004451,3.7976580841164824
calg,0.3659999999999999,0.34530395012745047,1.2917168163991366,-0.1271653110578824,-0.12617959371826018,-0.1012919589805422,0.013159641338184,3.7924047586725695,3.7968252147373818
calg,0.3664999999999999,0.3459497722045182,1.2916441541355772,-0.14532452711892774,-0.14430852144179374,-0.1012844312507152,0.0150554596541499,3.7916366319318033,3.7958036964208484
calg,0.3669999999999999,0.34659555342814347,1.2915624472503515,-0.16341377045082933,-0.16235832068546335,-0.1012759558270752,0.0169508472798913,3.790775251482657,3.794517892488692
calg,0.3674999999999999,0.3472412892942318,1.2914717321766545,-0.18143014739440091,-0.1803248186613993,-0.1012665329461677,0.0188457618151128,3.789829070443007,3.792925361913698
calg,0.3679999999999999,0.34788697526397594,1.2913719394882388,-0.19958537683141545,-0.19820379562194348,-0.10125616066711221,0.0207445581108665,3.797592591507531,3.7910056595646453
calg,0.3684999999999999,0.348532606784872,1.291263041792147,-0.21779539218429775,-0.21599103802674535,-0.101244836275606,0.0226487830123642,3.8084498029952787,3.7887519894346413
calg,0.3689999999999999,0.34917817935795054,1.29114514615699,-0.23579127031328107,-0.23368237694329158,-0.1012325590905984,0.0245543700152178,3.8111740057073007,3.786165327510149
calg,0.3695,0.34982368853346363,1.291018351026314,-0.253590261352124,-0.2512737148899937,-0.1012193297373737,0.026458706449415,3.8086728683944138,3.7832505139398376
calg,0.37,0.3504691299063856,1.2908827458440226,-0.2712103645829688,-0.2687610444833553,-0.1012051496223908,0.0283602299657788,3.8030470327274504,3.7800138181369567
calg,0.3705,0.35111449911243964,1.2907384121078984,-0.2886674722485853,-0.2861404616459319,-0.10119002057462531,0.0302580955311324,3.795731130707285,3.7764615445482925
calg,0.371,0.351759791824977,1.2905854250749151,-0.3059740659665465,-0.3034081753406396,-0.1011739446149713,0.0321519193079134,3.7876475535619676,3.7725993327852416
calg,0.3715,0.35240500375277556,1.290423855597007,-0.32313895581636226,-0.3206476125001793,-0.1011569238184742,0.0340415929941857,3.7793473725445494,3.7702172549433017
calg,0.372,0.35305013063866614,1.2902537717811544,-0.3401676317051663,-0.3378521580600893,-0.1011389602401726,0.0359271566032526,3.771127218133767,3.769029973392937
calg,0.3725,0.35369516825883035,1.290075240328413,-0.35706290548259667,-0.3549877297363751,-0.1011200558819892,0.0378087163668751,3.7631195272451343,3.7682398907652788
calg,0.373,0.35434011242258756,1.2898883275143054,-0.37382562821538895,-0.3720292562333708,-0.1011002126842578,0.0396863954627188,3.755358191687389,3.767332827612771
calg,0.3735,0.3549849589725059,1.2896930998368152,-0.3904553549802467,-0.388948646301045,-0.1010794325306012,0.0415603073131436,3.747823700849537,3.765582306144643
calg,0.374,0.35562970378470066,1.2894896243894702,-0.4069508946900789,-0.40572708968910537,-0.10105771725884781,0.0434305435068359,3.740472387384596,3.76267129088039
calg,0.3745,0.3562743427692138,1.2892779690263645,-0.4233107262119076,-0.4223622970397828,-0.1010350686735772,0.0452971705412731,3.733254068874416,3.758909379583748
calg,0.375,0.35691887187040494,1.289058202382336,-0.43953328805636055,-0.43885361076152174,-0.1010114885578862,0.0471602313820283,3.726121681510442,3.754523246950196
calg,0.3755,0.35756328706730567,1.2888303938013226,-0.45561716202689345,-0.45520101659798556,-0.1009869786832686,0.0490197492351026,3.7190357061486203,3.7496698916539932
calg,0.376,0.3582075843739124,1.288594613213589,-0.4715611754671701,-0.47140456859056523,-0.10096154081729211,0.0508757319530928,3.711965435980364,3.744451970338202
calg,0.3765,0.3588517593821464,1.2883500164678847,-0.48919349140821694,-0.4874641040354544,-0.1009351673560345,0.0527469225150887,3.7423811239918336,3.7389322577362227
calg,0.377,0.35949580773538437,1.2880967064759463,-0.5066199838770374,-0.5033791455627585,-0.1009078522188471,0.0546302743747758,3.766703719374153,3.7331458618324973
calg,0.3775,0.36013972527342847,1.28783507608812,-0.5232607756528324,-0.5191489122062146,-0.1008795935357807,0.0565173661329267,3.7741835163018287,3.727109789204032
calg,0.378,0.3607835079859215,1.2875654249862043,-0.5393022038313097,-0.5347723846896147,-0.1008503921575281,0.0584027565050469,3.770780744240348,3.7208299893852077
calg,0.3785,0.36142715197527253,1.287287978702078,-0.5548925682525733,-0.5502483895522214,-0.1008202505713654,0.0602831723253853,3.7608316406768427,3.714306257904705
calg,0.379,0.36207065342894773,1.2870029073504112,-0.5701427033335658,-0.5655756814363395,-0.1007891721555821,0.0621568315666083,3.7473184824459764,3.707535455499178
calg,0.3795,0.3627140085999667,1.2867103420380726,-0.5851306246775049,-0.5807530131667474,-0.1007571606963317,0.0640229185008472,3.732173868477812,3.700513482829039
calg,0.38,0.3633572137940234,1.2864103881133182,-0.599907849508643,-0.596047857420003,-0.1007242200960605,0.0658812005423921,3.716564083089814,3.6969174998954664
calg,0.3805,0.36400026536160823,1.2861031351697438,-0.6145058871487098,-0.6113658139254062,-0.1006903542141464,0.0677317638281457,3.7011265715071957,3.6951635077694776
calg,0.381,0.36464315969367717,1.2857886641376974,-0.6289420640927591,-0.6266376858209307,-0.1006555667935366,0.0695748412196836,3.6861547830756862,3.694151958198655
calg,0.3815,0.36528589321966837,1.2854670519825429,-0.6432243103092187,-0.6418166046465108,-0.1006198614395295,0.0714107080141438,3.6717335889203984,3.6931807859068497
calg,0.382,0.36592846240695265,1.285138374568598,-0.6573548278897497,-0.6567855622958996,-0.1005832416272578,0.0732396245434269,3.6578330585663146,3.690049193174992
calg,0.3825,0.36657086376105413,1.2848027082029891,-0.671332731217742,-0.6715298790835742,-0.10054571072256291,0.0750618093898949,3.644369692935978,3.6848262176644653
calg,0.383,0.36721309382619877,1.284460130289172,-0.6851558276340017,-0.6860707013798947,-0.10050727200693521,0.0768774312554198,3.63124373104983,3.6782176408860914
calg,0.3835,0.3678551491859107,1.284110719424007,-0.6988217303301288,-0.7004255123611582,-0.10046792870134981,0.0786866111707182,3.6183598305968268,3.6707197788523778
calg,0.384,0.3684970264635015,1.2837545551817335,-0.7123284845467248,-0.7146077755735811,-0.1004276839865519,0.080489429595885,3.605636850333479,3.6626622750150015
calg,0.3845,0.36913872232237727,1.2833917177512193,-0.725674861028646,-0.728627245059868,-0.1003865410190136,0.0822859350765408,3.593010961311677,3.654250330991085
calg,0.385,0.3697802320556389,1.2830194665234542,-0.7445024555302752,-0.7424905917879867,-0.1003444836168685,0.0841148042901755,3.65773842726939,3.6456013759485706
calg,0.3855,0.37042155148630707,1.2826388613361193,-0.7612103746698274,-0.7562021211602356,-0.1003015038927617,0.0859594482136078,3.6892878468646764,3.6367743706037974
calg,0.386,0.37106267683535704,1.2822506981002029,-0.7763264718329093,-0.7697644508788922,-0.1002575997203636,0.0878083447961885,3.697793165161343,3.627791764847841
calg,0.3865,0.3717036046047895,1.2818555388648007,-0.790318470804352,-0.783179084775484,-0.100212772655261,0.0896541302051147,3.6915708178524618,3.618655036980285
calg,0.387,0.37234433148882135,1.281453768063778,-0.8035416020453797,-0.7964468613053276,-0.1001670264357393,0.0914924390434261,3.6766176766228273,3.609355081122764
calg,0.3875,0.3729848543101941,1.281045642745569,-0.8162506364182058,-0.8095682808000934,-0.1001203659609092,0.0933209496602527,3.657021233653083,3.5998787201009383
calg,0.388,0.3736251699770559,1.2806313337236312,-0.8286180438755606,-0.8225965176705817,-0.1000727966352281,0.0951386513622307,3.6354034039559764,3.590758985347616
calg,0.3885,0.3742652754556091,1.2802109571064124,-0.840753234437845,-0.8359385019200426,-0.1000243239781366,0.0969453141829969,3.6133256415323594,3.5861441065169455
calg,0.389,0.37490516775413846,1.2797845970585555,-0.8527200957134542,-0.8494267208786916,-0.0999749534150301,0.0987411262130428,3.59162406009194,3.584001730856662
calg,0.3895,0.37554484391477716,1.279352321277283,-0.8645515625455894,-0.8629442119308915,-0.0999246901850091,0.1005264600420147,3.5706676579437318,3.582954914787627
calg,0.39,0.37618430101018924,1.2789141908242991,-0.8762609059679995,-0.8764140765689528,-0.0998735393185349,0.1023017329483072,3.5505458125850176,3.582126636135062
calg,0.3905,0.3768235361431098,1.2784702658411362,-0.8878499663258695,-0.889520608763853,-0.099821505652818,0.104067331433732,3.5311969708495727,3.577318435944114
calg,0.391,0.3774625464473275,1.278020608435516,-0.8993148112404986,-0.9023310856016344,-0.0997685938641385,0.105823577359048,3.512491850632106,3.569838282320576
calg,0.3915,0.37810132908920135,1.2775652837475553,-0.9106493759211852,-0.914901637253091,-0.0997148085045845,0.1075707191079766,3.4942834978570225,3.5606670205786526
calg,0.392,0.37873988126917074,1.2771043599388374,-0.9218476174359328,-0.9272748156979675,-0.0996601540364016,0.1093089363659328,3.476434515912448,3.550481701648296
calg,0.3925,0.37937820022298097,1.2766379076201977,-0.9329046372798332,-0.9394811969520682,-0.0996046348608493,0.1110383511044868,3.4588294771079706,3.539722901276361
calg,0.393,0.38001628294536466,1.2761654447674484,-0.9449257054979959,-0.9515416559201338,-0.0995482524714813,0.1127647787360449,3.4528552631162075,3.5286579401349507
calg,0.3935,0.38065412433337414,1.275682776019012,-0.9653374968726823,-0.9634697206400638,-0.0994909864992944,0.1145319443738477,3.534331275605762,3.517434149559913
calg,0.394,0.38129172020280155,1.275191738854781,-0.9820743284617562,-0.9752736852348611,-0.099432827184622,0.1163186293447132,3.573369941730874,3.5061205004064004
calg,0.3945,0.3819290670232797,1.2746936409564598,-0.9961957966429242,-0.9869583426240007,-0.0993737719565214,0.1181104562011551,3.5836537128837325,3.494738209005827
calg,0.395,0.3825661617082534,1.2741893699472455,-1.0085420184279303,-0.9985263100558852,-0.0993138228241435,0.119898264755959,3.575617109607819,3.4832820054943
calg,0.3955,0.38320300145831915,1.273679500131434,-1.0197396316231773,-1.0099789824066465,-0.09925298450020971,0.1216766478675887,3.556766223259487,3.4717340746557013
calg,0.396,0.38383958365078774,1.2731643849373024,-1.0302303882632418,-1.0213171763234226,-0.09919126312512071,0.1234427501779739,3.5322046207703597,3.4600725904812517
calg,0.3965,0.38447590576624224,1.2726442309090458,-1.0403080565135017,-1.0326340244191026,-0.0991286654508645,0.1251953485122644,3.5051966685809504,3.449046500262718
calg,0.397,0.3851119653428922,1.2721191532999725,-1.0501552181467557,-1.0445208728388111,-0.09906519835682831,0.1269341880724219,3.477679120314976,3.443503885714976
calg,0.3975,0.38574775995064015,1.2715892154957815,-1.05987560838149,-1.0567242833485218,-0.09900086859207491,0.128659529506828,3.450682868812203,3.4410423594636645
calg,0.398,0.3863832871783193,1.271054455358408,-1.0695202747475878,-1.0690686356519126,-0.0989356826630591,0.1303718580316697,3.4246570496834607,3.44003240951745
calg,0.3985,0.38701854462914775,1.2705149016569113,-1.0791074029940877,-1.0813866779867265,-0.0988696468080928,0.1320717099326098,3.3997038018801877,3.43888818743905
calg,0.399,0.38765352992085345,1.2699705834114468,-1.0886364909285906,-1.0932026547573337,-0.09880276701837411,0.1337595794372641,3.3757390093085906,3.4328353042724586
calg,0.3995,0.38828824068808393,1.269421534461004,-1.0980979008853853,-1.1046469476518146,-0.0987350490796703,0.1354358774076041,3.352595940679901,3.4235716641100025
calg,0.4,0.3889226745855948,1.2688677950216964,-1.107478878615165,-1.1158203069839272,-0.09866649861912051,0.1371009210997049,3.3300873842016685,3.4123275314390367
calg,0.4005,0.3895568292913493,1.2683094115090294,-1.1167670253339887,-1.1267962890948786,-0.09859712114875441,0.1387549407321921,3.3080392649744397,3.3999455753473504
calg,0.401,0.39019070250909427,1.2677464354897403,-1.125952038578167,-1.137625782579823,-0.0985269221019375,0.1403980936337851,3.286305803186128,3.386969350017086
calg,0.4015,0.39082429148468373,1.2671779511791157,-1.136968621249775,-1.1483420721989945,-0.09845590281913161,0.1420385656118066,3.280943956042897,3.3737249282165545
calg,0.402,0.39145759039197514,1.266597814582748,-1.1602731927350654,-1.1589655712827154,-0.0983840390641776,0.1437275099079838,3.3778885923544326,3.3603889038123107
calg,0.4025,0.39209059476945696,1.266008754963678,-1.1781192381398569,-1.1695078121950349,-0.09831131912360751,0.1454398811403013,3.4247424646349263,3.347041076480127
calg,0.403,0.39272330111292986,1.2654126869458526,-1.1921360356510424,-1.179974571833022,-0.0982377397779052,0.14715869140442,3.4376205282374563,3.333702890899762
calg,0.4035,0.39335570655525415,1.2648108846485882,-1.2036045945290896,-1.190368078126673,-0.09816330322555321,0.1488731047041549,3.4288265994698026,3.3203632657193185
calg,0.404,0.39398780862932614,1.2642041481440605,-1.21347300905543,-1.2006885779267795,-0.0980880148680188,0.1505767150687086,3.4072207291073546,3.3069956449873663
calg,0.4045,0.39461960510227834,1.2635929459044375,-1.2224044792458548,-1.210935814803563,-0.0980118818021099,0.1522661318178683,3.3788334983192883,3.293571608765041
calg,0.405,0.39525109386614493,1.2629775277331288,-1.2308363426172901,-1.2211366178244265,-0.0979349118544693,0.153939895281265,3.347526926793451,3.2802547434642175
calg,0.4055,0.39588227287060074,1.26235800891175,-1.2390376427579077,-1.2322178623538884,-0.0978571130078207,0.1555976932971062,3.3155960316824,3.273479696467148
calg,0.406,0.39651314008530797,1.2617344294143464,-1.2471589948070112,-1.2438234521170028,-0.0977784930947993,0.1572398260427682,3.284265491323943,3.2704744379415267
calg,0.4065,0.39714369348189754,1.2611067931792137,-1.2552724702658418,-1.2557060581639088,-0.0976990596638372,0.1588668619242478,3.2540717629591995,3.2693470563878657
calg,0.407,0.3977739310281028,1.2604750924105776,-1.263401537271639,-1.2676114302840389,-0.097618819947836,0.1604794320022937,3.2251401560918342,3.2681122080396685
calg,0.4075,0.39840385068873885,1.259839321271925,-1.2715422773054632,-1.2788504840859873,-0.09753778088814831,0.1620781193754632,3.1973747463391184,3.2611786914293797
calg,0.408,0.3990334504299846,1.2591994824915351,-1.2796775607792237,-1.2896233517743643,-0.0974559491832177,0.1636634098612755,3.170580971624533,3.250545354648901
calg,0.4085,0.3996627282252536,1.2585555905380783,-1.2877839069142565,-1.3000816997475146,-0.09737333134705681,0.1652356723217226,3.1445249208941437,3.237658455764343
calg,0.409,0.40029168206104804,1.25790767158868,-1.2958378987963293,-1.3103341148925232,-0.0972899337649543,0.1667951642049772,3.118983766509203,3.223507176032814
calg,0.4095,0.40092030993972605,1.2572557573560097,-1.303828465341041,-1.3204540748397267,-0.0972057627242897,0.168342081329297,3.093834248639748,3.2087285255796294
calg,0.41,0.40154860973971296,1.256599599973848,-1.3123147643235225,-1.3304882817858341,-0.09712082344818271,0.1698785522139784,3.0729417693626147,3.19370382518978
calg,0.4105,0.40217657449344646,1.255929507466981,-1.340185013733861,-1.3404641737188894,-0.0970350872192264,0.17147245791261,3.1878113972632143,3.17863891154148
calg,0.411,0.40280419912607734,1.2552492652618013,-1.3604844103593907,-1.350396102929179,-0.0969485397580611,0.1730949223305782,3.2449288359363866,3.163626175966668
calg,0.4115,0.40343147988701683,1.2545615218790196,-1.3754867655631955,-1.3602900812838223,-0.0968611766391982,0.1747262377258578,3.2626307905592533,3.1486897638593696
calg,0.412,0.40405841390259734,1.2538680311611334,-1.3869814357725054,-1.3701472145059912,-0.09677299976730011,0.1763537437962232,3.2550121407307433,3.1338167040750884
calg,0.4125,0.4046849988448473,1.2531698844998451,-1.396293322575982,-1.3799660473113737,-0.0966840148242161,0.1779698861679924,3.232284743538372,3.1189771122152443
calg,0.413,0.40531123269973235,1.2524677097700474,-1.40434945959577,-1.3897440654783524,-0.09659422952053401,0.1795706073641148,3.201442392244873,3.1041364058181555
calg,0.4135,0.40593711361428153,1.2517618290985038,-1.4117613430872022,-1.3994785834595784,-0.096503652467939,0.1811541051899457,3.166995651661738,3.089261999064417
calg,0.414,0.4065626398025026,1.2510523764422166,-1.418905312574268,-1.4100649763036932,-0.0964122925029128,0.1827199300524995,3.1316497251076942,3.0797394435024805
calg,0.4145,0.40718780949268174,1.2503393803582432,-1.4259921679467038,-1.421478363229219,-0.0963201583206191,0.1842683645872948,3.0968690695904755,3.075214633944087
calg,0.415,0.40781262090215464,1.2496228189456862,-1.4331228251141142,-1.4333648047228575,-0.0962272583096279,0.185800021982361,3.0633147901324627,3.073375843062001
calg,0.4155,0.40843707222910913,1.2489026539090804,-1.4403300732114495,-1.4454608661570099,-0.0961336005077017,0.1873156038524506,3.0311637401791405,3.0725146356123525
calg,0.416,0.4090611616540246,1.2481788498309934,-1.4476081561739917,-1.456691816532906,-0.09603919262362931,0.1888157681447562,3.0003285846113563,3.065242330067561
calg,0.4164999999999999,0.40968488734580516,1.247451383560866,-1.4549325402545168,-1.467329125529903,-0.0959440420893477,0.1903010685632916,2.9706008370706662,3.0537916408464723
calg,0.4169999999999999,0.41030824746951855,1.2467202474269004,-1.4622722679313895,-1.4775780063621542,-0.0958481561206892,0.1917719373170362,2.9417375074892895,3.039789999759308
calg,0.4174999999999999,0.4109312401939754,1.245985448913808,-1.4695970261846716,-1.4875848695217353,-0.0957515417748489,0.1932286916805538,2.9135087270351185,3.024358799647488
calg,0.4179999999999999,0.41155386369826763,1.245247008584402,-1.4768806588120158,-1.4974482759456467,-0.0956542059990306,0.1946715516365539,2.8857199120002566,3.008226290539716
calg,0.4184999999999999,0.41217611617695027,1.2445049573652096,-1.4841024383849735,-1.507230347113077,-0.0955561556686049,0.1961006608514519,2.85821842979602,2.991833181333421
calg,0.4189999999999999,0.4127979911310937,1.2437499082868892,-1.510098156640663,-1.516967019903254,-0.09545736920036571,0.1975729364784986,2.944551254093472,2.9754213885718537
calg,0.4194999999999999,0.413419482205481,1.242982148774773,-1.5355190242323709,-1.5266764624208358,-0.095357826741435,0.1990849178613901,3.0239627657829438,2.9591032619510536
calg,0.4199999999999999,0.41404058491893436,1.242205426906419,-1.5534437367074487,-1.5363655252886614,-0.0952575204775942,0.2006125276814481,3.0552196401159453,2.942912393448169
calg,0.4204999999999999,0.41466129604937396,1.2414222608791987,-1.5663320544407267,-1.5460344036937503,-0.0951564504996503,0.2021399558879081,3.054856412919989,2.926838866524141
calg,0.4209999999999999,0.41528161317107054,1.240634243393385,-1.5760349716276718,-1.5556798178799642,-0.0950546217484611,0.2036575023783194,3.0350929808225935,2.9108523192579603
calg,0.4214999999999999,0.41590153432579247,1.2398423094437367,-1.5838678992963287,-1.5652970499099568,-0.0949520418811814,0.2051597345594661,3.004464362293522,2.8949160319179774
calg,0.4219999999999999,0.41652105780219856,1.2390469528122166,-1.590713263040475,-1.5748811486929442,-0.0948487198648197,0.2066440327233306,2.96859632772882,2.8789947662946433
calg,0.4224999999999999,0.41714018199721414,1.2382483900311547,-1.597125562123704,-1.584841583437158,-0.0947446651092235,0.2081095111925218,2.930956938382515,2.865263835099483
calg,0.4229999999999999,0.41775890533601534,1.2374466776024156,-1.6034248574781238,-1.5960354426132508,-0.09463988697811411,0.2095562622186594,2.89350205227516,2.858211100188067
calg,0.4234999999999999,0.418377226231578,1.2366417911253595,-1.6097729541118044,-1.6079659997266964,-0.0945343945502301,0.2109848557681157,2.8571870989126715,2.85499104312312
calg,0.4239999999999999,0.41899514306927277,1.2358336753895192,-1.616231471680928,-1.6202933811585785,-0.09442819653534511,0.2123960297699502,2.8223480036688215,2.8536840126109833
calg,0.4244999999999999,0.41961265420606614,1.2350222735867975,-1.622803605443479,-1.6319010126150202,-0.0943213012781936,0.2137905143029856,2.7889690660709014,2.847660992264094
calg,0.4249999999999999,0.42022975797723755,1.234207542342712,-1.6294624881710416,-1.6426811253903115,-0.0942137168058344,0.2151689447185005,2.7568608310298917,2.8365431750765153
calg,0.4254999999999999,0.42084645270609095,1.2333894577069011,-1.6361692716209844,-1.652915611657735,-0.0941054508907939,0.2165318300808645,2.725770724727873,2.8222538532968233
calg,0.4259999999999999,0.42146273671400164,1.2325680158213403,-1.642883771121939,-1.6628080635411384,-0.0939965111141916,0.2178795532046591,2.695446247589354,2.8061445841358728
calg,0.4264999999999999,0.42207860832940514,1.2317432308069385,-1.6495700288038366,-1.6724972249146886,-0.0938869049209516,0.219212386479895,2.6656665504717143,2.7891122150885286
calg,0.4269999999999999,0.42269406589515507,1.23091513149959,-1.6561986146972485,-1.6820717575981285,-0.09377663966414701,0.2205305136093853,2.6362542589806512,2.7717142500376335
calg,0.4274999999999999,0.42330910560055535,1.23007941080081,-1.6714413975598845,-1.6915838726211776,-0.0936657110603542,0.2218572075855808,2.653387952390929,2.754268957553459
calg,0.4279999999999999,0.42392371913893856,1.2292270767663689,-1.7046680688826197,-1.7010607174619294,-0.0935540911062379,0.2232399082325285,2.7654012938953816,2.736935332332836
calg,0.4284999999999999,0.42453790082173226,1.2283633655872714,-1.727422358194372,-1.7105132287964107,-0.0934417666274432,0.2246489575893467,2.8180987136363544,2.719772985680158
calg,0.4289999999999999,0.42515164676016376,1.2274918768630445,-1.7429774484544964,-1.7199426128992708,-0.0933287344559513,0.2260643429838672,2.8307707890411606,2.702784513230611
calg,0.4294999999999999,0.42576495423399097,1.2266149476544312,-1.7538584172259437,-1.7293448265041855,-0.09321499776750271,0.2274733768972717,2.8180678268087966,2.685943805139065
calg,0.4299999999999999,0.4263778212324699,1.2257339969581744,-1.7619013925134823,-1.7387134925885992,-0.0931005634569028,0.2288686211996935,2.790488604843789,2.6692137890418075
calg,0.4304999999999999,0.4269902461389619,1.2248498129840129,-1.7683679483233383,-1.7480416637173863,-0.09298544036033231,0.2302461931410647,2.755143882742411,2.6525566719732776
calg,0.4309999999999999,0.42760222752706795,1.2239627762120169,-1.774073543992208,-1.7573227839636014,-0.09286963812332161,0.2316044740213348,2.716561760540028,2.63593915206961
calg,0.4314999999999999,0.42821376403833383,1.2230730225317803,-1.779507360472218,-1.7675597051238252,-0.09275316653300321,0.2329431806367489,2.6774132308283605,2.6241587189447033
calg,0.432,0.42882485431632833,1.2221805559889565,-1.7849330856485717,-1.7789713952074182,-0.0926360351659108,0.2342627341848613,2.6391070962247287,2.6181311996743175
calg,0.4325,0.42943549697740324,1.221285322149694,-1.7904676785245064,-1.7910576743564068,-0.092518253237522,0.2355638567776419,2.602245185561161,2.6153186313357626
calg,0.433,0.43004569060365216,1.2203872524978043,-1.7961393037794897,-1.8030689775954913,-0.092399829571431,0.2368473321820166,2.5669508087494215,2.611835251082355
calg,0.4335,0.43065543374800214,1.2194862887000533,-1.8019275955022298,-1.8139330687049073,-0.0922807726321468,0.2381138785683011,2.5330927725689207,2.6021281510218577
calg,0.434,0.43126472494484713,1.2185823936899174,-1.8077900202718613,-1.8240208187100753,-0.0921610905855683,0.2393640931570372,2.5004291774722027,2.588433860650459
calg,0.4345,0.43187356272220273,1.2176755547112252,-1.813677957384147,-1.833606506541371,-0.09204079136570631,0.2405984397239104,2.468693133746358,2.5723674287997755
calg,0.435,0.43248194561316006,1.2167657819146172,-1.8195455932161606,-1.8428815906464706,-0.0919198827361624,0.2418172590879246,2.437638728028478,2.555031425573066
calg,0.4355,0.43308987216559697,1.2158531048736794,-1.8253540818755785,-1.8519718532907121,-0.0917983723412753,0.24302078977422,2.4070613725907783,2.537134522109461
calg,0.436,0.43369734094983453,1.2149375684752837,-1.8310727967915001,-1.8609541562344587,-0.0916762677456865,0.2442091911775954,2.3768028067508453,2.5191000268513735
calg,0.4365,0.43430434526929323,1.2140086389175404,-1.8578591154866302,-1.869870944596404,-0.09155355113580971,0.2454332197535786,2.448057151966312,2.501155827019578
calg,0.437,0.43491087728487193,1.2130640311572607,-1.8892155205592902,-1.8787414829995486,-0.09143019975377151,0.2467027640764754,2.539088645793612,2.48340223372768
calg,0.4375,0.43551693179783135,1.2121090259188476,-1.9100104768260184,-1.8875695433413504,-0.0913062040741523,0.2479913592384109,2.5771903238709957,2.465858023016238
calg,0.438,0.43612250539109937,1.2111471865360572,-1.9236787655806535,-1.896353309426401,-0.0911815633352914,0.2492814777219456,2.580236967069375,2.448512156729523
calg,0.4385,0.43672759578087184,1.2101807795449673,-1.932813982180358,-1.9050868167421893,-0.0910562822083822,0.250562253818258,2.561552192624939,2.4313340136786157
calg,0.439,0.43733220135436723,1.2092111469908156,-1.9392651083028978,-1.9137625638294062,-0.0909303684518192,0.2518275131261765,2.5305186158369786,2.414287175132115
calg,0.4395,0.4379363208586394,1.2082390085443595,-1.9442768929117091,-1.9223730265075993,-0.090803831351326,0.2530742009862649,2.493375720176809,2.3973370408411374
calg,0.44,0.43853995320411576,1.2072646909526432,-1.9486351834330347,-1.9309114301556025,-0.0906766807478931,0.2543012068657889,2.454011759047896,2.380454408841758
calg,0.4405,0.43914309735036505,1.206288292498622,-1.9527969080425585,-1.940642928923581,-0.0905489264810522,0.255508533681843,2.414653632108079,2.3691509012337386
calg,0.441,0.4397457522475368,1.205309794343551,-1.9569963101420136,-1.9515604596527978,-0.0904205781093407,0.2566967434230043,2.376419482322575,2.3632635156215165
calg,0.4415,0.44034791681318364,1.2043291312937543,-1.961326099593051,-1.9631409084019136,-0.09029164480423821,0.2578666102050404,2.3397335640723202,2.3603930146377867
calg,0.442,0.44094958993166383,1.2033462369602852,-1.9657886669382603,-1.974027544034688,-0.09016213535219271,0.2590189040908897,2.3045877716985146,2.3541364449921747
calg,0.4425,0.44155077046955576,1.202361075783872,-1.9703223528264069,-1.9837795231930164,-0.09003205823047951,0.2601542434265319,2.270678671284445,2.3425870342778325
calg,0.443,0.44215145727575617,1.2013736124007168,-1.9749267663105698,-1.9927687692811276,-0.0899014216132678,0.261273234423302,2.2379819935401404,2.327723226879095
calg,0.4435,0.4427516491962171,1.2003838409220111,-1.979542957411045,-2.001265262727484,-0.089770233443605,0.2623763393256421,2.2062098046803644,2.310951895099591
calg,0.444,0.44335134508710705,1.1993917817798443,-1.984118284333781,-2.0094540454286967,-0.08963850149665141,0.2634638939071883,2.1751091630924098,2.293218437690583
calg,0.4445,0.4439505438255628,1.1983974769115875,-1.9886097365139237,-2.0174542810660996,-0.0895062334306085,0.2645361320858692,2.1444763573616683,2.275119525986965
calg,0.445,0.44454924431791015,1.1974009846945914,-1.9929844339922127,-2.0253370140449953,-0.0893734368251001,0.2655932110167489,2.1141578617594057,2.2570030719145286
calg,0.4455,0.4451474388334906,1.1963890311609195,-2.023907067343709,-2.033140085571279,-0.08924009015332471,0.2666933435508789,2.2002650682600535,2.239049305921101
calg,0.446,0.44574511969351427,1.195361720047325,-2.054622227189127,-2.04087977536526,-0.08910617262498051,0.267835056688246,2.283426274734122,2.221332272444273
calg,0.4465,0.4463422819879828,1.1943245889370635,-2.074262220522933,-2.0485593531895625,-0.08897167596606491,0.2689933178312922,2.3165222860925176,2.2038638461198907
calg,0.447,0.44693892266283547,1.193281349705176,-2.086478463774895,-2.056175013681407,-0.08883660013985191,0.2701516524259964,2.3166691894084614,2.186623506145623
calg,0.4475,0.44753503983591736,1.192234346163734,-2.09400708288419,-2.063720102047583,-0.0887009501758837,0.2712999279363926,2.29655102079243,2.16957882112521
calg,0.448,0.44813063231283806,1.1911849538413957,-2.098784644676348,-2.071188466867769,-0.0885647339493234,0.2724324531206414,2.265050368497498,2.1527010027421922
calg,0.4485,0.4487256992634767,1.1901339012774186,-2.1021051279541436,-2.0785719992216167,-0.0884279607130131,0.2735464726204913,2.2280389996997982,2.1359537126994237
calg,0.449,0.44932024001951076,1.1890815120679656,-2.1047784189058216,-2.0858638995790098,-0.0882906401893061,0.2746410474140091,2.189149587035761,2.1193077605757766
calg,0.4495,0.44991425395803053,1.1880278770396215,-2.1072700566883587,-2.0940562032108265,-0.08815278205523161,0.2757162681490397,2.15044147006102,2.1067401613853565
calg,0.45,0.4505077404429789,1.1869729698968874,-2.109814285468524,-2.103613926439229,-0.0880143956886109,0.2767727332413675,2.1129301846556316,2.1000264800641615
calg,0.4505,0.451100698803006,1.1859167200541447,-2.1124996854849827,-2.1139436767500848,-0.08787549007632191,0.2778112245779604,2.0769826731859204,2.096665642257132
calg,0.451,0.45169312833043473,1.1848590548572868,-2.115330393716163,-2.1233759366033675,-0.0877360738150507,0.2788325225425078,2.0425959290946842,2.0894581586604994
calg,0.4515,0.45228502829100226,1.1837999211350607,-2.118267444452372,-2.131661845926508,-0.0875961551581471,0.2798373138072631,2.0095825295105563,2.077511659535273
calg,0.452,0.45287639793782725,1.1827392936500998,-2.121254969921782,-2.1391748257104197,-0.0874557420796373,0.2808261570195694,1.9776864246127008,2.06261848290451
calg,0.4525,0.45346723652577164,1.1816771758887858,-2.1242355226279495,-2.1461851651251833,-0.08731484233878091,0.2817994817127044,1.9466493862698417,2.0460508348497504
calg,0.453,0.45405754332421255,1.1806135968817606,-2.127158014050324,-2.1528777122976597,-0.0871734635368033,0.2827576039553249,1.9162444852410694,2.0286619779150823
calg,0.4535,0.45464731762741706,1.1795486064088898,-2.129980945741359,-2.1593713546303253,-0.0870316131625999,0.2837007484066459,1.8862889026419953,2.0109892017303164
calg,0.454,0.4552365587624052,1.1784822699764317,-2.1326728649163087,-2.165737003978888,-0.0868892986271941,0.2846290708116878,1.8566448100837825,1.9933448057828076
calg,0.4545,0.45582526085822833,1.1774041916461306,-2.1561566606019276,-2.1720126092676697,-0.0867465062943932,0.2855846656017346,1.911189580093584,1.9758897110607017
calg,0.455,0.45641341562357024,1.1763095306839757,-2.189321924310382,-2.1782148156118475,-0.0866032130893299,0.2865864101265429,2.0034890496165705,1.95868918243425
calg,0.4555,0.4570010179116146,1.175204576088715,-2.209909190520183,-2.1843474907074274,-0.08645940898919971,0.2876082002604488,2.043580267811784,1.9417526403004288
calg,0.456,0.457588064703528,1.174093583826584,-2.2219845242626417,-2.1904076163554387,-0.08631509266209131,0.2886326542168141,2.0489079127307654,1.9250605403605405
calg,0.4565,0.45817455433886056,1.1729792706650966,-2.228626322975084,-2.196389121751789,-0.08617026819753461,0.2896489291133663,2.0325497931043692,1.9085814278946156
calg,0.457,0.458760485965494,1.171863253267104,-2.2320347959850726,-2.2022852038823877,-0.08602494279158371,0.2906508119017896,2.0037655768465115,1.8922819480873114
calg,0.4575,0.45934585916822973,1.1707464054713617,-2.233695591484933,-2.2080895972632195,-0.08587912519848781,0.2916351861919189,1.9687485802585005,1.876132083676098
calg,0.458,0.4599306737333221,1.1696291301846085,-2.23455057350619,-2.213798489902582,-0.0857328247591355,0.2926008787045011,1.9313850251643956,1.8601124077098734
calg,0.4585,0.46051492951063094,1.1685115546177771,-2.2351511336623253,-2.2195477802754056,-0.0855860508392661,0.2935478397388098,1.8939220686174174,1.8447248883267133
calg,0.459,0.4610986263419987,1.1673936627356405,-2.235783764273956,-2.227027945192826,-0.0854388125427255,0.2944765930812108,1.8575066848021127,1.8362541506013577
calg,0.4595,0.46168176403183414,1.1662753796706553,-2.236566129970243,-2.235529307031593,-0.0852911185980354,0.2953878893801466,1.8225925978715338,1.8319179914982946
calg,0.46,0.46226434234257197,1.165156621475697,-2.2375163899160957,-2.243566786963862,-0.0851429773457531,0.2962825045645994,1.7892303689055389,1.8258186774501493
calg,0.4605,0.4628463610031942,1.164037321244459,-2.238600462475704,-2.2503558780837434,-0.0849943967777709,0.297161135964522,1.7572627998453871,1.8149455942954897
calg,0.461,0.46342781972323543,1.1629174400824125,-2.2397623240932134,-2.2562974550269463,-0.084845384597645,0.2980243602517462,1.7264485744482592,1.8010622147299995
calg,0.4615,0.46400871820777484,1.1617969690788927,-2.240942007039529,-2.261685452673426,-0.0846959482838773,0.2988726275354013,1.6965345673102679,1.7854372701851045
calg,0.462,0.464589056171022,1.1606759264942952,-2.2420851691949424,-2.266723677179468,-0.0845460951467462,0.2997062742621799,1.667293453557173,1.7689336209873325
calg,0.4625,0.46516883334746134,1.1595543528788357,-2.2431472309192504,-2.2715426504266287,-0.0843958323747971,0.3005255438981685,1.638539271977212,1.7520933718301241
calg,0.463,0.4657480494933337,1.1584322917448082,-2.244122268054563,-2.276224087020946,-0.0842451670438003,0.3013306619936581,1.6102361909791263,1.7352457306096127
calg,0.4635,0.4663267036659282,1.1573083451888684,-2.247893111879612,-2.2808143689181364,-0.0840941034361589,0.3021272152827554,1.593106578194707,1.7185695586600114
calg,0.464,0.46690478607242036,1.156164812984365,-2.2870644090071868,-2.285335885085894,-0.083942612727665,0.3029814169879602,1.7084034104095274,1.7021440675693034
calg,0.4645,0.46748229067854663,1.1550092122525994,-2.3112014635304186,-2.289796328146092,-0.0837906806228037,0.3038642097224199,1.7655854689194577,1.685988827541642
calg,0.465,0.4680592140487382,1.1538467403830095,-2.324943739179579,-2.294195206945592,-0.08363830274194631,0.3047557617149612,1.783103985082528,1.670091219589001
calg,0.4655,0.46863555444572025,1.1526807939640955,-2.331892837827887,-2.2985281492858856,-0.0834854810725129,0.3056433388666455,1.7751543033687227,1.6544241785539358
calg,0.466,0.46921131117212567,1.151513452810932,-2.3346823063274424,-2.302789557687975,-0.0833322213957554,0.3065193535151138,1.7520292969364846,1.638956864266633
calg,0.4665,0.46978648411541246,1.1503458865735128,-2.3351324748387094,-2.3069741058051325,-0.08317853152297851,0.3073797455537578,1.7207840772879734,1.6236604635479068
calg,0.467,0.47036107345143985,1.1491786720547117,-2.33442903760197,-2.311077464832589,-0.08302442015691161,0.3082227321337333,1.6859731599511552,1.6085108330147535
calg,0.4675,0.47093507947915864,1.148012055437624,-2.3332332341754536,-2.3150965515390105,-0.08286989626075861,0.3090477923060059,1.6501203445451402,1.593489232467767
calg,0.468,0.4715085025054374,1.1468460525576412,-2.3320057599656,-2.3194644254897443,-0.082714968627577,0.3098552663633198,1.6149481146277616,1.5800996215712515
calg,0.4685,0.47208134279509295,1.1456805793109677,-2.330946493347185,-2.3254743568832543,-0.0825596456980418,0.3106458590704312,1.5811854142227695,1.572821304216356
calg,0.469,0.4726536005590052,1.144515527824375,-2.3301029731852294,-2.3323066884291004,-0.0824039355218176,0.3114203524482875,1.5489867557125443,1.5686448810967146
calg,0.4695,0.47322527595965014,1.143350801290106,-2.3294530685381156,-2.3378053063030158,-0.0822478457839324,0.3121794757703981,1.5182466442212217,1.5595863978024245
calg,0.47,0.47379636912464906,1.142186329997726,-2.3289425847597456,-2.3423819847545597,-0.0820913838603395,0.3129238471858311,1.4887428308660766,1.5473453185439685
calg,0.4705,0.47436688016260314,1.1410220759081948,-2.3285081790622604,-2.3463481143001013,-0.08193455688111981,0.3136539584394157,1.4602225071691652,1.5331815615628355
calg,0.471,0.47493680917804754,1.1398580308887347,-2.3280900389195858,-2.3499262101958736,-0.08177737178960011,0.3143701830393217,1.4324491998120283,1.5179778056532052
calg,0.4715,0.47550615628403325,1.1386942119714585,-2.3276378345535114,-2.3532667074629154,-0.0816198353920406,0.3150727951189992,1.4052241593550185,1.502317809352218
calg,0.472,0.47607492161188236,1.1375306556981502,-2.327112546616115,-2.3564653462145944,-0.08146195439639961,0.3157619912820562,1.3783923261140458,1.486562938285176
calg,0.4725,0.47664310531823384,1.1363674127031351,-2.3264859900297945,-2.3595787048889045,-0.08130373544079811,0.3164379112030915,1.3518398420704543,1.47091822581219
calg,0.473,0.47721070530643944,1.1351999764111933,-2.334872583884668,-2.362639654338539,-0.0811451771458357,0.3171165899246666,1.357357443150386,1.4554950023435267
calg,0.4735,0.47777771271193825,1.134014810997534,-2.370330827318271,-2.365661167970156,-0.08098625450299181,0.3178452856879298,1.457391526526317,1.44032871118599
calg,0.474,0.47834412227441847,1.1328191249603627,-2.3913720743423803,-2.368645615781042,-0.0808269555097246,0.3185979865342709,1.5054016926822413,1.4254152838886864
calg,0.4745,0.47890993120305253,1.131617857268183,-2.402535384359417,-2.371590595515685,-0.0806672769726422,0.3193570741648856,1.518175261229441,1.4107336267680577
calg,0.475,0.4794751383037589,1.1304142014126766,-2.4073117110128326,-2.3744918603639933,-0.0805072213048586,0.3201113355671316,1.508522804491875,1.3962567765266354
calg,0.4755,0.48003974334635025,1.1292100851828586,-2.408232459635946,-2.377345024092401,-0.0803467942208029,0.3208541681113709,1.4856650884787364,1.3819582074750731
calg,0.476,0.4806037466307288,1.1280065687570393,-2.4070328516391135,-2.3801464387333144,-0.0801860031678899,0.3215821058260042,1.4558754292664862,1.367814926764014
calg,0.4765,0.4811671487069201,1.1268041523825714,-2.4048327489353185,-2.3828935464266006,-0.0800248563226333,0.322293690513312,1.4231693746157568,1.3538085772912811
calg,0.477,0.48172995020713927,1.1256030004382591,-2.402303888623972,-2.3855849225061214,-0.0798633619944304,0.3229886564057521,1.389931784880087,1.3399254070417688
calg,0.4775,0.482292151754966,1.124403095653378,-2.399809569762477,-2.388293686965118,-0.079701528307678,0.3236673735047613,1.3574341980184546,1.3263976257547638
calg,0.478,0.4828537539244995,1.1232043390670692,-2.39751317261778,-2.3927793844254652,-0.0795393630627627,0.3243304898306129,1.326232651703208,1.3190076568919338
calg,0.4785,0.48341475722964644,1.1220066102939543,-2.3954575462295518,-2.3978984988377583,-0.0793768737038473,0.3249787178307727,1.2964560003194912,1.3137945921141945
calg,0.479,0.48397516212981906,1.1208098003452664,-2.3936198973757947,-2.40186903662621,-0.0792140673440717,0.3256127195512624,1.2680034409793919,1.3045937328843369
calg,0.4795,0.48453496904310484,1.11961382657146,-2.391947547612735,-2.4050565638555548,-0.079050950816307,0.3262330555293521,1.2406719561793444,1.2928119792289128
calg,0.4799999999999999,0.48509417836148294,1.1184186367562838,-2.390379630352588,-2.407736196480888,-0.078887530730345,0.3268401719239277,1.2142327891513496,1.2794879447861858
calg,0.4804999999999999,0.48565279046510534,1.1172242072447556,-2.3888590230563094,-2.4101036968019605,-0.07872381352616291,0.3274344083643194,1.1884728807832659,1.2653462501613324
calg,0.4809999999999999,0.486210805734256,1.1160305383014948,-2.3873378865214443,-2.4122908867601573,-0.0785598055185777,0.3280160151704378,1.163213612236932,1.250863928033033
calg,0.4814999999999999,0.4867682245585817,1.1148376486512557,-2.385779300478594,-2.4143813282560074,-0.0783955129320272,0.3285851731008802,1.1383158608846404,1.2363345769828298
calg,0.4819999999999999,0.4873250473437243,1.1136455702851438,-2.384156732223454,-2.4164241963803117,-0.07823094192608081,0.3291420118929378,1.113677584115253,1.2219233667077827
calg,0.4824999999999999,0.4878812741297167,1.1124535719850162,-2.383996600255044,-2.4184455240852456,-0.07806609734290451,0.3296891663524813,1.094308919086945,1.2077105913444075
calg,0.4829999999999999,0.48843689574430016,1.1112432291666676,-2.4206856366970753,-2.420456729879137,-0.0779009535971043,0.3302874916004567,1.196650495951019,1.1937240519547543
calg,0.4834999999999999,0.48899190676538684,1.1100220421733962,-2.4423739865428207,-2.4224607204868955,-0.07773549788053341,0.3309114331418657,1.247883082817859,1.1799618057292438
calg,0.4839999999999999,0.4895463043584434,1.1087951861129584,-2.4537121208757626,-2.424456015941467,-0.0775697261205918,0.3315435198832154,1.2641734826993094,1.1664072552619362
calg,0.4844999999999999,0.49010008737396327,1.1075660310398787,-2.458310146158611,-2.4264376009443263,-0.0774036398644337,0.3321725123161745,1.2579848659183348,1.1530329211276007
calg,0.4849999999999999,0.49065325568756585,1.1063366272051331,-2.458807669491413,-2.428400796788487,-0.07723724401564111,0.3327916975851406,1.2383705379321768,1.1398132834414074
calg,0.4854999999999999,0.49120580974386396,1.1051081125962554,-2.4570292177553643,-2.4303439711531385,-0.0770705452800442,0.3333974711938256,1.2115472173699544,1.126733483051592
calg,0.4859999999999999,0.49175775025929985,1.1038810308718765,-2.454163448758074,-2.4322659583390176,-0.0769035511603663,0.3339882393557178,1.1815363237844458,1.113780958990743
calg,0.4864999999999999,0.49230907804170504,1.1026555648103502,-2.4509321230519703,-2.434166216638886,-0.0767362693509242,0.3345636188843239,1.1507590572122197,1.100945835613805
calg,0.4869999999999999,0.4928597938908653,1.1014316983205774,-2.447732979545714,-2.4360448266591592,-0.0765687074079923,0.3351238858637438,1.1205339588397685,1.0882207799968397
calg,0.4874999999999999,0.49340989855208306,1.1002093224353635,-2.4447517704275783,-2.4386242603069794,-0.0764008725991849,0.3356696176148684,1.091463502249212,1.077855773158414
calg,0.4879999999999999,0.49395939270207784,1.0989882999896463,-2.442044891434192,-2.4426431910969226,-0.0762327718611597,0.3362014760502863,1.0637168708357336,1.0721053465570953
calg,0.4884999999999999,0.49450827695282884,1.0977685015019565,-2.4395969753807156,-2.4457270604985237,-0.07606441181676431,0.33672008879077,1.0372254809674821,1.0631752299393509
calg,0.4889999999999999,0.49505655186389214,1.0965498221265686,-2.4373587507755525,-2.4481707299518454,-0.0758957988197588,0.3372259940110231,1.0118104405060393,1.0521575784157144
calg,0.4894999999999999,0.4956042179666599,1.0953322055353507,-2.4352331824358453,-2.4502000092421117,-0.0757269390371473,0.3377195652231022,0.9871424241583426,1.0398714034809042
calg,0.4899999999999999,0.49615127577576235,1.0941156182051806,-2.43317466034011,-2.451978180809744,-0.07555783848964451,0.3382010950054869,0.9630595647692832,1.026896728226266
calg,0.4904999999999999,0.49669772578829197,1.0929000250591754,-2.431186292010261,-2.4536170289158212,-0.0753885030528965,0.3386708734959695,0.9395569809652322,1.0136215478692256
calg,0.4909999999999999,0.497243568495633,1.0916854146821957,-2.4292207539597688,-2.4551887703812687,-0.07521893849867971,0.3391291084337222,0.9164698755054363,1.0002893175044862
calg,0.4914999999999999,0.49778880439214646,1.0904717930267862,-2.4272433108186933,-2.4567369604605407,-0.0750491505254575,0.3395759464443828,0.8936760213212374,0.9870407643919902
calg,0.4919999999999999,0.49833343398113217,1.089259177971334,-2.425230110904318,-2.458285530758799,-0.07487914477981211,0.340011491290847,0.8710896929283614,0.973947634370677
calg,0.4924999999999999,0.49887745398890804,1.0880400155519203,-2.4383248388276795,-2.4598457662109157,-0.0747089150310565,0.3404594975111012,0.8960124405083167,0.9610381863482793
calg,0.4929999999999999,0.4994208568981473,1.0868058184784983,-2.4683941468438544,-2.461421379488726,-0.0745384418948108,0.3409462724913308,0.9735499604592537,0.9483153739716621
calg,0.4934999999999999,0.49996363844566305,1.085563095031433,-2.485446894130701,-2.4630119984533345,-0.07436771647905341,0.34145083151482,1.009118046978383,0.9357690983917569
calg,0.4939999999999999,0.5005057965704174,1.0843162495089018,-2.4936910450625684,-2.4646154223354784,-0.07419673693519581,0.3419590877152307,1.0165124008214903,0.9233839653601366
calg,0.4945,0.5010473306134254,1.083068086015916,-2.496326985971361,-2.4662289783939975,-0.0740255058503859,0.3424621696197648,1.0061638090682994,0.9111438253047448
calg,0.495,0.5015882407434962,1.0818202601413769,-2.4956517490788905,-2.467852024128293,-0.0738540283864047,0.3429549279625503,0.9855166855709303,0.899039738855844
calg,0.4955,0.502128527567697,1.0805736484015172,-2.4932234797190387,-2.469585892317702,-0.0736823110244858,0.3434347238377675,0.9595917504343294,0.8958387475601721
calg,0.496,0.5026681918829505,1.0793286305072525,-2.490035788529756,-2.47160692391283,-0.073510360769972,0.3439005090276227,0.9315703797104291,0.8935377879072742
calg,0.4965,0.503207234529344,1.0780852927870408,-2.4866754404227867,-2.4739617111324446,-0.073338184686281,0.3443521673818337,0.903316708422027,0.8922637830407096
calg,0.497,0.5037456563127127,1.076843566737383,-2.4834520993154006,-2.4767098523273714,-0.0731657896517584,0.344790069045216,0.8758033267646415,0.8921807102006787
calg,0.4975,0.5042834579716003,1.075603317775363,-2.480497924040155,-2.479927336166312,-0.07299318225834821,0.3452147868204008,0.8494355503694173,0.8934988987801985
calg,0.498,0.5048206401705757,1.0743643979507322,-2.477839649261598,-2.482700835988888,-0.0728203687938274,0.3456269290415709,0.8242844423402538,0.8933313293316573
calg,0.4985,0.5053572035075787,1.073126674005887,-2.475447889690975,-2.4837227423563903,-0.0726473552680357,0.3460270515833998,0.8002450836577211,0.8876014271082575
calg,0.499,0.5058931485273624,1.0718900395674338,-2.4732688769057343,-2.4835901152968276,-0.0724741474578222,0.3464156204270515,0.7771376873034583,0.8782539948105555
calg,0.4995,0.5064284757362891,1.0706544178534316,-2.471243428004446,-2.482748371149683,-0.0723007509557339,0.3467930041767229,0.7547674993428135,0.8667324609763111
calg,0.5,0.5069631856159301,1.0694197592820036,-2.4693171428560503,-2.4815139516204394,-0.0721271712144933,0.3471594824810886,0.7329566087314241,0.8540568838770394
chrono,0.0005,0.0,0.4889312810988906,0.0,0.0,0.0,-0.2155132656152256,-9.81,-9.81
chrono,0.001,0.00024446564054947384,0.4889312810988906,0.0,0.0,-0.00011020913280759825,-0.2204182656152256,-9.81,-9.81
chrono,0.0015,0.0004889312810989477,0.4889312810988906,0.0,0.0,-0.00022287076561521013,-0.2253232656152256,-9.81,-9.81
chrono,0.002,0.0007333969216484215,0.4889312810988906,0.0,0.0,-0.0003379848984228079,-0.2302282656152255,-9.81,-9.81
chrono,0.0025,0.0009778625621978954,0.4889312810988906,0.0,0.0,-0.00045555153123040537,-0.2351332656152255,-9.81,-9.81
chrono,0.003,0.0012223282027473692,0.4889312810988906,0.0,0.0,-0.0005755706640380998,-0.2400382656152255,-9.81,-9.81
chrono,0.0035,0.001466793843296843,0.4889312810988906,0.0,0.0,-0.0006980422968457106,-0.2449432656152255,-9.81,-9.81
chrono,0.004,0.0017112594838463169,0.4889312810988906,0.0,0.0,-0.0008229664296533074,-0.2498482656152255,-9.81,-9.81
chrono,0.0045,0.0019557251243957907,0.4889312810988906,0.0,0.0,-0.0009503430624609038,-0.2547532656152255,-9.81,-9.81
chrono,0.005,0.0022001907649452646,0.4889312810988906,0.0,0.0,-0.0010801721952685,-0.2596582656152255,-9.81,-9.81
chrono,0.0055,0.0024446564054947384,0.4889312810988906,0.0,0.0,-0.00121245382807611,-0.2645632656152255,-9.81,-9.81
chrono,0.006,0.0026891220460442122,0.4889312810988906,0.0,0.0,-0.0013471879608837056,-0.2694682656152255,-9.81,-9.81
chrono,0.0065,0.002933587686593686,0.4889312810988906,0.0,0.0,-0.001484374593691301,-0.2743732656152255,-9.81,-9.81
chrono,0.007,0.00317805332714316,0.4889312810988906,0.0,0.0,-0.0016240137264989102,-0.2792782656152255,-9.81,-9.81
chrono,0.0075,0.0034225189676926338,0.4889312810988906,0.0,0.0,-0.0017661053593065051,-0.2841832656152255,-9.81,-9.81
chrono,0.008,0.0036669846082421076,0.4889312810988906,0.0,0.0,-0.001910649492114197,-0.2890882656152255,-9.81,-9.81
chrono,0.0085,0.003911450248791581,0.4889312810988906,0.0,0.0,-0.0020576461249218053,-0.2939932656152255,-9.81,-9.81
chrono,0.009,0.004155915889341055,0.4889312810988906,0.0,0.0,-0.0022070952577293995,-0.2988982656152255,-9.81,-9.81
chrono,0.0095,0.004400381529890529,0.4889312810988906,0.0,0.0,-0.0023589968905370073,-0.3038032656152254,-9.81,-9.81
chrono,0.01,0.004644847170440003,0.4889312810988906,0.0,0.0,-0.002513351023344601,-0.3087082656152254,-9.81,-9.81
chrono,0.0105,0.004889312810989477,0.4889312810988906,0.0,0.0,-0.0026701576561522083,-0.3136132656152254,-9.81,-9.81
chrono,0.011,0.005133778451538951,0.4889312810988906,0.0,0.0,-0.0028294167889598015,-0.3185182656152254,-9.81,-9.81
chrono,0.0115,0.0053782440920884245,0.4889312810988906,0.0,0.0,-0.0029911284217674083,-0.3234232656152254,-9.81,-9.81
chrono,0.012,0.005622709732637898,0.4889312810988906,0.0,0.0,-0.003155292554575001,-0.3283282656152254,-9.81,-9.81
chrono,0.0125,0.005867175373187372,0.4889312810988906,0.0,0.0,-0.0033219091873826073,-0.3332332656152254,-9.81,-9.81
chrono,0.013,0.006111641013736846,0.4889312810988906,0.0,0.0,-0.0034909783201901995,-0.3381382656152253,-9.81,-9.81
chrono,0.0135,0.00635610665428632,0.4889312810988906,0.0,0.0,-0.0036624999529978053,-0.3430432656152253,-9.81,-9.81
chrono,0.014,0.006600572294835794,0.4889312810988906,0.0,0.0,-0.003836474085805508,-0.3479482656152252,-9.81,-9.81
chrono,0.0145,0.0068450379353852675,0.4889312810988906,0.0,0.0,-0.004012900718613099,-0.3528532656152252,-9.81,-9.81
chrono,0.015,0.007089503575934741,0.4889312810988906,0.0,0.0,-0.004191779851420704,-0.3577582656152251,-9.81,-9.81
chrono,0.0155,0.007333969216484215,0.4889312810988906,0.0,0.0,-0.004373111484228309,-0.362663265615225,-9.81,-9.81
chrono,0.016,0.007578434857033689,0.4889312810988906,0.0,0.0,-0.0045568956170359,-0.367568265615225,-9.81,-9.81
chrono,0.0165,0.007822900497583163,0.4889312810988906,0.0,0.0,-0.004743132249843504,-0.3724732656152249,-9.81,-9.81
chrono,0.017,0.008067366138132637,0.4889312810988906,0.0,0.0,-0.004931821382651205,-0.3773782656152248,-9.81,-9.81
chrono,0.0175,0.00831183177868211,0.4889312810988906,0.0,0.0,-0.005122963015458809,-0.3822832656152248,-9.81,-9.81
chrono,0.018,0.008556297419231584,0.4889312810988906,0.0,0.0,-0.005316557148266399,-0.3871882656152247,-9.81,-9.81
chrono,0.0185,0.008800763059781058,0.4889312810988906,0.0,0.0,-0.005512603781074002,-0.3920932656152247,-9.81,-9.81
chrono,0.019,0.009045228700330532,0.4889312810988906,0.0,0.0,-0.005711102913881605,-0.3969982656152246,-9.81,-9.81
chrono,0.0195,0.009289694340880006,0.4889312810988906,0.0,0.0,-0.005912054546689208,-0.4019032656152245,-9.81,-9.81
chrono,0.02,0.00953415998142948,0.4889312810988906,0.0,0.0,-0.006115458679496907,-0.4068082656152245,-9.81,-9.81
chrono,0.0205,0.009778625621978954,0.4889312810988906,0.0,0.0,-0.00632131531230451,-0.4117132656152244,-9.81,-9.81
chrono,0.021,0.010023091262528427,0.4889312810988906,0.0,0.0,-0.006529624445112098,-0.4166182656152243,-9.81,-9.81
chrono,0.0215,0.010267556903077901,0.4889312810988906,0.0,0.0,-0.0067403860779196995,-0.4215232656152243,-9.81,-9.81
chrono,0.022,0.010512022543627375,0.4889312810988906,0.0,0.0,-0.006953600210727301,-0.4264282656152243,-9.81,-9.81
chrono,0.0225,0.010756488184176849,0.4889312810988906,0.0,0.0,-0.007169266843534902,-0.4313332656152243,-9.81,-9.81
chrono,0.023,0.011000953824726323,0.4889312810988906,0.0,0.0,-0.0073873859763426,-0.4362382656152243,-9.81,-9.81
chrono,0.0235,0.011245419465275797,0.4889312810988906,0.0,0.0,-0.007607957609150201,-0.4411432656152242,-9.81,-9.81
chrono,0.024,0.01148988510582527,0.4889312810988906,0.0,7.761911624790847,-0.007830981741957802,-0.4460482656152241,-9.81,35.04652376193461
chrono,0.0245,0.011734350746374744,0.4889312810988906,0.0,7.761911624790847,-0.008056458374765402,-0.4509532656152241,-9.81,35.04652376193461
chrono,0.025,0.011978816386924218,0.4889312810988906,0.0,7.761911624790847,-0.008284387507573002,-0.455858265615224,-9.81,35.04652376193461
chrono,0.0255,0.012223282027473692,0.4889312810988906,0.0,7.761911624790847,-0.008514769140380601,-0.4607632656152239,-9.81,35.04652376193461
chrono,0.026,0.012467747668023166,0.4889312810988906,0.0,7.761911624790847,-0.0087476032731882,-0.4656682656152239,-9.81,35.04652376193461
chrono,0.0265,0.01271221330857264,0.4889312810988906,0.0,7.761911624790847,-0.008982889905995897,-0.4705732656152238,-9.81,35.04652376193461
chrono,0.027,0.012956678949122113,0.4889312810988906,0.0,7.761911624790847,-0.00922062903880351,-0.4754782656152237,-9.81,35.04652376193461
chrono,0.0275,0.013201144589671587,0.4889312810988906,0.0,7.761911624790847,-0.009460820671611109,-0.4803832656152237,-9.81,35.04652376193461
chrono,0.028,0.013445610230221061,0.4889312810988906,0.0,7.761911624790847,-0.009703464804418707,-0.4852882656152236,-9.81,35.04652376193461
chrono,0.0285,0.013690075870770535,0.4889312810988906,0.0,7.761911624790847,-0.009948561437226305,-0.4901932656152236,-9.81,35.04652376193461
chrono,0.029,0.01397529154735011,0.5704313531591945,163.00014412060779,7.761911624790847,-0.009960613820283806,-0.0241047661149102,932.1769990006269,35.04652376193461
chrono,0.0295,0.014260507223929686,0.5704313531591945,0.0,7.761911624790847,-0.00997511870334121,-0.0290097661149102,-9.81,35.04652376193461
chrono,0.03,0.014545722900509261,0.5704313531591945,0.0,7.761911624790847,-0.00999207608639871,-0.0339147661149102,-9.81,35.04652376193461
chrono,0.0305,0.014830938577088837,0.5704313531591945,0.0,7.761911624790847,-0.0100114859694561,-0.0388197661149102,-9.81,35.04652376193461
chrono,0.031,0.015116154253668412,0.5704313531591945,0.0,7.761911624790847,-0.0100333483525136,-0.0437247661149102,-9.81,35.04652376193461
chrono,0.0315,0.015401369930247988,0.5704313531591945,0.0,7.761911624790847,-0.010057663235571099,-0.0486297661149102,-9.81,35.04652376193461
chrono,0.032,0.015686585606827563,0.5704313531591945,0.0,7.761911624790847,-0.010084430618628501,-0.0535347661149102,-9.81,35.04652376193461
chrono,0.0325,0.01597180128340714,0.5704313531591945,0.0,7.761911624790847,-0.010113650501686,-0.0584397661149102,-9.81,35.04652376193461
chrono,0.033,0.016257016959986714,0.5704313531591945,0.0,7.761911624790847,-0.010145322884743402,-0.0633447661149102,-9.81,35.04652376193461
chrono,0.0335,0.01654223263656629,0.5704313531591945,0.0,7.761911624790847,-0.0101794477678009,-0.0682497661149102,-9.81,35.04652376193461
chrono,0.034,0.016827448313145865,0.5704313531591945,0.0,7.761911624790847,-0.010216025150858302,-0.0731547661149102,-9.81,35.04652376193461
chrono,0.0345,0.01711266398972544,0.5704313531591945,0.0,0.0,-0.0102550550339158,-0.0780597661149102,-9.81,-9.81
chrono,0.035,0.017397879666305016,0.5704313531591945,0.0,0.0,-0.010296537416973298,-0.0829647661149102,-9.81,-9.81
chrono,0.0355,0.01768309534288459,0.5704313531591945,0.0,0.0,-0.010340472300030698,-0.0878697661149102,-9.81,-9.81
chrono,0.036,0.017968311019464167,0.5704313531591945,0.0,0.0,-0.01038685968308821,-0.0927747661149102,-9.81,-9.81
chrono,0.0365,0.018253526696043743,0.5704313531591945,0.0,0.0,-0.01043569956614561,-0.0976797661149102,-9.81,-9.81
chrono,0.037,0.018538742372623318,0.5704313531591945,0.0,0.0,-0.010486991949203106,-0.1025847661149102,-9.81,-9.81
chrono,0.0375,0.018823958049202894,0.5704313531591945,0.0,0.0,-0.010540736832260506,-0.1074897661149101,-9.81,-9.81
chrono,0.038,0.01910917372578247,0.5704313531591945,0.0,0.0,-0.010596934215318002,-0.1123947661149101,-9.81,-9.81
chrono,0.0385,0.019394389402362044,0.5704313531591945,0.0,0.0,-0.0106555840983754,-0.1172997661149101,-9.81,-9.81
chrono,0.039,0.01967960507894162,0.5704313531591945,0.0,0.0,-0.01071668648143291,-0.1222047661149101,-9.81,-9.81
chrono,0.0395,0.019964820755521195,0.5704313531591945,0.0,0.0,-0.010780241364490309,-0.1271097661149101,-9.81,-9.81
chrono,0.04,0.02025003643210077,0.5704313531591945,0.0,0.0,-0.010846248747547804,-0.1320147661149101,-9.81,-9.81
chrono,0.0405,0.020535252108680346,0.5704313531591945,0.0,0.0,-0.0109147086306053,-0.1369197661149101,-9.81,-9.81
chrono,0.041,0.020820467785259922,0.5704313531591945,0.0,0.0,-0.010985621013662697,-0.1418247661149101,-9.81,-9.81
chrono,0.0415,0.021105683461839497,0.5704313531591945,0.0,0.0,-0.011058985896720205,-0.1467297661149101,-9.81,-9.81
chrono,0.042,0.021390899138419073,0.5704313531591945,0.0,0.0,-0.011134803279777603,-0.1516347661149101,-9.81,-9.81
chrono,0.0425,0.021676114814998648,0.5704313531591945,0.0,0.0,-0.01121307316283511,-0.1565397661149101,-9.81,-9.81
chrono,0.043,0.021961330491578224,0.5704313531591945,0.0,0.0,-0.011293795545892507,-0.1614447661149101,-9.81,-9.81
chrono,0.0435,0.0222465461681578,0.5704313531591945,0.0,0.0,-0.01137697042895,-0.1663497661149101,-9.81,-9.81
chrono,0.044,0.022531761844737375,0.5704313531591945,0.0,0.0,-0.01146259781200741,-0.1712547661149101,-9.81,-9.81
chrono,0.0445,0.02281697752131695,0.5704313531591945,0.0,0.0,-0.011550677695064904,-0.1761597661149101,-9.81,-9.81
chrono,0.045,0.023102193197896526,0.5704313531591945,0.0,0.0,-0.0116412100781223,-0.1810647661149101,-9.81,-9.81
chrono,0.0455,0.0233874088744761,0.5704313531591945,0.0,0.0,-0.011734194961179806,-0.1859697661149101,-9.81,-9.81
chrono,0.046,0.023672624551055677,0.5704313531591945,0.0,0.0,-0.011829632344237201,-0.19087476611491,-9.81,-9.81
chrono,0.0465,0.023957840227635252,0.5704313531591945,0.0,0.0,-0.011927522227294707,-0.19577976611491,-9.81,-9.81
chrono,0.047,0.024243055904214827,0.5704313531591945,0.0,0.0,-0.012027864610352101,-0.20068476611491,-9.81,-9.81
chrono,0.0475,0.024528271580794403,0.5704313531591945,0.0,0.0,-0.012130659493409607,-0.20558976611491,-9.81,-9.81
chrono,0.048,0.02481348725737398,0.5704313531591945,0.0,0.0,-0.012235906876467001,-0.21049476611491,-9.81,-9.81
chrono,0.0485,0.025098702933953554,0.5704313531591945,0.0,0.0,-0.012343606759524506,-0.21539976611491,-9.81,-9.81
chrono,0.049,0.02538391861053313,0.5704313531591945,0.0,0.0,-0.0124537591425819,-0.22030476611491,-9.81,-9.81
chrono,0.0495,0.025669134287112705,0.5704313531591945,0.0,0.0,-0.012566364025639404,-0.22520976611491,-9.81,-9.81
chrono,0.05,0.02595434996369228,0.5704313531591945,0.0,0.0,-0.01268142140869681,-0.23011476611491,-9.81,-9.81
chrono,0.0505,0.026239565640271856,0.5704313531591945,0.0,0.0,-0.0127989312917543,-0.23501976611491,-9.81,-9.81
chrono,0.051,0.02652478131685143,0.5704313531591945,0.0,0.0,-0.012918893674811707,-0.23992476611491,-9.81,-9.81
chrono,0.0515,0.026809996993431007,0.5704313531591945,0.0,0.0,-0.01304130855786921,-0.24482976611491,-9.81,-9.81
chrono,0.052,0.027095212670010582,0.5704313531591945,0.0,0.0,-0.013166175940926603,-0.24973476611491,-9.81,-9.81
chrono,0.0525,0.027380428346590158,0.5704313531591945,0.0,0.0,-0.013293495823984106,-0.25463976611491,-9.81,-9.81
chrono,0.053,0.027665644023169733,0.5704313531591945,0.0,0.0,-0.013423268207041608,-0.25954476611491,-9.81,-9.81
chrono,0.0535,0.02795085969974931,0.5704313531591945,0.0,0.0,-0.013555493090099,-0.26444976611491,-9.81,-9.81
chrono,0.054,0.028236075376328884,0.5704313531591945,0.0,0.0,-0.013690170473156502,-0.26935476611491,-9.81,-9.81
chrono,0.0545,0.02852129105290846,0.5704313531591945,0.0,0.0,-0.013827300356213906,-0.27425976611491,-9.81,-9.81
chrono,0.055,0.028806506729488035,0.5704313531591945,0.0,0.0,-0.013966882739271408,-0.27916476611491,-9.81,-9.81
chrono,0.0555,0.02909172240606761,0.5704313531591945,0.0,0.0,-0.01410891762232891,-0.2840697661149099,-9.81,-9.81
chrono,0.056,0.029376938082647186,0.5704313531591945,0.0,0.0,-0.0142534050053863,-0.2889747661149099,-9.81,-9.81
chrono,0.0565,0.02966215375922676,0.5704313531591945,0.0,0.0,-0.0144003448884438,-0.2938797661149099,-9.81,-9.81
chrono,0.057,0.029947369435806337,0.5704313531591945,0.0,0.0,-0.014549737271501204,-0.2987847661149099,-9.81,-9.81
chrono,0.0575,0.030232585112385912,0.5704313531591945,0.0,0.0,-0.014701582154558704,-0.3036897661149099,-9.81,-9.81
chrono,0.058,0.030517800788965488,0.5704313531591945,0.0,0.0,-0.014855879537616204,-0.3085947661149099,-9.81,-9.81
chrono,0.0585,0.030803016465545063,0.5704313531591945,0.0,0.0,-0.015012629420673607,-0.3134997661149099,-9.81,-9.81
chrono,0.059,0.03108823214212464,0.5704313531591945,0.0,0.0,-0.015171831803731106,-0.3184047661149099,-9.81,-9.81
chrono,0.0595,0.031373447818704214,0.5704313531591945,0.0,0.0,-0.015333486686788508,-0.3233097661149099,-9.81,-9.81
chrono,0.06,0.03165866349528379,0.5704313531591945,0.0,0.0,-0.015497594069846007,-0.3282147661149099,-9.81,-9.81
chrono,0.0605,0.031943879171863365,0.5704313531591945,0.0,0.0,-0.01566415395290341,-0.3331197661149099,-9.81,-9.81
chrono,0.061,0.03222909484844294,0.5704313531591945,0.0,0.0,-0.015833166335960908,-0.3380247661149099,-9.81,-9.81
chrono,0.0615,0.032514310525022516,0.5704313531591945,0.0,1.8707860837964674,-0.016004631219018406,-0.3429297661149099,-9.81,-6.421803241725007
chrono,0.062,0.03279952620160209,0.5704313531591945,0.0,1.8707860837964674,-0.016178548602075807,-0.3478347661149099,-9.81,-6.421803241725007
chrono,0.0625,0.03308474187818167,0.5704313531591945,0.0,1.8707860837964674,-0.016354918485133305,-0.3527397661149098,-9.81,-6.421803241725007
chrono,0.063,0.03336995755476124,0.5704313531591945,0.0,1.8707860837964674,-0.016533740868190705,-0.3576447661149097,-9.81,-6.421803241725007
chrono,0.0635,0.03365517323134082,0.5704313531591945,0.0,1.8707860837964674,-0.016715015751248202,-0.3625497661149097,-9.81,-6.421803241725007
chrono,0.064,0.033940388907920394,0.5704313531591945,0.0,4.067758867153466,-0.016898743134305602,-0.3674547661149096,-9.81,-0.5263573415380206
chrono,0.0645,0.03422560458449997,0.5704313531591945,0.0,5.812142419855561,-0.0170849230173631,-0.3723597661149095,-9.81,3.745664085205683
chrono,0.065,0.034510820261079544,0.5704313531591945,0.0,5.812142419855561,-0.01727355540042061,-0.3772647661149095,-9.81,3.745664085205683
chrono,0.0655,0.03479603593765912,0.5704313531591945,0.0,5.812142419855561,-0.01746464028347801,-0.3821697661149094,-9.81,3.745664085205683
chrono,0.066,0.035081251614238695,0.5704313531591945,0.0,5.812142419855561,-0.017658177666535504,-0.3870747661149094,-9.81,3.745664085205683
chrono,0.0665,0.035376288917758236,0.5900746070390573,39.286507759725815,5.812142419855561,-0.017836379516612003,-0.3564037001530219,61.34213192377486,3.745664085205683
chrono,0.067,0.03567132622127778,0.5900746070390573,0.0,5.812142419855561,-0.0180170338666885,-0.3613087001530219,-9.81,3.745664085205683
chrono,0.0675,0.03596636352479732,0.5900746070390573,0.0,5.812142419855561,-0.018200140716764998,-0.3662137001530218,-9.81,3.745664085205683
chrono,0.068,0.03626140082831686,0.5900746070390573,0.0,5.812142419855561,-0.01838570006684151,-0.3711187001530218,-9.81,3.745664085205683
chrono,0.0685,0.0365564381318364,0.5900746070390573,0.0,5.812142419855561,-0.018573711916918006,-0.3760237001530217,-9.81,3.745664085205683
chrono,0.069,0.03686300954246857,0.6131428212643059,46.136428450496965,5.812142419855561,-0.01873322517601861,-0.3190265182010584,113.99436390392673,3.745664085205683
chrono,0.0695,0.03717873896675239,0.6314588485676779,36.632054606744,5.812142419855561,-0.018872762822628703,-0.2790752932202495,79.90244996161778,3.745664085205683
chrono,0.07,0.037494468391036206,0.6314588485676779,0.0,5.860698814237931,-0.01901475296923881,-0.2839802932202495,-9.81,4.749880837792673
chrono,0.0705,0.037810197815320024,0.6314588485676779,0.0,5.860698814237931,-0.019159195615848904,-0.2888852932202495,-9.81,4.749880837792673
chrono,0.071,0.03812592723960384,0.6314588485676779,0.0,5.860698814237931,-0.01930609076245901,-0.2937902932202494,-9.81,4.749880837792672
chrono,0.0715,0.03844165666388766,0.6314588485676779,0.0,5.860698814237931,-0.0194554384090692,-0.2986952932202494,-9.81,4.749880837792673
chrono,0.072,0.038757386088171475,0.6314588485676779,0.0,3.989912730441463,-0.019607238555679307,-0.3036002932202494,-9.81,1.3616840795176792
chrono,0.0725,0.03907311551245529,0.6314588485676779,0.0,7.423991075451524,-0.0197614912022894,-0.3085052932202494,-9.81,10.951170634972812
chrono,0.073,0.03938884493673911,0.6314588485676779,0.0,7.423991075451524,-0.019918196348899506,-0.3134102932202494,-9.81,10.951170634972812
chrono,0.0735,0.039704574361022926,0.6314588485676779,0.0,7.423991075451524,-0.020077353995509598,-0.3183152932202494,-9.81,10.951170634972812
chrono,0.074,0.04002030378530674,0.6314588485676779,0.0,7.423991075451524,-0.0202389641421198,-0.3232202932202494,-9.81,10.951170634972812
chrono,0.0745,0.04033603320959056,0.6314588485676779,0.0,5.227018292094526,-0.020403026788729905,-0.3281252932202494,-9.81,5.055724734785824
chrono,0.075,0.04065201755494485,0.6319686907086928,1.0196842820297756,3.4826347393924304,-0.0205642697973889,-0.322486017318086,11.27855180432678,0.7837033080421204
chrono,0.0755,0.040968001900299145,0.6319686907086928,0.0,3.4826347393924304,-0.02072796530604791,-0.327391017318086,-9.81,0.7837033080421205
chrono,0.076,0.04128398624565344,0.6319686907086928,0.0,3.4826347393924304,-0.020894113314707002,-0.332296017318086,-9.81,0.7837033080421204
chrono,0.0765,0.04159997059100773,0.6319686907086928,0.0,3.4826347393924304,-0.021062713823365997,-0.337201017318086,-9.81,0.7837033080421205
chrono,0.077,0.04191595493636202,0.6319686907086928,0.0,4.169995042509419,-0.021233766832025103,-0.342106017318086,-9.81,3.818369956220066
chrono,0.0775,0.04224996819302762,0.6680265133312984,72.11564524521127,4.169995042509419,-0.021356927536268,-0.246321408485807,191.56921766455778,3.8183699562200664
chrono,0.078,0.04258398144969322,0.6680265133312984,0.0,4.953095172198068,-0.021482540740510897,-0.2512264084858071,-9.81,6.24467930720535
chrono,0.0785,0.04291799470635882,0.6680265133312984,0.0,4.953095172198068,-0.02161060644475371,-0.256131408485807,-9.81,6.24467930720535
chrono,0.079,0.04325200796302442,0.6680265133312984,0.0,4.953095172198068,-0.021741124648996704,-0.261036408485807,-9.81,6.24467930720535
chrono,0.0795,0.04358602121969002,0.6680265133312984,0.0,4.953095172198068,-0.0218740953532396,-0.265941408485807,-9.81,6.24467930720535
chrono,0.08,0.04392003447635562,0.6680265133312984,0.0,5.7812447366175785,-0.02200951855748251,-0.270846408485807,-9.81,9.350398319592175
chrono,0.0805,0.04425404773302122,0.6680265133312984,0.0,5.732688342235209,-0.022147394261725406,-0.275751408485807,-9.81,8.346181567005186
chrono,0.081,0.04458806098968682,0.6680265133312984,0.0,5.732688342235209,-0.0222877224659683,-0.280656408485807,-9.81,8.346181567005186
chrono,0.0815,0.04492207424635242,0.6680265133312984,0.0,5.732688342235209,-0.02243050317021121,-0.285561408485807,-9.81,8.346181567005186
chrono,0.082,0.04525969614460945,0.6752437965140267,14.434566365456758,6.28023984456698,-0.0225598043745512,-0.2586024086799386,53.91799961173686,10.59545718520891
chrono,0.0825,0.045597318042866486,0.6752437965140267,0.0,6.542050204428212,-0.0226915580788912,-0.2635074086799386,-9.81,11.215187227816072
chrono,0.083,0.045939051216804416,0.6834663478757574,16.44510272346162,3.107971859418152,-0.022813026159138508,-0.2429361604945931,41.14249637069096,1.6257006723609397
chrono,0.0835,0.04628078439074235,0.6834663478757574,0.0,3.107971859418152,-0.022936946739385705,-0.2478411604945931,-9.81,1.6257006723609397
chrono,0.084,0.04662251756468028,0.6834663478757574,0.0,3.107971859418152,-0.023063319819633,-0.2527461604945931,-9.81,1.6257006723609402
chrono,0.0845,0.04696425073861821,0.6834663478757574,0.0,3.107971859418152,-0.023192145399880307,-0.2576511604945931,-9.81,1.6257006723609397
chrono,0.085,0.047310331697769326,0.6921619183021622,17.391140852809738,3.117158875177881,-0.02330711845531261,-0.2299461108645314,55.41009926012332,2.000510463939544
chrono,0.0855,0.047656412656920444,0.6921619183021622,0.0,3.5248147102296925,-0.02342454401074491,-0.2348511108645314,-9.81,3.124683988219745
chrono,0.086,0.04800249361607156,0.6921619183021622,0.0,3.5248147102296925,-0.0235444220661771,-0.2397561108645314,-9.81,3.124683988219745
chrono,0.0865,0.04834857457522268,0.6921619183021622,0.0,3.5265293707057377,-0.023666752621609402,-0.2446611108645314,-9.81,3.262186519210165
chrono,0.087,0.04869753017976097,0.6979112090766458,11.498581548967195,3.526941169870855,-0.0237797269800461,-0.2259487168733923,37.42478798227821,3.3604746202090854
chrono,0.0875,0.04904786028868857,0.7006602178551887,5.498017557085873,2.8395808667538667,-0.023891900255759102,-0.224346551426017,3.2043308947504343,0.3258079720311392
chrono,0.088,0.04939819039761617,0.7006602178551887,0.0,2.8395808667538667,-0.024006526031472103,-0.229251551426017,-9.81,0.3258079720311392
chrono,0.0885,0.04974852050654377,0.7006602178551887,0.0,2.0564807370652183,-0.024123604307185104,-0.234156551426017,-9.81,-2.1005013789541445
chrono,0.089,0.05009885061547137,0.7006602178551887,0.0,2.0501993567989762,-0.024243135082898104,-0.239061551426017,-9.81,-1.6228112971062645
chrono,0.0895,0.05044918072439897,0.7006602178551887,0.0,2.1521343319392394,-0.024365118358611104,-0.243966551426017,-9.81,-0.9711794406195634
chrono,0.09,0.050799559065159317,0.700756681520666,0.1929273309543292,2.1521343319392394,-0.024487586382918397,-0.2449360486144416,-1.9389943768493145,-0.9711794406195634
chrono,0.0905,0.051152077599053714,0.7050370677887099,8.560772536088027,1.3239847675197278,-0.024606604996223108,-0.2380372266094995,13.79764400988421,-4.076898453006389
chrono,0.091,0.05150459613294811,0.7050370677887099,0.0,1.3239847675197278,-0.024728076109527902,-0.2429422266094995,-9.81,-4.076898453006389
chrono,0.0915,0.05185712366881001,0.7050550717237083,0.03600786999696107,1.3239847675197278,-0.02485127783454491,-0.2464034500341001,-6.922446849201178,-4.076898453006389
chrono,0.092,0.05220965336661754,0.7050593956149419,0.008647782467460933,1.3461736972832268,-0.0249764160470317,-0.2502764249736114,-7.745949879022675,-3.4687387160592342
chrono,0.0925,0.05256218306442506,0.7050593956149419,0.0,0.7986221949514556,-0.025104006759518502,-0.2551814249736114,-9.81,-5.718014334262959
chrono,0.093,0.052914712762232585,0.7050593956149419,0.0,0.5368118350902237,-0.025234049972005304,-0.2600864249736114,-9.81,-6.3377443768701225
chrono,0.0935,0.05326724246004011,0.7050593956149419,0.0,0.5368118350902237,-0.025366545684492106,-0.2649914249736114,-9.81,-6.3377443768701225
chrono,0.094,0.053619739180601145,0.7049934411221462,-0.1319089855910768,0.5439177293017863,-0.02549898602404921,-0.2648806791142087,0.22149171880548302,-6.154676480786714
chrono,0.0945,0.05397277105978171,0.7060637583611189,2.1406344779455133,0.6238793203281483,-0.025630457796359807,-0.2629435446210983,3.874268986220722,-5.434063677773928
chrono,0.095,0.054325802938962275,0.7060637583611189,0.0,0.6238793203281483,-0.025764382068670308,-0.2678485446210983,-9.81,-5.434063677773928
chrono,0.0955,0.05467883481814284,0.7060637583611189,0.0,0.6146923045684184,-0.025900758840980906,-0.2727535446210983,-9.81,-5.808873469352532
chrono,0.096,0.055031866697323406,0.7060637583611189,0.0,0.20703646951660754,-0.026039588113291406,-0.2776585446210983,-9.81,-6.9330469936327335
chrono,0.0965,0.05538489857650397,0.7060637583611189,0.0,0.20703646951660754,-0.026180869885602004,-0.2825635446210983,-9.81,-6.9330469936327335
chrono,0.097,0.05573804694756579,0.7062967421236356,0.46596752503348093,0.20532180904056177,-0.02632141131929361,-0.2810828673831532,2.961354475890232,-7.070549524623154
chrono,0.0975,0.05609119531862761,0.7062967421236356,0.0,0.20491000987544464,-0.0264644052529851,-0.2859878673831532,-9.81,-7.168837625622073
chrono,0.098,0.056444343689689425,0.7062967421236356,0.0,0.4518882240003431,-0.026609851686676705,-0.2908928673831532,-9.81,-5.67864555911364
chrono,0.0985,0.05679749206075124,0.7062967421236356,0.0,0.8497073537035278,-0.02675775062036831,-0.2957978673831531,-9.81,-4.500098922562866
chrono,0.099,0.057150677737757616,0.7063713540128569,0.1492237784428148,0.8497073537035278,-0.026907140947605407,-0.2987806544742774,-5.965574182248421,-4.500098922562866
chrono,0.0995,0.05750428321311696,0.7072109507186337,1.6791934115536045,0.8559887339697697,-0.02705520055762671,-0.2961192200426431,5.3228688632685035,-4.977789004410745
chrono,0.1,0.0578578886884763,0.7072109507186337,0.0,0.8562967125252993,-0.02720571266764811,-0.3010242200426431,-9.81,-5.068848350461728
chrono,0.1005,0.05821149416383564,0.7072109507186337,0.0,0.8562967125252993,-0.0273586772776694,-0.3059292200426431,-9.81,-5.068848350461728
chrono,0.101,0.058565099639194984,0.7072109507186337,0.0,0.8562967125252993,-0.027514094387690702,-0.3108342200426431,-9.81,-5.068848350461728
chrono,0.1015,0.058918705114554326,0.7072109507186337,0.0,1.2187968240532894,-0.027671963997712004,-0.3157392200426431,-9.81,-3.7633629083459605
chrono,0.102,0.05927231058991367,0.7072109507186337,0.0,1.2187968240532894,-0.027832286107733306,-0.3206442200426431,-9.81,-3.76336290834596
chrono,0.1025,0.05962591606527301,0.7072109507186337,0.0,1.1966078942897902,-0.027995060717754608,-0.3255492200426431,-9.81,-4.371522645293114
chrono,0.103,0.059980818176256445,0.7098042219669451,5.186542496622869,1.1966078942897902,-0.028152464319426806,-0.3148072033443045,21.484033396677077,-4.371522645293114
chrono,0.1035,0.060337808837670814,0.7139813228288286,8.354201723766879,1.1966078942897902,-0.02830613305125701,-0.3073374636605213,14.93947936756627,-4.371522645293114
chrono,0.104,0.060694799499085184,0.7139813228288286,0.0,1.1966078942897902,-0.02846225428308731,-0.3122424636605213,-9.81,-4.371522645293115
chrono,0.1045,0.06105179016049955,0.7139813228288286,0.0,1.1895020000782275,-0.02862082801491761,-0.3171474636605213,-9.81,-4.554590541376522
chrono,0.105,0.061409317597420854,0.7150548738426344,2.1471020276116373,1.4946926925379342,-0.028778911241068003,-0.3161664523009462,1.9620227191500916,-3.516546432617784
chrono,0.1055,0.061766845034342155,0.7150548738426344,0.0,1.4946926925379342,-0.028939446967218507,-0.3210714523009462,-9.81,-3.516546432617784
chrono,0.106,0.062124372471263456,0.7150548738426344,0.0,2.0413812228765926,-0.029102435193369004,-0.3259764523009462,-9.81,-1.8638065153480539
chrono,0.1065,0.062483803033770324,0.7188611250136783,7.612502342087789,2.7376117048312425,-0.0292610221209484,-0.3171738551587307,17.60519428443112,0.12723184131669116
chrono,0.107,0.06284323359627719,0.7188611250136783,0.0,2.7376117048312425,-0.029422061548527702,-0.3220788551587307,-9.81,0.12723184131669107
chrono,0.1075,0.06320266415878406,0.7188611250136783,0.0,2.7376117048312425,-0.029585553476107106,-0.3269838551587307,-9.81,0.12723184131669107
chrono,0.108,0.06356209472129093,0.7188611250136783,0.0,3.4028832476958777,-0.029751497903686405,-0.3318888551587307,-9.81,2.374913867642374
chrono,0.1085,0.0639215252837978,0.7188611250136783,0.0,3.1559050335709795,-0.0299198948312658,-0.3367938551587306,-9.81,0.8847218011339418
chrono,0.109,0.06428095584630467,0.7188611250136783,0.0,2.7580859038677943,-0.030090744258845205,-0.3416988551587306,-9.81,-0.29382483541683285
chrono,0.1095,0.06464038640881153,0.7188611250136783,0.0,3.3570661513184525,-0.0302640461864246,-0.3466038551587306,-9.81,2.1101826308062708
chrono,0.11,0.0650018390208067,0.722905223990282,8.088197953207446,3.5977921428108166,-0.030430567665217102,-0.3330429575851296,27.121795147202015,2.5974987585157727
chrono,0.1105,0.06536329163280186,0.722905223990282,0.0,3.4955491891150245,-0.0305995416440097,-0.3379479575851296,-9.81,2.0369262480800536
chrono,0.111,0.0657276143595813,0.7286454535588379,11.480459137111827,3.4955491891150245,-0.0307622912382366,-0.3254991884537974,24.897538262664334,2.0369262480800536
chrono,0.1115,0.06609559229639095,0.7359558736193617,14.620840121047644,3.4955491891150245,-0.030917040381091006,-0.3094982857088175,32.001805489959644,2.0369262480800536
chrono,0.112,0.0664635702332006,0.7359558736193617,0.0,3.1330490775870343,-0.031074242023945403,-0.3144032857088175,-9.81,0.731440805964286
chrono,0.1125,0.06683154817001025,0.7359558736193617,0.0,3.1330490775870343,-0.031233896166799807,-0.3193082857088175,-9.81,0.7314408059642861
chrono,0.113,0.06720301878241997,0.7429412248194402,13.970702400157338,3.2136254853551955,-0.031384202479016,-0.3006126244323978,37.39132255283934,1.5204707357340503
chrono,0.1135,0.06757448939482968,0.7429412248194402,0.0,3.6951335927825975,-0.03153696129123221,-0.3055176244323978,-9.81,2.9795001516962807
chrono,0.114,0.0679459600072394,0.7429412248194402,0.0,4.080156800623117,-0.03169217260344841,-0.3104226244323978,-9.81,4.057095874249299
chrono,0.1145,0.06832057526594826,0.7492305174176722,12.57858519646382,4.3026093729434125,-0.0318372153764669,-0.2900855460370552,40.67415679068518,4.693567513846473
chrono,0.115,0.06869645433611238,0.7517581403283421,5.055245821339649,4.3026093729434125,-0.031982152239815,-0.2898737266961054,0.4236386818995257,4.693567513846473
chrono,0.1155,0.0690723334062765,0.7517581403283421,0.0,3.9174570894573435,-0.032129541603163,-0.2947787266961054,-9.81,2.934910602074948
chrono,0.116,0.06944821247644062,0.7517581403283421,0.0,3.9174570894573435,-0.0322793834665111,-0.2996837266961054,-9.81,2.934910602074948
chrono,0.1165,0.06982409154660474,0.7517581403283421,0.0,3.3707685591186847,-0.032431677829859104,-0.3045887266961054,-9.81,1.2821706848052183
chrono,0.117,0.07019997061676886,0.7517581403283421,0.0,2.6745380771640352,-0.0325864246932072,-0.3094937266961054,-9.81,-0.7088676718595268
chrono,0.1175,0.07057584968693298,0.7517581403283421,0.0,2.682608396458203,-0.032743624056555204,-0.3143987266961054,-9.81,-0.28533109825575553
chrono,0.118,0.07095215178323788,0.7526041926099077,1.6921045631313856,2.682608396458203,-0.032899133512772,-0.3110189124335228,6.75962852516505,-0.28533109825575553
chrono,0.1185,0.07133098179710684,0.7576600277378954,10.111670255975438,2.0261167142201093,-0.033049435564555,-0.3006041035659194,20.82961773520683,-1.990494663331479
chrono,0.119,0.07171183318281693,0.7617027714202209,8.085487364650918,2.4112825412515377,-0.033196532738794506,-0.2941943484791127,12.8195101736134,-0.7848172481412986
chrono,0.1195,0.0720938524445317,0.764038523429584,4.671504018726192,2.4112825412515377,-0.033342740936926206,-0.2924163962633424,3.5559044315406396,-0.7848172481412987
chrono,0.12,0.07247587170624648,0.764038523429584,0.0,1.8835631776728714,-0.033491401635057906,-0.2973213962633424,-9.81,-2.7864672836835247
chrono,0.1205,0.07285789096796125,0.764038523429584,0.0,1.6428371861805071,-0.0336425148331895,-0.3022263962633424,-9.81,-3.2737834113930253
chrono,0.121,0.07323991022967602,0.764038523429584,0.0,1.6428371861805071,-0.0337960805313212,-0.3071313962633424,-9.81,-3.2737834113930253
chrono,0.1215,0.07362192949139079,0.764038523429584,0.0,1.7533155719338118,-0.0339520987294529,-0.3120363962633424,-9.81,-2.645695143218697
chrono,0.122,0.07400394875310556,0.764038523429584,0.0,1.7533155719338118,-0.03411056942758461,-0.3169413962633424,-9.81,-2.6456951432186973
chrono,0.1225,0.07438601038399661,0.7641232617821727,0.16947670517751345,1.7533155719338118,-0.0342692690587048,-0.3173992622405028,-0.9157319543208047,-2.6456951432186973
chrono,0.123,0.07476807201488767,0.7641232617821727,0.0,1.7533155719338118,-0.0344304211898251,-0.3223042622405028,-9.81,-2.645695143218697
chrono,0.1235,0.07515017974004701,0.7642154503187514,0.18437707315737398,1.8789007575678334,-0.034591177599023706,-0.3215128183973782,1.582887686249144,-2.4218002127303633
chrono,0.124,0.07553430958579832,0.7682596915025813,8.088482367660001,1.6755345117903524,-0.03474805670179271,-0.3137582055378813,15.509225718993788,-2.996780661929818
chrono,0.1245,0.07591843943154963,0.7682596915025812,0.0,1.2905113039498326,-0.0349073883045616,-0.3186632055378813,-9.81,-4.074376384482837
chrono,0.125,0.07630294339694121,0.7690079307832371,1.4964785613118312,1.0680587316295376,-0.035067060030819504,-0.3193434525157321,-1.3604939557015605,-4.71084802408001
chrono,0.1255,0.0766874473623328,0.7690079307832371,0.0,1.0680587316295376,-0.035229184257077405,-0.3242484525157321,-9.81,-4.71084802408001
chrono,0.126,0.07707195132772438,0.7690079307832371,0.0,1.0680587316295376,-0.0353937609833352,-0.3291534525157321,-9.81,-4.7108480240800095
chrono,0.1265,0.07745703530464121,0.7701679538336468,2.320046100819395,1.2903941180884388,-0.03555749274618521,-0.3274635256999016,3.3798536316609002,-3.5352100955995165
chrono,0.127,0.07784211928155804,0.7701679538336468,0.0,2.4273950227334034,-0.0357236770090351,-0.3323685256999016,-9.81,-0.5356537901949051
chrono,0.1275,0.07822720325847488,0.7701679538336468,0.0,2.4273950227334034,-0.035892313771885107,-0.3372735256999016,-9.81,-0.5356537901949048
chrono,0.128,0.07861228723539171,0.7701679538336468,0.0,2.419324703439236,-0.036063403034735,-0.3421785256999016,-9.81,-0.9591903637986761
chrono,0.1285,0.07899845356067392,0.7723326505643697,4.329393461445835,2.419324703439236,-0.03623162694206861,-0.3364478146671915,11.46142206542005,-0.9591903637986761
chrono,0.129,0.07938608013072979,0.7752531401116939,5.840979094648339,2.410544842812694,-0.036397662092326706,-0.3320703005161823,8.755028302018294,-1.5017088250486355
chrono,0.1295,0.07977370670078565,0.7752531401116938,0.0,2.0253790157812652,-0.036566149742584805,-0.3369753005161823,-9.81,-2.707386240238816
chrono,0.13,0.08016133327084152,0.7752531401116938,0.0,2.963014783605523,-0.036737089892842904,-0.3418803005161823,-9.81,0.8604881359955501
chrono,0.1305,0.08054895984089738,0.7752531401116938,0.0,3.308440124417841,-0.036910482543101,-0.3467853005161822,-9.81,1.3234781367790962
chrono,0.131,0.08093658641095325,0.7752531401116938,0.0,4.188714166663913,-0.0370863276933591,-0.3516903005161821,-9.81,3.6651709920376785
chrono,0.1315,0.08132538024178804,0.7775876616695122,4.669043115636925,4.190023882692792,-0.0372584532444927,-0.3442511022671369,14.87839649809037,3.6993834735450912
chrono,0.132,0.08172014332737221,0.7895261711682843,23.87701899754425,4.079545496939487,-0.03741728362502281,-0.3176607610603885,53.18068241349685,3.0712952053707623
chrono,0.1325,0.08211490641295638,0.7895261711682842,0.0,4.079545496939487,-0.037578566505553,-0.3225657610603885,-9.81,3.0712952053707623
chrono,0.133,0.08250966949854055,0.7895261711682842,0.0,4.12397950658018,-0.037742301886083206,-0.3274707610603884,-9.81,3.5614303971685293
chrono,0.1335,0.08290443258412472,0.7895261711682842,0.0,4.12397950658018,-0.0379084897666134,-0.3323757610603884,-9.81,3.5614303971685293
chrono,0.134,0.08329919566970889,0.7895261711682842,0.0,3.919621627281906,-0.038077130147143604,-0.3372807610603884,-9.81,2.6980699866188464
chrono,0.1345,0.08369395875529306,0.7895261711682842,0.0,3.641479765631985,-0.038248223027673806,-0.3421857610603884,-9.81,1.8140210198560702
chrono,0.135,0.0840936444286583,0.7993713467304387,19.69035112430941,3.641479765631985,-0.0384030370677288,-0.3096280801099275,65.11536190092168,1.8140210198560702
chrono,0.1355,0.0844955177047031,0.803746552089624,8.750410718370498,3.641479765631985,-0.03855576053376861,-0.3054469320795511,8.362296060752906,1.8140210198560702
chrono,0.136,0.08490201241946971,0.8129894295332077,18.48575488716752,3.641479765631985,-0.0386986426123182,-0.2857641570993359,39.365549960430236,1.8140210198560704
chrono,0.1365,0.08530851401024542,0.813003181551511,0.027504036606460797,3.641479765631985,-0.038843797575340004,-0.2903099260435081,-9.091537888344341,1.8140210198560702
chrono,0.137,0.08571501560102113,0.813003181551511,0.0,3.419144379173084,-0.0389914050383617,-0.2952149260435081,-9.81,0.6383830913755765
chrono,0.1375,0.08612151719179684,0.813003181551511,0.0,2.2821434745281195,-0.039141465001383505,-0.300119926043508,-9.81,-2.3611732140290353
chrono,0.138,0.08652825206112325,0.8134697386527382,0.9331142024545351,2.2821434745281195,-0.039291404254648304,-0.2998785065296315,0.4828390277530925,-2.361173214029035
chrono,0.1385,0.08693498693044965,0.8134697386527382,0.0,2.2821434745281195,-0.039443796007913104,-0.3047835065296315,-9.81,-2.361173214029035
chrono,0.139,0.08734173126927502,0.8134886776508291,0.037877996182083866,2.31057913627639,-0.039597855047817,-0.3081180798076931,-6.669146556123286,-0.993021632977017
chrono,0.1395,0.0877484756081004,0.813488677650829,0.0,2.31057913627639,-0.0397543665877208,-0.3130230798076931,-9.81,-0.993021632977017
chrono,0.14,0.08815521994692577,0.813488677650829,0.0,2.31057913627639,-0.039913330627624706,-0.3179280798076931,-9.81,-0.993021632977017
chrono,0.1405,0.08856196428575114,0.813488677650829,0.0,1.3729433684521322,-0.040074747167528506,-0.3228330798076931,-9.81,-4.560896009211383
chrono,0.141,0.08896870862457651,0.813488677650829,0.0,1.3284086572534788,-0.0402386162074324,-0.3277380798076931,-9.81,-3.831799254094758
chrono,0.1415,0.08937545296340188,0.813488677650829,0.0,0.44813461500740637,-0.0404049377473362,-0.3326430798076931,-9.81,-6.173492109353341
chrono,0.142,0.08978219730222725,0.813488677650829,0.0,0.4468248989785273,-0.040573711787240105,-0.337548079807693,-9.81,-6.207704590860753
chrono,0.1425,0.09018894164105262,0.813488677650829,0.0,0.4468248989785273,-0.040744938327143904,-0.3424530798076929,-9.81,-6.207704590860753
chrono,0.143,0.090595685979878,0.813488677650829,0.0,0.4468248989785273,-0.040918617367047806,-0.3473580798076929,-9.81,-6.207704590860753
chrono,0.1435,0.09100243031870336,0.813488677650829,0.0,0.4023908893378352,-0.041094748906951604,-0.3522630798076928,-9.81,-6.697839782658519
chrono,0.144,0.09140932394475298,0.8137872520991858,0.5971488967136792,0.4023908893378352,-0.041266150151054906,-0.3428024882066466,18.921183202092386,-6.697839782658519
chrono,0.1445,0.0918162175708026,0.8137872520991858,0.0,0.7669916399462684,-0.041440003895158305,-0.3477074882066466,-9.81,-5.059761931627011
chrono,0.145,0.09222311119685223,0.8137872520991858,0.0,1.5681992618446354,-0.041616310139261606,-0.3526124882066465,-9.81,-2.818223834969355
chrono,0.1455,0.09263000482290185,0.8137872520991858,0.0,1.5681992618446354,-0.04179506888336491,-0.3575174882066464,-9.81,-2.818223834969355
chrono,0.146,0.09303885224439723,0.8176948429907852,7.815181783198774,1.5681992618446354,-0.0419679092954887,-0.3456808242475454,23.673327918202027,-2.818223834969355
chrono,0.1465,0.09344769966589261,0.8176948429907852,0.0,2.5701323253600985,-0.042143202207612404,-0.3505858242475454,-9.81,0.4954682250821989
chrono,0.147,0.093856547087388,0.8176948429907852,0.0,2.8497600223594355,-0.042320947619736204,-0.3554908242475453,-9.81,1.008688935517755
chrono,0.1475,0.09426539450888338,0.8176948429907852,0.0,2.8497600223594355,-0.042501145531860005,-0.3603958242475453,-9.81,1.008688935517755
chrono,0.148,0.09467424193037877,0.8176948429907852,0.0,2.8497600223594355,-0.042683795943983804,-0.3653008242475452,-9.81,1.008688935517755
chrono,0.1485,0.09508308935187415,0.8176948429907852,0.0,3.4826908567720145,-0.04286889885610751,-0.3702058242475451,-9.81,3.3867268522828935
chrono,0.149,0.09549193677336953,0.8176948429907852,0.0,3.643210774381232,-0.043056454268231306,-0.3751108242475451,-9.81,3.8418827608762833
chrono,0.1495,0.09590270781830468,0.8215420898702648,7.694493758959184,3.762589709306335,-0.0432370770582762,-0.3612455800897759,27.730488315538366,2.9812907908423214
chrono,0.15,0.09631768520325479,0.8299547699001976,16.8253600598657,4.009068952991827,-0.0434083842733136,-0.3426144300748705,37.262300029810795,3.8269220599839056
chrono,0.1505,0.0967326625882049,0.8299547699001975,0.0,4.009068952991827,-0.043582143988351106,-0.3475194300748704,-9.81,3.8269220599839056
chrono,0.151,0.09714763997315501,0.8299547699001975,0.0,4.009068952991827,-0.043758356203388506,-0.3524244300748704,-9.81,3.8269220599839056
chrono,0.1515,0.0975678775066886,0.8404750670671098,21.040594333824735,3.633612212884936,-0.0439196240351107,-0.3225356634443291,59.77753326108264,2.419497494076704
chrono,0.152,0.09798958308563144,0.843411157885603,5.872181636986068,3.6316280012751085,-0.044080649958103006,-0.3220518459847557,0.9676349191466791,2.5657620692952023
chrono,0.1525,0.09841128866457427,0.843411157885603,0.0,3.768738894528595,-0.044244128381095406,-0.3269568459847557,-9.81,3.1774418598547554
chrono,0.153,0.0988329942435171,0.843411157885603,0.0,3.768738894528595,-0.044410059304087805,-0.3318618459847557,-9.81,3.1774418598547554
chrono,0.1535,0.09925802270934059,0.8500569316469351,13.291547522664155,3.8271886527439456,-0.0445659580280172,-0.3117974478587217,40.1287962520679,3.8434657962010172
chrono,0.154,0.09968389390473154,0.8517423907818318,3.3709182697935707,3.8271886527439456,-0.044721919683426405,-0.3119233108184912,-0.25172591953881174,3.8434657962010164
chrono,0.1545,0.10011054112675499,0.8532944440469021,3.1041065301408555,3.8271886527439456,-0.044877669150877805,-0.3114989349028015,0.8487518313791895,3.8434657962010164
chrono,0.155,0.10053848236480778,0.8558824761055998,5.176064117395313,3.6544947427113046,-0.0450314315541662,-0.3075248065768149,7.948256651973258,2.7385193704972757
chrono,0.1555,0.10096642360286057,0.8558824761055998,0.0,2.853287120812938,-0.04518764645745461,-0.3124298065768149,-9.81,0.4969812738396189
chrono,0.156,0.10139436484091335,0.8558824761055998,0.0,2.853175252252013,-0.045346313860743004,-0.3173348065768149,-9.81,0.6100987512489466
chrono,0.1565,0.10182228872652643,0.8558477712260768,-0.06940975904592013,2.853175252252013,-0.045506451911022906,-0.3202761005597395,-5.882587965849202,0.6100987512489466
chrono,0.157,0.10225020219502856,0.8558269370041736,-0.04166844380637733,1.8512421887365498,-0.0456682745722829,-0.3236453225199452,-6.738443920411534,-2.7035933088026076
chrono,0.1575,0.10267883549572021,0.8572666013833352,2.8793287583232225,1.571614491737213,-0.0458293384146424,-0.3221276847190699,3.0352756017506195,-3.216814019238164
chrono,0.158,0.10310746879641186,0.8572666013833352,0.0,1.8798093730351693,-0.045992854757001905,-0.3270326847190699,-9.81,-1.2138928885496365
chrono,0.1585,0.10353640895833416,0.8578803238445963,1.227444922522354,1.8798093730351693,-0.04615532697369561,-0.3249444333874341,4.176502663271478,-1.2138928885496365
chrono,0.159,0.10396534912025646,0.8578803238445963,0.0,1.5694356682943937,-0.046320251690389405,-0.3298494333874341,-9.81,-2.937325687218669
chrono,0.1595,0.10439428928217875,0.8578803238445963,0.0,1.557453736636401,-0.046487628907083106,-0.3347544333874341,-9.81,-2.9365737367536333
chrono,0.16,0.10482424642451316,0.8599142846687331,4.06792164827372,1.4096391399630268,-0.0466538744704328,-0.3324911266995542,4.526613375759812,-3.44413334777169
chrono,0.1605,0.10525420356684756,0.8599142846687331,0.0,1.363900140226737,-0.0468225725337826,-0.3373961266995541,-9.81,-3.5517755070023442
chrono,0.161,0.10568416012187198,0.8599131100488433,-0.0023492397794169333,1.5634988138632966,-0.046993129230376005,-0.3411133931867562,-7.434532974404116,-2.8935082470093096
chrono,0.1615,0.10611411667689641,0.8599131100488433,0.0,1.5634988138632966,-0.0471661384269694,-0.3460183931867561,-9.81,-2.893508247009309
chrono,0.162,0.10654407323192083,0.8599131100488433,0.0,1.566804040484531,-0.047341600123562706,-0.3509233931867561,-9.81,-3.080527867683157
chrono,0.1625,0.10697402978694526,0.8599131100488433,0.0,1.5687882520943586,-0.0475195143201561,-0.355828393186756,-9.81,-3.2267924429016555
chrono,0.163,0.1074056043650965,0.8631491563024718,6.47209250725708,1.6319560697323552,-0.0476893656808134,-0.3397027213145264,32.25134374445908,-2.8582622504398993
chrono,0.1635,0.10783717894324774,0.8631491563024718,0.0,1.7248650486107844,-0.047861669541470704,-0.3446077213145264,-9.81,-2.4601385299258105
chrono,0.164,0.1082704469463297,0.8665360061640257,6.773699723107868,1.6664152903954341,-0.0480329892252579,-0.3426393675745173,3.9367074800182085,-3.126162466272071
chrono,0.1645,0.10870449477383792,0.8680956550165135,3.1192977049757222,1.6664152903954341,-0.0482043678927851,-0.3427573350544038,-0.23593495977305068,-3.126162466272071
chrono,0.165,0.10913854260134614,0.8680956550165135,0.0,1.962871535894563,-0.0483781990603123,-0.3476623350544038,-9.81,-1.9731899501565178
chrono,0.1655,0.10957364431513517,0.8702034275779802,4.215545122933224,2.0592329519051256,-0.0485506082850125,-0.344818449400339,5.687771308129509,-1.603570334136371
chrono,0.166,0.11000979392196075,0.872299213651164,4.191572146367752,2.0592329519051256,-0.048722014106597704,-0.3428116431704122,4.013612459853739,-1.603570334136371
chrono,0.1665,0.11044594352878634,0.872299213651164,0.0,2.05934482046605,-0.048895872428182906,-0.3477166431704121,-9.81,-1.7166878115456987
chrono,0.167,0.11088209313561193,0.872299213651164,0.0,2.05934482046605,-0.0490721832497681,-0.352621643170412,-9.81,-1.7166878115456987
chrono,0.1675,0.11131824274243751,0.872299213651164,0.0,2.3070182680302014,-0.0492509465713533,-0.357526643170412,-9.81,-0.8099018783470971
chrono,0.168,0.11175544381249525,0.8744021401155245,4.205852928721159,2.3070182680302014,-0.0494270162905277,-0.3521394383486882,10.77440964344749,-0.8099018783470973
chrono,0.1685,0.11219313265469211,0.875377684393748,1.9510885564470113,2.321930753156555,-0.049603448360169305,-0.3528641392832903,-1.4494018692041237,-1.5088444087279076
chrono,0.169,0.11263082149688897,0.875377684393748,0.0,2.969661473610499,-0.049782332929811005,-0.3577691392832903,-9.81,0.5598400087547181
chrono,0.1695,0.11306851033908583,0.875377684393748,0.0,3.282495222056581,-0.049963669999452606,-0.3626741392832903,-9.81,1.6798344078377563
chrono,0.17,0.11350775557657156,0.8784904749714888,6.225581155481705,3.1344846892941445,-0.0501414064633846,-0.355472927864077,14.402422838426615,1.2319928137394296
chrono,0.1705,0.11394852369190345,0.8815362306637367,6.09151138449553,3.1463641785059386,-0.050316070770988604,-0.3493286152079856,12.2886253121829,1.4331902564328733
chrono,0.171,0.11438929180723534,0.8815362306637367,0.0,2.945623934556737,-0.050493187578592606,-0.3542336152079856,-9.81,0.6952011465219444
chrono,0.1715,0.11483005992256723,0.8815362306637367,0.0,2.857785186579995,-0.0506727568861966,-0.3591386152079855,-9.81,0.6036181208174631
chrono,0.172,0.11527082803789912,0.8815362306637367,0.0,3.102950954182068,-0.050854778693800604,-0.3640436152079855,-9.81,1.5569708100786035
chrono,0.1725,0.11571289643883065,0.8841368018631602,5.201142398847179,3.2922402176561807,-0.05103449237525531,-0.3594273629094001,9.23250459717063,2.101323662900872
chrono,0.173,0.11615496483976218,0.8841368018631602,0.0,3.2922402176561807,-0.05121665855671,-0.3643323629094001,-9.81,2.101323662900872
chrono,0.1735,0.11659872955436745,0.8875294292106155,6.785254694910506,3.091961506764697,-0.0513944313505131,-0.3555455876061691,17.573550606462057,1.1211136798795627
chrono,0.174,0.11704589485525518,0.8943306017753818,13.602345129532821,2.999052527886268,-0.051563796051124405,-0.3387294012226015,33.63237276713514,0.7229899593654734
chrono,0.1745,0.11749639595825301,0.9010022059956196,13.343208440475602,2.999052527886268,-0.05172629660427051,-0.3250011062922205,27.45658986076201,0.7229899593654734
chrono,0.175,0.11794689983038009,0.9010077442541018,0.011076516964538666,2.999052527886268,-0.0518912073095256,-0.3298214105101394,-9.640608435837901,0.7229899593654734
chrono,0.1755,0.11839746606982549,0.9011324788908256,0.24946927344767442,2.702596282387139,-0.0520575142282065,-0.3326138373618582,-5.584853703437686,-0.4299825567500798
chrono,0.176,0.11884803230927088,0.9011324788908256,0.0,2.4125243116968753,-0.0522262736468874,-0.3375188373618582,-9.81,-1.4822980478064083
chrono,0.1765,0.11929918528832606,0.9023059581102536,2.346958438856165,2.4249489679938026,-0.0523945104733384,-0.3364736529018283,2.0903689200596336,0.16711489274800903
chrono,0.177,0.11975162538766104,0.9048801986700756,5.1484811196435265,2.6815089764917803,-0.0525601946981706,-0.3313684496645864,10.210406474483944,0.5502812635840517
chrono,0.1775,0.1202050592556293,0.9068677359365536,3.9750745329563713,2.6815089764917803,-0.0527254735705256,-0.3305577447099525,1.6214099092676353,0.5502812635840517
chrono,0.178,0.12065849312359755,0.9068677359365536,0.0,2.4338355289276294,-0.052893204942880606,-0.3354627447099524,-9.81,-0.35650466961454974
chrono,0.1785,0.12111192699156581,0.9068677359365536,0.0,2.4338355289276294,-0.053063388815235604,-0.3403677447099524,-9.81,-0.35650466961454974
chrono,0.179,0.12156536085953407,0.9068677359365536,0.0,2.1107281625033196,-0.0532360251875906,-0.3452727447099523,-9.81,-1.660483269922267
chrono,0.1795,0.12201879472750232,0.9068677359365536,0.0,1.5330566800718013,-0.0534111140599455,-0.3501777447099523,-9.81,-3.077766657331386
chrono,0.18,0.12247222859547058,0.9068677359365536,0.0,0.8976658019539155,-0.05358865543230051,-0.3550827447099522,-9.81,-4.8523661745105295
chrono,0.1805,0.12292566246343883,0.9068677359365536,0.0,1.2501195449700657,-0.053768649304655504,-0.3599877447099521,-9.81,-3.671915899219273
chrono,0.181,0.12337909633140709,0.9068677359365536,0.0,1.2382400557582716,-0.0539510956770105,-0.3648927447099521,-9.81,-3.873113341912717
chrono,0.1815,0.12383259542882097,0.9069981948276712,0.26091778223546996,1.2382400557582716,-0.054127335131427506,-0.3524789088341307,24.82767175164276,-3.873113341912717
chrono,0.182,0.12428744146627946,0.9096920749169,5.387760178457536,1.3994975521424546,-0.0543040154623977,-0.3533606619403523,-1.7635062124431027,-3.4762086220163697
chrono,0.1825,0.12474228750373795,0.9096920749169,0.0,1.943687489622833,-0.0544831482933679,-0.3582656619403523,-9.81,-1.3797200784673849
chrono,0.183,0.12519713354119644,0.9096920749169,0.0,1.7543982261487203,-0.054664733624338005,-0.3631706619403522,-9.81,-1.9240729312896536
chrono,0.1835,0.12565197957865493,0.9096920749169,0.0,2.3458442192651474,-0.054848771455308205,-0.3680756619403522,-9.81,0.04019506841459578
chrono,0.184,0.12610682561611342,0.9096920749169,0.0,3.1155922370042055,-0.055035261786278405,-0.3729806619403521,-9.81,2.550659235169946
chrono,0.1845,0.12656203946457145,0.9104276969161356,1.4712439984709433,3.4392004891780346,-0.055220784761840704,-0.3710459511245803,3.8694216315436236,3.55536020990511
chrono,0.185,0.1270172533130295,0.9104276969161356,0.0,3.4392004891780346,-0.055408760237403,-0.3759509511245803,-9.81,3.55536020990511
chrono,0.1855,0.12747432031276762,0.9141339994762872,7.4126051203036925,3.459288713256139,-0.055592948501129,-0.3683765274519411,15.148847345278485,3.786414018052378
chrono,0.186,0.12793138731250575,0.9141339994762872,0.0,3.459288713256139,-0.055779589264854906,-0.3732815274519411,-9.81,3.786414018052377
chrono,0.1865,0.12838845431224388,0.9141339994762872,0.0,3.459288713256139,-0.05596868252858091,-0.3781865274519411,-9.81,3.786414018052378
chrono,0.187,0.12884695465344775,0.9170006824077492,5.733365862924006,3.450241516858468,-0.0561551694502974,-0.3729738434329996,10.425368037882931,2.4679520800950883
chrono,0.1875,0.12930959911210327,0.925288917311115,16.57646980673148,3.1895583606456572,-0.0563280972055417,-0.3458555104884933,54.23666588901261,2.2059840657232517
chrono,0.188,0.12977224357075878,0.925288917311115,0.0,3.1895583606456572,-0.056503477460785906,-0.3507605104884933,-9.81,2.2059840657232517
chrono,0.1885,0.13023799312087825,0.9314991002388374,12.420365855444969,3.1895583606456572,-0.056670997809031703,-0.3350406964915987,31.439627993789237,2.2059840657232512
chrono,0.189,0.13070778384809079,0.9395814544250976,16.164708372520213,3.182826819942047,-0.056827790720402005,-0.3135858227406675,42.90974750186236,2.4535660140791595
chrono,0.1895,0.13117927351862724,0.9429793410729228,6.795773295650413,3.182826819942047,-0.056981761451655004,-0.3079414625059483,11.288720469438433,2.4535660140791595
chrono,0.19,0.1316507631891637,0.9429793410729228,0.0,3.1530717264993795,-0.057138184682908,-0.3128464625059483,-9.81,2.3147619580350574
chrono,0.1905,0.13212235832287655,0.9431902674257427,0.4218527056401869,3.234571506480526,-0.0572958473816682,-0.3153253975204019,-4.957870028907371,2.759345406979385
chrono,0.191,0.13259395345658942,0.9431902674257427,0.0,2.881590310275588,-0.057455962580428406,-0.3202303975204019,-9.81,1.570828866728029
chrono,0.1915,0.13306554859030228,0.9431902674257427,0.0,2.949806040186915,-0.057618530279188604,-0.3251353975204019,-9.81,2.020594672624911
chrono,0.192,0.13353716145567962,0.943225730754685,0.07092665788439599,3.134962611530876,-0.0577818129851851,-0.3265654119931321,-2.8600289454603196,2.8715669772579857
chrono,0.1925,0.1340087526745315,0.9431824377036792,-0.08658610201150853,2.8619451894868755,-0.057946911899810306,-0.3301978292502579,-7.264834514251679,1.9079780230730843
chrono,0.193,0.13448034389338337,0.9431824377036792,0.0,2.0725894844044244,-0.058114463314435406,-0.3351028292502579,-9.81,-1.1418632097370403
chrono,0.1935,0.13495193511223524,0.9431824377036792,0.0,2.2104617735763314,-0.058284467229060506,-0.3400078292502579,-9.81,-0.5469277523245167
chrono,0.194,0.13542349099049844,0.9431117565262914,-0.14136235477580106,1.6305063950236902,-0.0584556238384568,-0.3423132187925209,-4.610779084525933,-2.310398825448316
chrono,0.1945,0.13589504686876164,0.9431117565262914,0.0,0.8730600137144788,-0.058629232947853,-0.3472182187925209,-9.81,-4.641311321128589
chrono,0.195,0.13636681434378384,0.9435349500443788,0.846387036174916,0.783494423153074,-0.058802603423135605,-0.3467409505652122,0.9545364546174753,-4.747557726294397
chrono,0.1955,0.13683900969265095,0.9443906977341808,1.711495379604079,0.783494423153074,-0.05897609233531131,-0.3469778243512967,-0.473747572169108,-4.747557726294397
chrono,0.196,0.13731120504151806,0.9443906977341808,0.0,0.7634061990749701,-0.059152033747486905,-0.3518828243512967,-9.81,-4.978611534441664
chrono,0.1965,0.1377837585229672,0.9451069628982496,1.4325303281378607,0.7634061990749701,-0.0593280663891816,-0.3520652833893795,-0.36491807616547867,-4.978611534441664
chrono,0.197,0.1382572840764159,0.9470511068973612,3.8882879982231855,0.7634061990749701,-0.059502083926277004,-0.3480350741907322,8.060418397294574,-4.978611534441664
chrono,0.1975,0.13873080962986462,0.9470511068973612,0.0,1.294607466970949,-0.059678553963372405,-0.3529400741907322,-9.81,-2.950230771706279
chrono,0.198,0.13920433518331332,0.9470511068973612,0.0,1.5769754603861974,-0.0598574765004677,-0.3578450741907321,-9.81,-2.45540819284377
chrono,0.1985,0.13967858456628013,0.9484987659336662,2.895318072610042,1.8390573451712244,-0.060035728126411704,-0.3565032518879006,2.683644605662991,-1.6609655338821068
chrono,0.199,0.14015289427497346,0.9486194173865858,0.24130290583950945,1.8390573451712244,-0.0602153780684911,-0.3592998841588059,-5.593264541810554,-1.6609655338821068
chrono,0.1995,0.14062726856725805,0.9487485845690992,0.25833436502677826,2.2210800439680702,-0.0603965378642973,-0.3623195916125176,-6.039414907423366,-0.41681201509664556
chrono,0.2,0.1411028715835161,0.9512060325160296,4.914895893860913,2.2210800439680702,-0.06057543327361341,-0.3577908186320394,9.05754596095648,-0.41681201509664545
chrono,0.2005,0.14157847459977413,0.9512060325160296,0.0,2.1807758993883124,-0.060756781182929404,-0.3626958186320393,-9.81,-0.9294089891260491
chrono,0.201,0.14205407761603217,0.9512060325160296,0.0,2.5532399367125618,-0.0609405815922454,-0.3676008186320393,-9.81,0.28031797493635663
chrono,0.2015,0.1425296806322902,0.9512060325160296,0.0,2.828756026746194,-0.06112683450156141,-0.3725058186320393,-9.81,1.1853773572133213
chrono,0.202,0.14300528364854825,0.9512060325160296,0.0,2.9708659022889683,-0.061315539910877404,-0.3774108186320392,-9.81,1.5043774548936046
chrono,0.2025,0.14348369320312715,0.9568191091578796,11.226153283699958,2.9468137551406777,-0.061494311328425505,-0.3575428350960478,39.73596707198278,1.2529438266370405
chrono,0.203,0.143963563543146,0.9597406800377338,5.843141759708707,2.9468137551406777,-0.06167230113606301,-0.3559796152751173,3.1264396418610136,1.2529438266370403
chrono,0.2035,0.14444480981305996,0.9624925398279768,5.5037195804855665,2.9468137551406777,-0.061848572619741,-0.3525429673560198,6.873295838194926,1.2529438266370405
chrono,0.204,0.14492605608297393,0.9624925398279768,0.0,2.8055036679825225,-0.062027296603419005,-0.3574479673560197,-9.81,0.7843938076727175
chrono,0.2045,0.14540927263146786,0.9664330969879557,7.881114319957963,2.7940130534187366,-0.0622006414758946,-0.3466897449510354,21.516444809968753,0.5835968810922677
chrono,0.205,0.14589248917996178,0.9664330969879557,0.0,2.8330193215162556,-0.0623764388483701,-0.3515947449510354,-9.81,1.3951344784032753
chrono,0.2055,0.1463757057284557,0.9664330969879557,0.0,2.8758485572866865,-0.0625546887208456,-0.3564997449510353,-9.81,1.2129811538614272
chrono,0.206,0.1468613055869905,0.9711997170696622,9.533240163413309,2.8758485572866865,-0.0627267059636528,-0.3440344856144646,24.930518673141414,1.212981153861427
chrono,0.2065,0.14734835190499807,0.9740926360150152,5.785837890706278,2.8758485572866865,-0.0628964241447031,-0.3394363621005565,9.196247027816254,1.2129811538614272
chrono,0.207,0.14783650243243418,0.9763010548722832,4.41683771453612,3.0182081321337146,-0.0630645588047596,-0.3362693201129963,6.334083975120469,1.912207603654868
chrono,0.2075,0.1483254987580973,0.9779926513263376,3.3831929081090855,3.1863990069434456,-0.0632319983867651,-0.3348791640110429,2.780312203906732,2.573747324918353
chrono,0.208,0.14881449508376043,0.9779926513263376,0.0,2.65182027914821,-0.0634018904687707,-0.3397841640110429,-9.81,0.2144155595858397
chrono,0.2085,0.14930349140942356,0.9779926513263376,0.0,2.4778803002794794,-0.0635742350507762,-0.3446891640110429,-9.81,0.16671803078241465
chrono,0.209,0.14979246968664728,0.977956554447482,-0.07219375771121588,2.2157984154944526,-0.0637483686092298,-0.3482671169073368,-7.155905792587793,-0.6277246281792485
chrono,0.2095,0.150281447963871,0.977956554447482,0.0,2.6989064350280825,-0.0639249546676835,-0.3531721169073368,-9.81,1.2765676784568702
chrono,0.21,0.15077069560759349,0.9784952874450196,1.0774659950746817,2.532357394980732,-0.0640987900074782,-0.3476706795892829,11.002874636107796,0.3430050352191255
chrono,0.2105,0.15126139682877726,0.9814024423675394,5.814309845039958,2.7041231312671075,-0.0642713172657364,-0.3450545165164941,5.232326145577668,0.9418110764912461
chrono,0.211,0.15175209804996104,0.9814024423675394,0.0,2.833693501619726,-0.0644462970239946,-0.3499595165164941,-9.81,1.4396467918268832
chrono,0.2115,0.1522427992711448,0.9814024423675394,0.0,2.3797296843143307,-0.0646237292822529,-0.354864516516494,-9.81,-0.2146636211798509
chrono,0.212,0.15273424788009649,0.9828972179034332,2.9895510717875973,2.104213594280698,-0.0647999431016497,-0.3524276387936628,4.873755445662262,-1.1197230034568153
chrono,0.2125,0.15322657949114094,0.9846632220889352,3.5320083710043577,1.893887988826597,-0.0649751363375099,-0.3503864717203963,4.082334146533178,-1.8884889070339805
chrono,0.213,0.15371891110218538,0.9846632220889352,0.0,1.9014584676185575,-0.06515278207337011,-0.3552914717203962,-9.81,-1.5171514313844825
chrono,0.2135,0.15421179031378074,0.9857584231906678,2.1904022034653683,2.109066147479374,-0.06532989661134611,-0.3542290759519017,2.124791536989088,-0.5989542716147396
chrono,0.214,0.1547046695253761,0.9857584231906678,0.0,2.32003653785669,-0.065509463649322,-0.3591340759519016,-9.81,0.2445860262382417
chrono,0.2145,0.155200085054074,0.9908310573957708,10.145268410206233,2.5194026415116557,-0.06568148565268811,-0.3440440067322224,30.180138439358494,0.8766539455352896
chrono,0.215,0.15569659647889167,0.9930228496352528,4.383584478963593,2.5194026415116557,-0.06585302974872881,-0.3430881920812343,1.911629301976113,0.8766539455352894
chrono,0.2155,0.1561940096738248,0.9948263898662596,3.6070804620138905,2.6365219733499994,-0.0660238826130527,-0.3417057286478771,2.764926866714534,0.5451133150681259
chrono,0.216,0.15669210311320225,0.996186878754962,2.720977777404992,2.726835305271259,-0.06619457433987111,-0.3413834536368529,0.6445500220483744,1.3544300996946548
chrono,0.2165,0.1571901965525797,0.996186878754962,0.0,2.7950581627951685,-0.06636771856668951,-0.3462884536368528,-9.81,1.7170458826088544
chrono,0.217,0.15768828999195716,0.996186878754962,0.0,2.8526808317399555,-0.066543315293508,-0.3511934536368528,-9.81,2.0182313228561855
chrono,0.2175,0.15818638343133462,0.996186878754962,0.0,2.76117276033558,-0.0667213645203264,-0.3560984536368527,-9.81,1.695563686973853
chrono,0.218,0.1586853624139528,0.9979579652363322,3.5421729627402505,2.934574700622737,-0.0668967691473467,-0.3508092540405795,10.578399192546192,2.2086725283452586
chrono,0.2185,0.15918543133689023,1.0001378458748709,4.359761277077142,2.934574700622737,-0.0670698057392782,-0.3460731838629972,9.472140355164603,2.2086725283452586
chrono,0.219,0.15968660785437716,1.0023530349738328,4.430378197923635,2.8746287504008934,-0.0672408662446459,-0.3421210107355409,7.904346254912605,1.9404019388739284
chrono,0.2195,0.16018881299546883,1.0044102821833545,4.114494419043074,2.8746287504008934,-0.0674103973698856,-0.3390622504792158,6.117520512650213,1.9404019388739289
chrono,0.22,0.1606910181365605,1.0044102821833545,0.0,2.4739453430974083,-0.0675823809951252,-0.3439672504792158,-9.81,0.5260792323076912
chrono,0.2205,0.16119410752064312,1.006178768165194,3.536971963679901,2.4782373721032642,-0.06775335449001571,-0.3419469897810671,4.040521396297358,1.1508630588225768
chrono,0.221,0.1616991246271796,1.0100342130728872,7.710889815386398,2.3064716358168886,-0.06791877099025051,-0.3308330004696997,22.227978622734774,0.5520570175504559
chrono,0.2215,0.1622044999037181,1.0107505530768883,1.4326800080021027,2.3700670643220265,-0.06808473625762511,-0.3319305347491006,-2.19506855880181,0.6484434043284217
chrono,0.222,0.16271017769926854,1.0113555911008083,1.210076047840534,2.3700670643220265,-0.0682515728014383,-0.3336730876265036,-3.4851057548060442,0.6484434043284216
chrono,0.2225,0.163216122465212,1.0118895318869563,1.067881572295713,2.493766384372413,-0.0684188849114786,-0.3346242200804369,-1.9022649078667166,1.39876745837535
chrono,0.223,0.1637238605934347,1.0154762564454738,7.173449117034653,2.6781393940716884,-0.06858248261656501,-0.3271954101727706,14.857619815332695,2.0056281026967286
chrono,0.2235,0.16423159872165738,1.0154762564454738,0.0,2.5094644910840573,-0.0687485328216513,-0.3321004101727706,-9.81,1.0347519506707195
chrono,0.224,0.16473956973419235,1.0159420250698772,0.931537248806653,2.352842856529994,-0.0689154602494482,-0.3338548555937249,-3.508890841908845,0.4545703153581616
chrono,0.2245,0.16524754074672732,1.0159420250698772,0.0,2.141872466152678,-0.0690848401772451,-0.3387598555937249,-9.81,-0.3889699824948195
chrono,0.225,0.16575594448847641,1.0168074834982936,1.7309168568330415,1.9459441604839605,-0.0692541002646416,-0.3385201747929912,0.4793616014675077,-1.1474233402400678
chrono,0.2255,0.1662654666594976,1.019044342042337,4.473717088086569,1.9459441604839605,-0.06941960232962341,-0.3310041299635968,15.032089658788708,-1.1474233402400678
chrono,0.226,0.16677498883051878,1.019044342042337,0.0,1.7775169241182507,-0.0695875568946052,-0.3359091299635967,-9.81,-1.8069719781589897
chrono,0.2265,0.1672855251219839,1.0210725829303435,4.056481776012886,1.5487191508067701,-0.0697548442935509,-0.3345747978914039,2.668664144385655,-2.482602685923447
chrono,0.227,0.16779606141344905,1.0210725829303435,0.0,1.4804962932828605,-0.0699245841924966,-0.3394797978914038,-9.81,-2.8452184688376465
chrono,0.2275,0.16830724712634448,1.0223714257908727,2.5976857210581157,1.6284013234104746,-0.07009283739015851,-0.3365063953239111,5.9468051349854925,-1.9876231751306872
chrono,0.228,0.16881940079754088,1.0243073423927151,3.8718332036847882,2.138428985752831,-0.07026035706943781,-0.3350393585585366,2.9340735307489485,-0.11138756697550246
chrono,0.2285,0.16933155446873727,1.0243073423927151,0.0,1.7968361706559424,-0.0704303292487171,-0.3399443585585366,-9.81,-1.2860361296103928
chrono,0.229,0.16984397581667143,1.024842695868436,1.0707069514418148,1.7968361706559424,-0.0706009793464929,-0.3413001955517361,-2.7116739863991084,-1.2860361296103928
chrono,0.2295,0.1703563971646056,1.024842695868436,0.0,1.752477254046102,-0.0707740819442688,-0.3462051955517361,-9.81,-1.5860889466623525
chrono,0.23,0.17086881851253977,1.024842695868436,0.0,1.9234965662629175,-0.07094963704204471,-0.3511101955517361,-9.81,-0.8850012347059824
chrono,0.2305,0.17138123986047393,1.024842695868436,0.0,2.1115808592456924,-0.0711276446398205,-0.356015195551736,-9.81,-0.20288293654569736
chrono,0.231,0.1718936612084081,1.024842695868436,0.0,2.206234062411568,-0.07130810473759641,-0.360920195551736,-9.81,0.194012791078009
chrono,0.2315,0.17240680909048622,1.0262957641563586,2.9061365758453026,3.0460475299552656,-0.0714865549019323,-0.3569003286718953,8.039733759681175,3.0118511108104364
chrono,0.232,0.17291995697256435,1.0262957641563586,0.0,2.852881731097509,-0.0716674575662683,-0.3618053286718953,-9.81,2.4176290086968337
chrono,0.2325,0.1734341838750627,1.0284538049966188,4.3160816805204325,2.905581348141054,-0.07184472913175101,-0.3545431309653753,14.524395413040095,2.817783861090054
chrono,0.233,0.1739513553931814,1.0343430362373611,11.778462481485194,2.7998884898362126,-0.07201262602651781,-0.3357937895336792,37.49868286339216,2.2620601755202663
chrono,0.2335,0.1744685269113001,1.0343430362373611,0.0,2.615515480136937,-0.07218297542128471,-0.3406987895336792,-9.81,1.6551995311988876
chrono,0.234,0.1749856984294188,1.0343430362373611,0.0,2.608549478762732,-0.0723557773160515,-0.3456037895336791,-9.81,1.98583603452898
chrono,0.2345,0.1755028699475375,1.0343430362373611,0.0,2.557563433455979,-0.0725310317108183,-0.3505087895336791,-9.81,1.6478205100717946
chrono,0.235,0.17602093931704532,1.036138739015638,3.5914055565531204,2.560535996022024,-0.0727050578950974,-0.3480523685581372,4.912841951083774,1.8358249144505252
chrono,0.2355,0.17654042885830545,1.0389790825203735,5.680687009471317,2.5725533868108093,-0.07287538311791081,-0.3406504456267204,14.803845862833496,2.029113487039793
chrono,0.236,0.17706153375815425,1.0422097996976587,6.46143435456996,2.5725533868108093,-0.0730398666157394,-0.3289669956572771,23.36689993888654,2.029113487039793
chrono,0.2365,0.1775870476787077,1.0510278411068674,17.63608281841765,2.5725533868108093,-0.0731920089623895,-0.3042846933000866,49.36460471438098,2.029113487039793
chrono,0.237,0.17811256159926114,1.0510278411068674,0.0,2.434165930818176,-0.07334660380903951,-0.3091896933000866,-9.81,1.1791261651502132
chrono,0.2375,0.1786383521928041,1.0515811870858245,1.1066919579144392,2.434165930818176,-0.07350155034271451,-0.3098930673499578,-1.4067480997423836,1.179126165150213
chrono,0.238,0.1791642373202712,1.0517702549341528,0.37813569665645574,2.2286382317457742,-0.0736579277244549,-0.3127547634809478,-5.723392261980043,0.020345431195922952
chrono,0.2385,0.1796901224477383,1.0517702549341528,0.0,1.7730804510527542,-0.07381675760619541,-0.3176597634809478,-9.81,-1.232484294194516
chrono,0.239,0.18021597100369813,1.0516971119197236,-0.14628602885831118,1.7730804510527538,-0.0739763041462934,-0.3190930801959818,-2.8666334300680676,-1.232484294194516
chrono,0.2395,0.18074181955965796,1.0516971119197236,0.0,2.5340653525448387,-0.0741383031863914,-0.3239980801959818,-9.81,2.6567932487102746
chrono,0.24,0.18126768372157132,1.051728323826667,0.0624238138869484,2.534065352544839,-0.07430176770336641,-0.3269290339500051,-5.861907508046656,2.6567932487102746
chrono,0.2405,0.1817936109747863,1.0518545064299494,0.2523652065644924,2.3630460403280233,-0.0744666699553353,-0.3298045039378178,-5.750939975625381,1.955705536753904
chrono,0.241,0.1823195382280013,1.0518545064299494,0.0,2.4292348276255296,-0.07463402470730421,-0.3347095039378178,-9.81,1.7901836937678777
chrono,0.2415,0.18284546548121627,1.0518545064299494,0.0,2.451190453894865,-0.0748038319592731,-0.3396145039378177,-9.81,1.2088743965016056
chrono,0.242,0.18337139273443126,1.0518545064299494,0.0,1.6355158884567385,-0.074976091711242,-0.3445195039378176,-9.81,-1.3967014665294892
chrono,0.2425,0.18389731998764625,1.0518545064299494,0.0,1.853877743910952,-0.0751508039632109,-0.3494245039378176,-9.81,-0.3043507785760374
chrono,0.243,0.18442324724086123,1.0518545064299494,0.0,1.9765866074051395,-0.07532796871517991,-0.3543295039378175,-9.81,-0.048458084140002085
chrono,0.2435,0.18494972743134797,1.0529603809734154,2.2117490869317646,2.0249026709854308,-0.0755023361524912,-0.348734874622721,11.189258630192944,0.022399719581444183
chrono,0.244,0.1854762076218347,1.0529603809734154,0.0,2.074004586807826,-0.07567915608980261,-0.353639874622721,-9.81,0.29950368370286096
chrono,0.2445,0.18600668298305423,1.0609507224390822,15.980682931333783,2.2266414008393967,-0.07583800982001371,-0.3177074604222207,71.8648284010006,0.7500755107093847
chrono,0.245,0.18653715834427376,1.0609507224390822,0.0,2.2266414008393967,-0.07599931605022481,-0.3226124604222207,-9.81,0.7500755107093846
chrono,0.2455,0.18706763370549329,1.0609507224390822,0.0,2.223668838273351,-0.07616307478043591,-0.3275174604222207,-9.81,0.562071106330654
chrono,0.246,0.18759987672959855,1.0644860482104417,7.070651542718942,2.317714656444374,-0.076324001538857,-0.3218535168421573,11.32788716012694,1.058907194491562
chrono,0.2465,0.18813385037933028,1.0679472994635546,6.922502506225999,2.371177848566057,-0.076482138446104,-0.3162738144940099,11.159404696294827,1.3144791101035223
chrono,0.247,0.18866795075829812,1.0682007579356632,0.5069169442169906,2.500283289662588,-0.0766416134754533,-0.3189500586986458,-5.352488409272011,1.9818092633706357
chrono,0.2475,0.1892031975370071,1.0704935574179324,4.58559896453849,2.7166528785145534,-0.0767978061636909,-0.3123853764751346,13.129364447022487,2.86970326121314
chrono,0.248,0.18973936521023893,1.0723353464635783,3.68357809129238,2.7166528785145534,-0.0769530071023076,-0.3104018772334274,3.9669984834143595,2.86970326121314
chrono,0.2485,0.19027588107672866,1.0730317329794998,1.3927730318425633,2.792122763406536,-0.0771092668855203,-0.3125195664253422,-4.235378383829671,3.4421953791918987
chrono,0.249,0.19081265472827647,1.073547303095635,1.0311402322702963,2.77172803653493,-0.07726652437292131,-0.3145149748020673,-3.9908167534502477,2.8373784050459205
chrono,0.2495,0.19135019315159074,1.0750768466285374,3.059087065804681,2.8596178303961928,-0.0774221330165881,-0.3112172873335329,6.5953749370689305,3.3150688277357583
chrono,0.25,0.19188773157490502,1.0750768466285374,0.0,2.284119538750719,-0.0775801941602548,-0.3161222873335328,-9.81,0.21347506143106448
chrono,0.2505,0.1924252699982193,1.0750768466285374,0.0,2.284119538750719,-0.0777407078039216,-0.3210272873335328,-9.81,0.21347506143106448
chrono,0.251,0.19296336525338065,1.0761905103226157,2.2273273881559645,2.5224672229254637,-0.0779000507931194,-0.318685978395656,4.682617875753689,1.3681418168873063
chrono,0.2515,0.1935017411903006,1.0767518738398931,1.1227270345553388,2.1857695304150377,-0.07806050452976031,-0.3209074732817303,-4.442989772148834,0.36157576164316635
chrono,0.252,0.1940407949307863,1.0781074809714066,2.7112142630271556,2.032602264888489,-0.07821990728309651,-0.3188055066724256,4.2039332186093805,0.12239907026230024
chrono,0.2525,0.19458098461161344,1.0803793616543522,4.54376136589127,2.008463362782918,-0.078377101092944,-0.3143876196950793,8.835773954692582,-0.0898633864390326
chrono,0.253,0.19512117429244058,1.0803793616543522,0.0,1.9399821284304088,-0.07853674740279161,-0.3192926196950793,-9.81,-0.36250016870133756
chrono,0.2535,0.19566176019016346,1.081171795445718,1.5848675827316387,1.811947625344676,-0.0786958406290197,-0.3181864524563023,2.2123344775539344,-0.6701716738896325
chrono,0.254,0.19620279195284196,1.082063525357032,1.7834598226280454,1.809605511561387,-0.07885531182970461,-0.3189424013697386,-1.5118978268725964,-0.5578570895448529
chrono,0.2545,0.1967442851369382,1.082986368192575,1.8456856710865077,2.072573920803557,-0.0790147276556704,-0.3188316519314953,0.22149887648659572,0.6949390446556339
chrono,0.255,0.1972867521257362,1.0849339775959648,3.8952188067788374,1.9269031081461918,-0.07917246064180901,-0.3154659722771943,6.731359308602025,-0.08626928568098181
chrono,0.2555,0.19782921911453422,1.0849339775959648,0.0,2.103346918533981,-0.0793326461279476,-0.3203709722771943,-9.81,0.6394041761114032
chrono,0.256,0.19837293742867412,1.0874366282797996,5.005301367669639,2.1033469185339806,-0.07948922211362,-0.3131519713449037,14.43800186458108,0.6394041761114032
chrono,0.2565,0.19891665574281403,1.0874366282797996,0.0,1.997283709574173,-0.07964825059929251,-0.3180569713449037,-9.81,-0.05072048463877247
chrono,0.257,0.19946130055443645,1.089289623244884,3.705989930168471,2.1849240686829305,-0.0798057449114206,-0.3149886242562554,6.136694177296636,1.281303032500183
chrono,0.2575,0.20000594536605887,1.089289623244884,0.0,2.3053776313809107,-0.0799656917235487,-0.3198936242562554,-9.81,1.4563187014269425
chrono,0.258,0.20055137705094206,1.0908633697664518,3.147493043135794,2.2172223712017223,-0.080123787537672,-0.3161916282464983,7.403992019514083,1.0888429338197398
chrono,0.2585,0.20109705744920692,1.091360796529698,0.9948535264919945,2.2172223712017223,-0.0802825068775766,-0.3174386798092682,-2.4941031255398363,1.0888429338197398
chrono,0.259,0.20164307374463242,1.0920325908508943,1.3435886423934928,2.1294044011556412,-0.0804416954105094,-0.3183770658655629,-1.8767721125892987,0.630568982101685
chrono,0.2595,0.20219072840926444,1.0953093292640723,6.553476826355873,2.184134049258431,-0.08059530446792601,-0.3072181148331829,22.317902064759977,1.1366496759825304
chrono,0.26,0.20273838307389647,1.0953093292640723,0.0,2.206383098327465,-0.08075136602534261,-0.3121231148331829,-9.81,1.1952000095391113
chrono,0.2605,0.20328696406853308,1.0971619892731443,3.7053200181435737,2.2098764411752847,-0.0809060702970847,-0.3094085434843628,5.429142697640085,1.2885946709438112
chrono,0.261,0.20383554506316964,1.0971619892731443,0.0,2.2709374165569423,-0.0810632270688269,-0.3143135434843628,-9.81,1.6158766164618914
chrono,0.2615,0.20438412605780626,1.0971619892731443,0.0,2.0904594787607302,-0.08122283634056911,-0.3192185434843628,-9.81,0.7972212290381103
chrono,0.262,0.20493397284608672,1.0996935765610638,5.063174575839252,2.1275745661993417,-0.0813765632362893,-0.3074537914404782,23.529504087769233,1.0802575661564735
chrono,0.2625,0.20548512981913725,1.1023139461009062,5.240739079684735,2.266677373688962,-0.08152832031644311,-0.3035141603074425,7.879262266071327,1.815840005197138
chrono,0.263,0.20603695991741316,1.1036601965519703,2.692500902128316,2.323455312982734,-0.081679797700888,-0.3029547688899719,1.1187828349413245,2.085348212410751
chrono,0.2635,0.20658879001568914,1.1036601965519703,0.0,2.1735746918810293,-0.081833727585333,-0.3078597688899719,-9.81,1.2656343067196039
chrono,0.264,0.20714055528651815,1.1035305416578522,-0.2593097882360677,2.1874984270287636,-0.0819895103244051,-0.3115654781442345,-7.411418508525214,1.3505993298715968
chrono,0.2645,0.20769305375295521,1.1049969328742455,2.9327824327866305,2.2016519625821713,-0.0821430141142911,-0.3070075797719219,9.115796744625156,1.4344267412234233
chrono,0.265,0.20824613044831775,1.1061533907250136,2.3129157015362307,2.0781657824737074,-0.0822961551402068,-0.3062820518313345,1.4510558811747956,0.9280415280326724
chrono,0.2655,0.20880019928843196,1.1081376802283052,3.9685790065830417,2.143469440696946,-0.0824471230043229,-0.3019357282322842,8.69264719810072,1.3161057635165938
chrono,0.266,0.20935458869866685,1.1087788204698126,1.2822804830148042,2.2803353381730025,-0.0825988251382251,-0.3034042678043444,-2.9370791441203172,2.0828730497001327
chrono,0.2665,0.20990928192507025,1.1093864528067872,1.2152646739491904,2.318329823968944,-0.0827512157124451,-0.3047811484400035,-2.753761271318319,2.273723385581395
chrono,0.267,0.21046417000568263,1.1097761612248924,0.7794168362108399,2.353049163079719,-0.0829045728458952,-0.3067142669002607,-3.8662369205143774,2.515755056425514
chrono,0.2675,0.21102071487351692,1.1130897356686178,6.6271488874505,2.6160640952882406,-0.0830525339979961,-0.2959223042016854,21.583925397150594,3.436155701836246
chrono,0.268,0.21157755782553256,1.1136859040312024,1.1923367251692067,2.366505091493729,-0.083201532732009,-0.2979974680259424,-4.150327648514133,2.5938098796423734
chrono,0.2685,0.21213440077754814,1.1136859040312024,0.0,2.365234008170275,-0.083352983966022,-0.3029024680259424,-9.81,2.5442870604316203
chrono,0.269,0.21269156554255486,1.1143295300134997,1.2872519645944187,2.365234008170275,-0.08350461265944481,-0.3032573868456164,-0.7098376393479882,2.5442870604316203
chrono,0.2695,0.21324914051078386,1.115149936458007,1.6408128890150537,2.3775820933243734,-0.0836562704519862,-0.3033155850827169,-0.11639647420094157,2.4300688941709163
chrono,0.27,0.21380770554577383,1.1171300699800462,3.9602670440781367,2.4322427725777396,-0.0838050072913806,-0.2974736787888398,11.68381258775421,3.000782262776014
chrono,0.2705,0.21436661342496954,1.11781575839139,1.3713768226880145,2.4381590535460984,-0.08395415929353871,-0.2983040043162586,-1.660651054837647,2.7894922890564975
chrono,0.271,0.21492716618013152,1.1211055103239604,6.579503865140748,2.3116729898428083,-0.08409792848177,-0.2875383764625114,21.531255707494402,2.2377274779908083
chrono,0.2715,0.21548791840634396,1.1215044524248177,0.7978842017147704,2.3940986481377693,-0.0842431482057379,-0.2904394479357581,-5.80214294649349,2.657170184736791
chrono,0.272,0.21604885290908676,1.1218690054854807,0.7291061213262785,2.336228901759237,-0.0843895497634338,-0.2928031153918949,-4.7273349122735056,2.32115881670433
chrono,0.2725,0.21661243403386754,1.1271622495615898,10.586488152218202,2.299113814320625,-0.0845252368417194,-0.2713741565711976,42.8579176413946,2.038122479585967
chrono,0.273,0.21717601515864826,1.1271622495615898,0.0,2.0991079404984854,-0.084663376420005,-0.2762791565711976,-9.81,1.5880973886993548
chrono,0.2735,0.21774026273546715,1.1284951536377577,2.665808152335773,2.1872093911145134,-0.0848014962973827,-0.2762397547554399,0.07880363151551606,2.0589634774485255
chrono,0.274,0.21830451031228604,1.1284951536377577,0.0,2.293422366884618,-0.08494206867476041,-0.2811447547554399,-9.81,2.77204943454005
chrono,0.2745,0.21886875788910493,1.1284951536377577,0.0,2.3482272419756436,-0.0850850935521382,-0.2860497547554398,-9.81,2.910295416087115
chrono,0.275,0.21943402563009806,1.1305354819863112,4.0806566971073215,2.372979417037054,-0.0852228432351446,-0.2754993660127737,21.10077748533221,2.9823765526108468
chrono,0.2755,0.21999990266049174,1.131754060787247,2.437157601871762,2.279645326462171,-0.0853613394265427,-0.2769923827962413,-2.986033566935057,2.494868586252329
chrono,0.276,0.22056610778380253,1.132410246621654,1.3123716688139568,2.307048336447695,-0.0855005592213994,-0.2784395897133806,-2.894413834278752,2.641279873320209
chrono,0.2765,0.22113306621194023,1.1339168562752584,3.0132193072089795,1.9937386285838496,-0.0856383112118317,-0.275503980864608,5.8712176975453225,1.1488391253442847
chrono,0.277,0.22170002464007782,1.1339168562752584,0.0,2.0527036081244097,-0.085778515702264,-0.2804089808646079,-9.81,1.6158199234855757
chrono,0.2775,0.22226698306821546,1.1339168562752584,0.0,2.0179842690136347,-0.08592117269269631,-0.2853139808646079,-9.81,1.373788252641457
chrono,0.278,0.22283454825273746,1.1351303690438512,2.427025537185566,1.617376473306213,-0.0860607963335064,-0.279247281620342,12.133398488531741,-0.40442699051560393
chrono,0.2785,0.22340287405405634,1.136651602637904,3.0424671881058027,1.617376473306213,-0.0861989855092628,-0.2763783515127329,5.737860215218454,-0.40442699051560393
chrono,0.279,0.22397175747349807,1.13776683888349,2.2304724911721867,1.6050920553174672,-0.08633588348374441,-0.2737959489632718,5.164805098922011,0.10551403122971167
chrono,0.2795,0.22454125043152523,1.138985916054243,2.438154341505968,1.770847162060761,-0.0864722331262328,-0.2726992849767016,2.193327973140377,0.9433606158238697
chrono,0.28,0.22511128354169363,1.1400662203368954,2.1606085653046656,1.9125564581620127,-0.086608233441873,-0.2720006312803029,1.3973073927974262,1.6696481757347126
chrono,0.2805,0.22568181671464765,1.1410663459078982,2.000251142005596,1.8464836268769091,-0.08674387222118951,-0.2712775586331902,1.4461452942253388,0.8448480146627575
chrono,0.281,0.22625283659760964,1.1420397659240902,1.94684003238401,1.999960679414739,-0.0868791575040127,-0.2705705656463963,1.4139859735878204,2.043895632908813
chrono,0.2815,0.22682385648057174,1.1420397659240902,0.0,2.139598842384371,-0.0870168952868359,-0.2754755656463963,-9.81,2.664218847918673
chrono,0.282,0.22739538540072674,1.1430578403101237,2.0361487720665314,2.0922976043850445,-0.0871536319562055,-0.2734733387391595,4.004453814473628,2.5262104471223727
chrono,0.2825,0.22796691432088184,1.1430578403101237,0.0,2.1599694914817165,-0.0872928211255751,-0.2783783387391595,-9.81,2.9238517685300063
chrono,0.283,0.22853898667214745,1.1441447025313047,2.17372444236235,2.1599694914817165,-0.0874306314455609,-0.2756206399716113,5.515397535096319,2.9238517685300063
chrono,0.2835,0.22911105902341317,1.1441447025313047,0.0,2.0503152126898443,-0.0875708942655467,-0.2805256399716113,-9.81,2.2283347219912457
chrono,0.284,0.22968373333352243,1.1453486202185907,2.407835374572113,1.9369699697540126,-0.0877084601942605,-0.2751318574275277,10.787565088167144,1.6423356984161381
chrono,0.2845,0.23025727785794214,1.1470890488393952,3.4808572416091703,1.8466088291456597,-0.08784407992840511,-0.2712394682892891,7.784778276477317,1.1823219830282519
chrono,0.285,0.23083156635616636,1.1485769964484585,2.9758952181262828,1.89455061142508,-0.0879783391528602,-0.2685184489102252,5.442038758127703,1.514792302824201
chrono,0.2855,0.23140652813620066,1.1499235600685185,2.6931272401201523,1.9064539944908512,-0.08811165338378961,-0.2666284618588146,3.7799741028211464,1.7290362029387805
chrono,0.286,0.23198290496016116,1.1527536479211016,5.660175705166185,1.9015404304989512,-0.088239419123115,-0.2555314786506985,22.193966416232108,1.7546307949649662
chrono,0.2865,0.23256034297739453,1.1548760344666895,4.2447730911762305,1.8088337622901887,-0.0883646517690201,-0.2504652918102344,10.132373680928309,1.2201552724131652
chrono,0.287,0.23313828596795516,1.1558859811213014,2.0198933092231317,1.8834846282125244,-0.088489141154605,-0.2489787711698229,2.97304128082302,1.762912120344677
chrono,0.2875,0.23371658423592306,1.1565965359358164,1.4211096290301033,1.871054109185978,-0.0886139954232525,-0.2497085372950427,-1.4595322504396933,1.6742123731092373
chrono,0.288,0.23429488250389097,1.1565965359358164,0.0,1.871054109185978,-0.0887413021919001,-0.2546135372950427,-9.81,1.6742123731092373
chrono,0.2885,0.23487321184327953,1.1566586787770945,0.12428568255624879,1.8613738907169683,-0.0888692270754198,-0.2558497670394338,-2.4724594887822393,1.7288790464769979
chrono,0.289,0.23545170673693971,1.1569897873203212,0.6622170864533355,1.8613738907169683,-0.0889987939887595,-0.2591338266793632,-6.5681192798588,1.728879046476998
chrono,0.2895,0.23603028485273453,1.1571562315895196,0.3328885383967785,1.8815096158333866,-0.0891294847728302,-0.261381568141475,-4.495482924223603,1.6226936570817212
chrono,0.29,0.23660972420147164,1.1588786974742065,3.4449317693738024,1.8535438096713752,-0.0892578817557287,-0.2567939657970473,9.175204688855308,1.620059277587342
chrono,0.2905,0.23718976619511112,1.1600839872790494,2.4105796096858483,1.8440557326531883,-0.08938480463130341,-0.2538457511494455,5.896429295203593,1.6863657650186672
chrono,0.291,0.23777028245532517,1.161032520428137,1.8970662981756945,1.715811578361753,-0.0895112315989465,-0.2528539352860579,1.983631726775247,1.0392241410748029
chrono,0.2915,0.23835079871553927,1.161032520428137,0.0,1.7447745921274675,-0.0896401110665895,-0.2577589352860578,-9.81,1.6070697225486705
chrono,0.292,0.23893170689279936,1.1618163545203215,1.5676681843690519,1.6978510750152869,-0.0897685935607809,-0.256964988382777,1.5878938065617447,1.5240926407614406
chrono,0.2925,0.23951305884702773,1.1627039084565762,1.775107872509061,1.7236996309450878,-0.0898965406151916,-0.2558941088215122,2.141759122529388,1.6719638672653752
chrono,0.293,0.24009441080125604,1.1627039084565762,0.0,1.7549549899904893,-0.0900269401696024,-0.2607991088215122,-9.81,1.9176119617138714
chrono,0.2935,0.24067625536544796,1.1636891283838329,1.9704398545131407,1.8744197888954168,-0.09015567387459421,-0.2574674099836025,6.663397675819295,2.722448956701539
chrono,0.294,0.24125809992963987,1.1636891283838329,0.0,1.9551431958449559,-0.090286860079586,-0.2623724099836025,-9.81,2.9045431540182998
chrono,0.2945,0.24184065216523226,1.1651044711848413,2.830685602016905,1.9350858931584596,-0.0904159068666001,-0.2580935740281694,8.557671910866334,2.8653627272085576
chrono,0.295,0.24242392779465266,1.1665512588409448,2.8935753122069325,1.9192340579967082,-0.09054302128953741,-0.2542288458746217,7.729456307095353,2.612290485504919
chrono,0.2955,0.24300789758547336,1.167939581641317,2.7766456007443576,1.7633949923596957,-0.0906684270937262,-0.2508116083775289,6.834474994185532,1.9598260563997616
chrono,0.296,0.24359186737629396,1.167939581641317,0.0,1.680337618135327,-0.0907962853979149,-0.2557166083775289,-9.81,1.659743892392169
chrono,0.2965,0.24417740426686324,1.17107378113844,6.268398994246198,1.6460539264238088,-0.0909156140211969,-0.2386572465639373,34.11872362718333,1.4233627254695935
chrono,0.297,0.24476375600224043,1.1727034707543502,3.259379231820429,1.734885962919351,-0.09103284518073801,-0.234462319082239,8.389854963396479,1.9853020766655678
chrono,0.2975,0.24535074841586346,1.1739848272462243,2.5627129837489573,1.678703912153205,-0.09114855675601981,-0.2314231505635362,6.078337037405648,1.709917533465196
chrono,0.298,0.24593826019752885,1.1750235633307162,2.0774721689835283,1.7461279455089833,-0.09126334356186826,-0.2295736116970468,3.699077732978731,2.2431215031523117
chrono,0.2985,0.24652639916938845,1.176277943719218,2.5087607770034825,1.7633874955311497,-0.0913763574734931,-0.2260278232496763,7.091576894741019,2.391259899661201
chrono,0.299,0.24711499301055523,1.1771876823334662,1.8194772284965695,1.7936989050059136,-0.0914890335054542,-0.2253520639222415,1.3515186548697322,2.506402500813278
chrono,0.2995,0.24770364710515447,1.177308189198485,0.2410137300369153,1.7936989050059136,-0.091603557264476,-0.2290475180436731,-7.390908242863388,2.506402500813278
chrono,0.3,0.24829230119975365,1.177308189198485,0.0,1.7863393026998342,-0.09172053352349781,-0.2339525180436731,-9.81,2.636259278883193
chrono,0.3005,0.24888099837220062,1.177394344893983,0.17231139099653922,1.779402472639261,-0.0918386414196003,-0.2362157922048496,-4.5265483223530065,2.5719100134500676
chrono,0.301,0.24946986213833544,1.17772753226947,0.6663747509740988,1.6471812535561967,-0.0919568506397399,-0.2364184402793276,-0.4052961489558484,1.7793159661078997
chrono,0.3015,0.25005902018166326,1.1783160866555868,1.1771087722338132,1.6471812535561967,-0.0920758049530742,-0.237908626668627,-2.9803727785988423,1.7793159661078997
chrono,0.302,0.25064864459318265,1.17924882303879,1.8654727664063848,1.3486860633539965,-0.09219426158481481,-0.2369132634810692,1.9907263751154662,-0.31252801613892556
chrono,0.3025,0.25123836596598154,1.1794427455979302,0.38784511827999574,1.193477528505405,-0.0923137670119555,-0.2390108542813923,-4.195181600646067,-1.1791877763006626
chrono,0.303,0.25182888509192375,1.1810382518844202,3.191012572980401,1.0714435768983117,-0.09242993767847471,-0.2323413330384129,13.339042485958812,-1.93577525427236
chrono,0.3035,0.25241949483050363,1.181219477159653,0.36245055046549735,0.9725163307562388,-0.0925477831184122,-0.2356908798750695,-6.699093673313328,-2.5790646701284907
chrono,0.304,0.25301075631394676,1.1825229668863944,2.60697945348318,1.0680291254840126,-0.0926633582102747,-0.231150183725063,9.08139230001292,-1.3304081152762717
chrono,0.3045,0.25360201779738994,1.1825229668863944,0.0,0.9813873526984619,-0.09278138580213731,-0.236055183725063,-9.81,-1.8619090036034016
chrono,0.305,0.2541939483143215,1.183861033863189,2.676133953589243,1.570598115292614,-0.0928965922279372,-0.2304128515998958,11.284664250334542,2.285739145549127
chrono,0.3055,0.2547865658067233,1.1852349848036563,2.747901880934895,1.570598115292614,-0.09301020412330391,-0.2272237907333959,6.378121732999729,2.285739145549127
chrono,0.306,0.2553791832991251,1.1852349848036563,0.0,1.765949513865972,-0.0931262685186706,-0.2321287907333959,-9.81,3.1492529834232217
chrono,0.3065,0.2559718007915269,1.1852349848036563,0.0,1.876336875030639,-0.0932447854140373,-0.2370337907333959,-9.81,3.6297875266619464
chrono,0.307,0.25656441828392873,1.1852349848036563,0.0,1.8202840763528383,-0.093365754809404,-0.2419387907333959,-9.81,3.304567182785701
chrono,0.3075,0.25715703577633053,1.1852349848036563,0.0,1.939141978481933,-0.09348917670477071,-0.2468437907333959,-9.81,4.5416105586016995
chrono,0.308,0.25774965326873234,1.1852349848036563,0.0,1.920673163325743,-0.0936150511001374,-0.2517487907333959,-9.81,4.27423825387056
chrono,0.3085,0.25834227076113414,1.1852349848036563,0.0,1.893168507379293,-0.0937433779955041,-0.2566537907333959,-9.81,4.327129309308426
chrono,0.309,0.25893601688590256,1.1874922495368,4.514529466286733,1.9991560025560076,-0.0938633765497342,-0.239997108460077,33.313364546637615,5.468897176141271
chrono,0.3095,0.25952976301067104,1.1874922495368,0.0,1.9754013535652255,-0.0939858276039642,-0.244902108460077,-9.81,5.307625801614277
chrono,0.31,0.26012666274537555,1.193799469409057,12.614439744514113,1.9754013535652255,-0.0940883512324719,-0.2050472570154071,79.70970288933971,5.307625801614277
chrono,0.3105,0.26072356248008005,1.193799469409057,0.0,1.884756393882962,-0.0941933273609796,-0.2099522570154072,-9.81,4.792403902813276
chrono,0.311,0.26132153088747484,1.1959368147895757,4.274690761037058,1.7967142506765874,-0.0942949016789191,-0.2031486358789057,13.607242273002987,4.474489825886679
chrono,0.3115,0.26192024542220343,1.1974290694572916,2.9845093354321097,1.8433849631294335,-0.0943940545145437,-0.1983056712493769,9.685929259057366,4.935270886649457
chrono,0.312,0.26251895995693214,1.1974290694572916,0.0,1.8433849631294335,-0.0944956598501684,-0.2032106712493769,-9.81,4.935270886649457
chrono,0.3125,0.26311876486383856,1.19960981381285,4.3614887111173735,1.8941900337441917,-0.09459027302647631,-0.1892263526157512,27.96863726725143,5.521265084176517
chrono,0.313,0.2637185697707449,1.19960981381285,0.0,1.9544198607293284,-0.0946873387027842,-0.1941313526157511,-9.81,6.094595894835786
chrono,0.3135,0.26431902803135093,1.2009165212119026,2.61341479810495,2.031778541956962,-0.0947807919404295,-0.1869064752906741,14.449754650154025,6.944215855939192
chrono,0.314,0.26492013333894415,1.2022106151864909,2.5881879491765014,2.031778541956962,-0.0948699256701923,-0.1782674595255859,17.2780315301764,6.944215855939192
chrono,0.3145,0.26552176567949354,1.2032646810988292,2.108131824676758,1.8739682737525836,-0.0949576357265964,-0.1754201128081129,5.69469343494605,5.486922413867648
chrono,0.315,0.26612339802004303,1.2032646810988292,0.0,1.9360756719919747,-0.0950477982830004,-0.1803251128081129,-9.81,6.063594981015228
chrono,0.3155,0.26672522350804245,1.20365097599896,0.7725898002617025,1.3967620393904414,-0.09513784458831061,-0.1800926106203561,0.4650043755135229,2.3597130395455697
chrono,0.316,0.26732727375026033,1.2041004844357606,0.8990168736010329,1.3967620393904414,-0.0952279654120914,-0.1802416475615855,-0.2980738824588105,2.3597130395455697
chrono,0.3165,0.26792956901371856,1.2045905269165154,0.9800849615097685,1.193205336483915,-0.0953181196353032,-0.1803084464235763,-0.1335977239816586,1.2446062646406653
chrono,0.317,0.26853186427717685,1.2045905269165154,0.0,1.0510858443204811,-0.095410726358515,-0.1852134464235763,-9.81,0.3162286808760288
chrono,0.3175,0.26913442626725576,1.2051239801579705,1.066906482909923,1.20248460952163,-0.09550270911218971,-0.1839655073495421,2.495878148068261,2.290136064780008
chrono,0.318,0.26973730446392646,1.2057563933413142,1.2648263666878716,1.2167829110108206,-0.0955941343791085,-0.1828505338376198,2.229947023844641,1.6671110605917887
chrono,0.3185,0.27034058879367356,1.2065686594942042,1.6245323057803025,1.2641965206982764,-0.0956835516412316,-0.1788345242460341,8.032019183171547,2.3884144589651264
chrono,0.319,0.27094387312342066,1.2065686594942042,0.0,1.1397481969789933,-0.0957754214033546,-0.1837395242460341,-9.81,1.23318804705303
chrono,0.3195,0.27154745758162624,1.2071689164112016,1.2005138339947854,1.0654159119476654,-0.0958666136149118,-0.1823844231144665,2.710202263135155,0.38023651435806466
chrono,0.32,0.2721513681036725,1.207821044092715,1.3042553630272211,0.9650286822011529,-0.09595723079549151,-0.1812343611594169,2.3001239100991953,-0.35808222063936634
chrono,0.3205,0.27275560083908384,1.208465470822656,1.288853459881913,1.0096959152815226,-0.0960473659305416,-0.1802702701001784,1.9281821184768795,0.17907765991916533
chrono,0.321,0.2733598335744952,1.208465470822656,0.0,0.9729059247928701,-0.0961399535655917,-0.1851752701001784,-9.81,-0.31020826272433577
chrono,0.3215,0.27396406630990655,1.208465470822656,0.0,1.0453431369571107,-0.0962349937006418,-0.1900802701001784,-9.81,0.43540450711904066
chrono,0.322,0.2745682990453178,1.208465470822656,0.0,0.9986724245042646,-0.0963324863356919,-0.1949852701001784,-9.81,-0.025376553643737546
chrono,0.3225,0.27517332662424643,1.210055157857268,3.1793740692241266,1.0330908282943059,-0.0964220684569765,-0.1791642425691866,31.642055061983562,0.5440774152927604
chrono,0.323,0.27577951964143566,1.2123860343784632,4.66175304239038,1.0357905427547973,-0.0965079293002162,-0.1717216864795372,14.885112179298828,0.5017959301046124
chrono,0.3235,0.2763859615800757,1.212883877280181,0.9956858034365702,1.1751388064900328,-0.09659245580061461,-0.1690530007966171,5.337371365840092,1.7787636801433653
chrono,0.324,0.27699240351871585,1.212883877280181,0.0,1.1206971303824111,-0.0966794348010129,-0.1739580007966171,-9.81,1.1083295277873706
chrono,0.3245,0.27759910225984674,1.2133974822619409,1.027209963518615,1.2483604862978457,-0.0967665722890753,-0.174274976124826,-0.6339506564178752,2.32000830052866
chrono,0.325,0.27820580100097775,1.2133974822619409,0.0,1.3017858273693912,-0.0968561622771377,-0.179179976124826,-9.81,2.8088293219845
chrono,0.3255,0.27881273424508235,1.2138664882092844,0.938011894687761,1.3361298266123012,-0.09694538467582721,-0.1784447973789614,1.470357491729164,3.198230824802389
chrono,0.326,0.27941966748918706,1.2138664882092844,0.0,1.3587499859019598,-0.09703705957451661,-0.1833497973789614,-9.81,3.4978786591224633
chrono,0.3265,0.28002720578287393,1.2150765873738094,2.4201983290500837,1.431868981470119,-0.0971248945246351,-0.1756699002368353,15.359794284252095,4.262265025947971
chrono,0.327,0.28063474407656086,1.2150765873738094,0.0,1.431868981470119,-0.0972151819747535,-0.1805749002368353,-9.81,4.262265025947971
chrono,0.3275,0.28124246306686773,1.2154379806136049,0.7227864795908675,1.4960004337664532,-0.097304932291535,-0.1795006335630021,2.148533347666458,5.060815339741413
chrono,0.328,0.28185046295729616,1.215999780856895,1.1236004865802462,1.409646333438009,-0.0973942806165767,-0.1786966500834435,1.607966959117153,3.7994642939628798
chrono,0.3285,0.28245951063270086,1.218095350809459,4.191139905127813,1.1876580933241816,-0.09747636737417481,-0.1641735151961143,29.046269774658448,2.6235065711391257
chrono,0.329,0.28306867862238244,1.218335979363219,0.48125710752024986,1.1943481203084059,-0.0975599659062769,-0.1671970642042664,-6.047098016304341,2.601617976096897
chrono,0.3295,0.28367851684468265,1.219676444600331,2.6809304742241253,1.1943481203084059,-0.0976396556248221,-0.1593794370904829,15.635254227567076,2.601617976096897
chrono,0.33,0.28428893567848196,1.2208376675985797,2.32244599649724,1.1454333601408526,-0.097716101482439,-0.152891715233629,12.975443713707806,2.164663245450129
chrono,0.3305,0.28489986088211805,1.221850407272144,2.02547934712833,1.209767265305023,-0.0977899279511884,-0.1476529374989915,10.477555469274867,3.1029412168665145
chrono,0.331,0.28551122705495535,1.2227323456746262,1.7638768049647442,1.2361282198774475,-0.0978616992232781,-0.1435425441793923,8.220786639198428,3.579227598422377
chrono,0.3315,0.2861229771025193,1.223500095128092,1.5354989069313472,1.292873930483622,-0.09793190996694201,-0.1404214873277245,6.242113703335667,4.271059393165506
chrono,0.332,0.28673472715008336,1.223500095128092,0.0,1.2658540401309293,-0.0980045732106059,-0.1453264873277245,-9.81,4.288331039634888
chrono,0.3325,0.28734681388777195,1.2241734753772031,1.346760498223017,1.2658540401309293,-0.09807549656512231,-0.1418467090328934,6.959556589662261,4.288331039634888
chrono,0.333,0.28795924210995116,1.2248564443583667,1.3659379623267978,1.2977177547523842,-0.0981451314988636,-0.1392698674825762,5.153683100634378,4.851697463688663
chrono,0.3335,0.2885716703321303,1.2248564443583667,0.0,1.2442129696771342,-0.0982172189326049,-0.1441748674825762,-9.81,4.307984751349752
chrono,0.334,0.28918438259840196,1.2254245325434192,1.1361763701052834,1.0446348789567623,-0.0982880869386287,-0.1417360120475995,4.877710869953285,2.4576861906517298
chrono,0.3345,0.28979709486467364,1.2254245325434192,0.0,1.0217178738367505,-0.09836140744465251,-0.1466410120475995,-9.81,2.2785003819043173
chrono,0.335,0.29040980713094533,1.2254245325434192,0.0,0.969353189159963,-0.0984371804506763,-0.1515460120475995,-9.81,2.506221881030174
chrono,0.3355,0.29102285715021914,1.2261000385476428,1.3510120084475779,0.9507116766635966,-0.0985104799973502,-0.1465990933477275,9.893837399744099,2.713864380977761
chrono,0.336,0.29163628006747816,1.2268458345179971,1.4915919407086742,0.9327011416414349,-0.0985809114511479,-0.1408629075955264,11.472371504402274,3.295686596300117
chrono,0.3365,0.29225000089971787,1.227441664479362,1.1916599227296663,0.8487070080716851,-0.0986501632880233,-0.1385036737507235,4.718467689605699,2.437077708719239
chrono,0.337,0.29286418492711547,1.228368054795184,1.8527806316435367,0.7755880125035258,-0.09871548450018361,-0.1306424243206689,15.722498860109129,1.672691341893731
chrono,0.3375,0.29347836895451307,1.228368054795184,0.0,0.7755880125035258,-0.0987832582123439,-0.1355474243206689,-9.81,1.672691341893731
chrono,0.338,0.29409290096303237,1.2290640170385043,1.3919244866414198,0.7114565602071916,-0.0988475371174411,-0.1285578101942711,13.979228252795727,0.8741410281002902
chrono,0.3385,0.29470743297155155,1.2290640170385043,0.0,0.7488311558138397,-0.0989142685225382,-0.1334628101942711,-9.81,1.9426455183904072
chrono,0.339,0.29532196498007085,1.2290640170385043,0.0,0.7488311558138397,-0.0989834524276354,-0.138367810194271,-9.81,1.9426455183904072
chrono,0.3395,0.29593649698859004,1.2290640170385043,0.0,0.6947275191421596,-0.09905508883273251,-0.143272810194271,-9.81,1.2432307150592985
chrono,0.34,0.2965514243151333,1.2298546530865104,1.5812720960115925,0.8014816720981328,-0.0991216208864023,-0.133064107339666,20.417405709210072,2.9042039970544633
chrono,0.3405,0.29716683438523517,1.2308201402035472,1.9309742340735438,0.8915026355916137,-0.09918381895601901,-0.1243961392333624,17.335936212607123,4.014555158681227
chrono,0.341,0.29778265626986483,1.231643769259379,1.6472581116629321,0.8927369505922794,-0.0992403430701379,-0.1130482282378402,22.69582199104434,3.8729827944474082
chrono,0.3415,0.29839847815449444,1.231643769259379,0.0,0.8217087629394855,-0.0992993196842568,-0.1179532282378402,-9.81,2.859536532333014
chrono,0.342,0.29901430003912416,1.231643769259379,0.0,0.8491685707932748,-0.09936074879837581,-0.1228582282378402,-9.81,4.14584793280769
chrono,0.3425,0.29963012192375377,1.231643769259379,0.0,0.7609409216673921,-0.0994246304124947,-0.1277632282378402,-9.81,2.9300146537548732
chrono,0.343,0.30024594380838343,1.231643769259379,0.0,0.8557711142036805,-0.0994909645266136,-0.1326682282378402,-9.81,5.424497098612609
chrono,0.3435,0.3008623033941306,1.232719171494412,2.150804470066408,0.7894889957921843,-0.0995504005713833,-0.1188720895394768,27.592277396726836,4.291676705622337
chrono,0.344,0.30147866297987785,1.232719171494412,0.0,0.8340062090764343,-0.09961228911615311,-0.1237770895394768,-9.81,5.401454231603795
chrono,0.3445,0.30209502256562504,1.232719171494412,0.0,0.8340062090764343,-0.0996766301609228,-0.1286820895394768,-9.81,5.401454231603795
chrono,0.345,0.30271194261067524,1.2338400901004496,2.241837212075437,0.8643848477119749,-0.09973470359596211,-0.1161468700785276,25.070438921898464,6.229451089097945
chrono,0.3455,0.30332933526578376,1.2347853102171311,1.8904402333630979,0.8221389966656256,-0.0997894001874028,-0.1093931828814465,13.50737439416204,5.558218303841324
chrono,0.346,0.30394707215404826,1.235473776528862,1.3769326234615622,0.7614693433156636,-0.0998423665744058,-0.1059327740060296,6.920817750833907,4.978343722847192
chrono,0.3465,0.30456480904231265,1.235473776528862,0.0,0.6830284808555239,-0.0998977854614088,-0.1108377740060296,-9.81,3.4304474375593657
chrono,0.347,0.305182988009549,1.2363579344726914,1.7683158876592417,0.6830284808555239,-0.099945271596637,-0.0949722704562427,31.731007099573866,3.4304474375593657
chrono,0.3475,0.30580116697678544,1.2363579344726914,0.0,0.6830284808555239,-0.09999521023186511,-0.0998772704562427,-9.81,3.4304474375593657
chrono,0.348,0.30641984380253257,1.2373536514943224,1.991434043262057,0.6830284808555239,-0.1000345053342577,-0.0785902047852364,42.574131342012464,3.4304474375593657
chrono,0.3485,0.30703852062827974,1.2373536514943224,0.0,0.7214876055854144,-0.1000762529366503,-0.0834952047852364,-9.81,4.964213044395041
chrono,0.349,0.30765743116939664,1.237821082233807,0.9348614789692474,0.6190683451060617,-0.1001146267070315,-0.0767475407624311,13.495328045610622,3.183152215979477
chrono,0.3495,0.30827634171051355,1.237821082233807,0.0,0.6190683451060617,-0.1001554529774127,-0.0816525407624311,-9.81,3.183152215979477
chrono,0.35,0.30889541173948326,1.23814005793948,0.6379514113463504,0.6190683451060617,-0.1001943847642921,-0.0778635737587425,7.577934007377172,3.183152215979477
chrono,0.3505,0.30951465529575906,1.2384871125514991,0.6941092240382569,0.5123141921500884,-0.1002317361718668,-0.074702815149332,6.321517218820999,1.5221789339843121
chrono,0.351,0.31013406307991326,1.2388155683083613,0.656911513724345,0.4222932286566076,-0.1002677979369385,-0.0721235301434668,5.158570011730351,0.4118277723575482
chrono,0.3515,0.31075347086406746,1.2388155683083613,0.0,0.35672500849177124,-0.1003063122020103,-0.0770285301434668,-9.81,-0.38487783482501875
chrono,0.352,0.31137287864822166,1.2388155683083613,0.0,0.35672500849177124,-0.10034727896708201,-0.0819335301434668,-9.81,-0.38487783482501875
chrono,0.3525,0.31199228643237586,1.2388155683083613,0.0,0.27251949003180737,-0.1003906982321537,-0.0868385301434668,-9.81,-2.3630210300428223
chrono,0.353,0.31261169421653007,1.2388155683083613,0.0,0.29898760720792084,-0.1004365699972255,-0.0917435301434668,-9.81,0.5076488112909924
chrono,0.3535,0.31323130391108905,1.239219389118025,0.8076416193276986,0.20415741467163237,-0.1004768419928613,-0.0805439912716922,22.39907774354917,-1.986833633566744
chrono,0.354,0.31385091360564804,1.239219389118025,0.0,0.2250642719411145,-0.10051956648849711,-0.0854489912716922,-9.81,3.788398537901827
chrono,0.3545,0.314470523300207,1.239219389118025,0.0,0.2286627172569212,-0.10056474348413301,-0.0903539912716922,-9.81,4.512076876583461
chrono,0.355,0.31509013299476596,1.239219389118025,0.0,0.2286627172569212,-0.1006123729797688,-0.0952589912716922,-9.81,4.512076876583461
chrono,0.3555,0.31570974268932495,1.239219389118025,0.0,0.19828407862138073,-0.1006624549754047,-0.1001639912716922,-9.81,3.68408001908931
chrono,0.356,0.31632935238388393,1.239219389118025,0.0,0.16523125842908276,-0.1007149894710405,-0.1050689912716922,-9.81,2.915912532478786
chrono,0.3565,0.3169489620784429,1.239219389118025,0.0,0.13394975777554252,-0.1007699764666764,-0.1099739912716922,-9.81,2.2031234843011505
chrono,0.357,0.31756857177300196,1.239219389118025,0.0,0.1885902315339742,-0.1008274159623122,-0.1148789912716922,-9.81,4.513809816765695
chrono,0.3575,0.31818818146756095,1.239219389118025,0.0,0.21452824308910143,-0.1008873079579481,-0.1197839912716922,-9.81,5.631414864656496
chrono,0.358,0.31880793011973513,1.239497304348374,0.5558304606983823,0.21452824308910143,-0.1009345814369169,-0.0945469579376871,50.4740666680101,5.631414864656495
chrono,0.3585,0.31942767877190925,1.239497304348374,0.0,0.23628315468417627,-0.10098430741588581,-0.0994519579376871,-9.81,8.04543930456133
chrono,0.359,0.32004753718508416,1.2397168263497036,0.43904400265912374,0.21804561500487754,-0.1010061659259544,-0.0437170201372671,111.46987560084,6.983371159882185
chrono,0.3595,0.3206676482054666,1.2402220407650042,1.0104288306011882,0.21804561500487754,-0.1010208512927335,-0.0293707335583046,28.69257315792494,6.983371159882185
chrono,0.36,0.3212877592258491,1.2402220407650042,0.0,0.21804561500487754,-0.1010379891595127,-0.0342757335583046,-9.81,6.983371159882187
chrono,0.3605,0.32190787024623163,1.2402220407650042,0.0,0.223636664894177,-0.1010575795262918,-0.0391807335583046,-9.81,7.522475041312465
chrono,0.361,0.32252798126661414,1.2402220407650042,0.0,0.223636664894177,-0.101079622393071,-0.0440857335583046,-9.81,7.522475041312465
chrono,0.3615,0.32314809228699665,1.2402220407650042,0.0,0.23694723768070142,-0.1011041177598501,-0.0489907335583046,-9.81,8.418883330472253
chrono,0.362,0.32376849016986636,1.2407957657394677,1.147449948927065,0.25269566177884695,-0.1011189345233839,-0.0296335270674269,38.71441298175544,8.897933063949147
chrono,0.3625,0.32438902422729676,1.2410681148607965,0.544698242657672,0.25269566177884695,-0.1011303363604161,-0.0228036740645735,13.659706005706811,8.897933063949147
chrono,0.363,0.32500955828472716,1.2410681148607965,0.0,0.25269566177884695,-0.1011441906974484,-0.0277086740645735,-9.81,8.897933063949147
chrono,0.3635,0.32563020655544345,1.2412965414325448,0.45685314349657163,0.22622754460273353,-0.1011478239061712,-0.0072664174455727,40.884513238001524,6.027263222615333
chrono,0.364,0.32625096098948125,1.241508868075576,0.42465328606242564,0.2273849933739244,-0.1011514332032177,-0.0072185940929292,0.09564670528711972,6.697470475431619
chrono,0.3645,0.32687171542351906,1.241508868075576,0.0,0.20647813610444227,-0.1011574950002642,-0.0121235940929292,-9.81,0.9222383039630483
chrono,0.365,0.32749246985755687,1.241508868075576,0.0,0.1583624775043857,-0.10116600929731061,-0.0170285940929292,-9.81,-0.911217560700044
chrono,0.3655,0.32811325364460664,1.2415675740994134,0.1174120476752888,0.1583624775043857,-0.1011741457989796,-0.0162730033379112,1.511181510035863,-0.911217560700044
chrono,0.366,0.32873403743165636,1.2415675740994134,0.0,0.1566006223153004,-0.1011847348006485,-0.0211780033379112,-9.81,1.6594420657458937
chrono,0.3665,0.3293548910992131,1.241707335113672,0.2795220285170124,0.14038688297488294,-0.1011930701587994,-0.0166707163017335,9.014574072355584,2.80239838728231
chrono,0.367,0.32997582744599646,1.2418726935667026,0.33071690606105625,0.14038688297488294,-0.1012013430058495,-0.0165456941002261,0.2500444030147584,2.8023983872823095
chrono,0.3675,0.33059676379277986,1.2418726935667026,0.0,0.08673251765977603,-0.1012120683528996,-0.0214506941002261,-9.81,0.8598272591218328
chrono,0.368,0.33121770013956314,1.2418726935667026,0.0,0.06079450610464881,-0.1012252461999497,-0.0263556941002261,-9.81,-0.25777778876896773
chrono,0.3685,0.33183863648634654,1.2418726935667026,0.0,0.053337370806978986,-0.1012408765469998,-0.0312606941002261,-9.81,1.0523287112047603
chrono,0.369,0.33245957890973593,1.2418848467788,0.02430642419500813,0.035201519098632415,-0.10125544080597271,-0.0291285179456551,4.264352309142023,-1.1304556412475406
chrono,0.3695,0.33308052133312527,1.2418848467788,0.0,0.01497993404804072,-0.1012724575649455,-0.0340335179456551,-9.81,-1.6021531034040701
chrono,0.37,0.33370146375651466,1.2418848467788,0.0,-0.011109595922293256,-0.1012919268239183,-0.0389385179456551,-9.81,1.851988156981103
chrono,0.3705,0.33432240617990405,1.2418848467788,0.0,-0.011109595922293256,-0.1013138485828912,-0.0438435179456551,-9.81,1.851988156981103
chrono,0.371,0.33494333935355375,1.2418663472993146,-0.036998958970791064,-0.016700645811592724,-0.1013247268788251,-0.0217565918679727,44.17385215536469,1.3128842755508234
chrono,0.3715,0.3355641874050718,1.24169610303624,-0.34048852614876707,-0.016700645811592724,-0.1013320571540711,-0.0146605504918403,14.192082752264737,1.3128842755508234
chrono,0.372,0.33618503545658995,1.24169610303624,0.0,-0.03001121859811712,-0.101341839929317,-0.0195655504918403,-9.81,0.41647598639103395
chrono,0.3725,0.33680588868517747,1.241706457174895,0.020708277309820135,-0.05246211685266559,-0.1013521425997403,-0.0206053408466476,-2.0795807096145813,2.394068583821261
chrono,0.373,0.3374267419137649,1.241706457174895,0.0,-0.05597278269824459,-0.10136489777016361,-0.0255103408466476,-9.81,3.707210485859996
chrono,0.3735,0.33804755599239206,1.2416281572542691,-0.1565998412510664,-0.06319535387565185,-0.10137322738146211,-0.0166592225969235,17.70223649944829,4.409953085203735
chrono,0.374,0.33866838907108354,1.24166615738308,0.07600025762129387,-0.06319535387565185,-0.1013827954823014,-0.0191362016786719,-4.9539581634967975,4.409953085203735
chrono,0.3745,0.33928922214977514,1.24166615738308,0.0,-0.0643528026468427,-0.1013948160831408,-0.0240412016786719,-9.81,3.7397458323874484
chrono,0.375,0.33990991825843425,1.2413922173183916,-0.5478801293770135,-0.06819265946181216,-0.1013911549423631,0.0073222815553723,62.726966468088634,4.546155897110878
chrono,0.3755,0.3405306143670934,1.2413922173183916,0.0,-0.13357078417459603,-0.1013899463015854,0.0024172815553723,-9.81,5.0624057717971525
chrono,0.376,0.34115131047575264,1.2413922173183916,0.0,-0.13357078417459603,-0.1013911901608077,-0.0024877184446276,-9.81,5.062405771797152
chrono,0.3765,0.34177200658441176,1.2413922173183916,0.0,-0.1804406456291059,-0.10139488652003001,-0.0073927184446276,-9.81,3.2141991747147927
chrono,0.377,0.3423927026930709,1.2413922173183916,0.0,-0.10000455904517003,-0.1014010353792523,-0.0122977184446276,-9.81,2.780288092460434
chrono,0.3775,0.34301336361374085,1.241321841339749,-0.14075195728446147,-0.10000455904517003,-0.1013967393662374,0.0085920260298971,41.77948894904952,2.7802880924604345
chrono,0.378,0.34363400610341505,1.241284979348371,-0.07372398275715907,-0.09439646593194262,-0.10138800185823671,0.0174750160013038,17.765979942813438,3.1478677194513436
chrono,0.3785,0.34425461067459057,1.241209142351008,-0.15167399472555254,-0.18522364552265375,-0.1013780274515895,0.0199488132944131,4.947594586218528,5.910037488498419
chrono,0.379,0.34487521524576603,1.241209142351008,0.0,-0.1777665102249839,-0.1013705055449423,0.0150438132944131,-9.81,4.599930988524691
chrono,0.3795,0.34549581981694155,1.241209142351008,0.0,-0.19837327024194176,-0.1013654361382951,0.0101388132944131,-9.81,5.288362392759471
chrono,0.38,0.34611640422886886,1.2411688238544507,-0.0806369931143584,-0.19837327024194176,-0.1013585855788081,0.0137011189740091,7.124611359192015,5.288362392759471
chrono,0.3805,0.34673664540564136,1.2404823535449665,-1.372940618968461,-0.21172675555560186,-0.101351477207479,0.014216742658215,1.0312473684117585,3.007898528415888
chrono,0.381,0.3473568865824138,1.2404823535449665,0.0,-0.21172675555560186,-0.1013468213361499,0.009311742658215,-9.81,3.0078985284158883
chrono,0.3815,0.34797687244267395,1.2399717205202088,-1.0212660495154982,-0.21172675555560186,-0.1013408250864166,0.0119924994665325,5.36151361663514,3.007898528415888
chrono,0.382,0.34859719547025714,1.2406460551662657,1.348669292113886,-0.24143600763710168,-0.10133355884917711,0.0145324744789941,5.079950024923214,4.162032162091957
chrono,0.3825,0.3492175184978402,1.2406460551662657,0.0,-0.24143600763710168,-0.10132874511193761,0.0096274744789941,-9.81,4.162032162091957
chrono,0.383,0.3498378761449815,1.2407152942826094,0.13847823268759574,-0.2482770520931942,-0.10132252147683381,0.0124472702075914,5.639591457194522,2.466549098835715
chrono,0.3835,0.35045775694943004,1.239761608896907,-1.907370771404934,-0.24476638624761518,-0.1013042489504425,0.0365450527825857,48.19556514998857,1.15340719679698
chrono,0.384,0.35107763775387846,1.239761608896907,0.0,-0.2436433693203362,-0.10128842892405121,0.0316400527825857,-9.81,0.9964613459750269
chrono,0.3845,0.3516974293729012,1.2395832380455396,-0.3567417027348207,-0.24798100131381692,-0.1012702331223286,0.0363916034453025,9.503101325433596,1.3820726713140121
chrono,0.385,0.35231722099192403,1.2395832380455396,0.0,-0.2947284644619003,-0.1012544898206059,0.0314866034453025,-9.81,3.049869409491593
chrono,0.3855,0.3529368055351165,1.2391690863850575,-0.8283033209638752,-0.4365816147253712,-0.1012350372125541,0.0389052161037392,14.837225316873388,3.3892092585936187
chrono,0.386,0.35355639007830914,1.2391690863850575,0.0,-0.33874479405467917,-0.10121803710450221,0.0340002161037392,-9.81,3.8218146424853696
chrono,0.3865,0.35417597462150163,1.2391690863850575,0.0,-0.4857854720190525,-0.1012034894964503,0.0290952161037392,-9.81,5.63425385359588
chrono,0.387,0.35479540319112074,1.2388571392382015,-0.6238942937114974,-0.42319263376729016,-0.1011853351868217,0.0363086192573379,14.42680630719745,5.175827024561509
chrono,0.3875,0.35541483176073985,1.2388571392382015,0.0,-0.48741498101080855,-0.10116963337719301,0.0314036192573379,-9.81,4.466781785279451
chrono,0.388,0.35603418922688623,1.2387149322927706,-0.28441389086240426,-0.5335607705946378,-0.1011523879814092,0.0344907915676721,6.174344620668439,5.362898159709986
chrono,0.3885,0.3566535466930326,1.2387149322927706,0.0,-0.520891451938571,-0.10113759508562531,0.0295857915676721,-9.81,4.943531146179661
chrono,0.389,0.35727287213651926,1.2386508869731443,-0.12809063925269334,-0.4300642723478599,-0.1011223892569118,0.0304116574271509,1.6517317189575138,2.1813613771325873
chrono,0.3895,0.35789217480743785,1.2386053418372127,-0.09109027186309547,-0.48482990848143426,-0.1011076114687401,0.0295555763432102,-1.71216216788131,3.1744990698249844
chrono,0.39,0.35851123205417484,1.2381144934741577,-0.9816967261097509,-0.5082625896442757,-0.10108653024769311,0.0421624420940748,25.213731501729185,2.5149867355397633
chrono,0.3905,0.35912952441262475,1.236584716899834,-3.0595531486472463,-0.5370269284798689,-0.1010618863395985,0.0492878161892421,14.25074819033456,3.4887548876628873
chrono,0.391,0.35974798717922846,1.236925533207392,0.6816326151160718,-0.49758391319587486,-0.1010347134413963,0.0543457964043113,10.115960430138534,2.3150774916212975
chrono,0.3915,0.3603656779822728,1.235381606088766,-3.08785423725184,-0.49758391319587486,-0.10100047773733581,0.0684714081209717,28.251223433320725,2.3150774916212975
chrono,0.392,0.36098344208120564,1.2355281978656518,0.29318355377151145,-0.49758391319587486,-0.1009673083957236,0.0663386832244284,-4.265449793086654,2.3150774916212975
chrono,0.3925,0.36160120618013847,1.2355281978656518,0.0,-0.467874661114375,-0.1009365915541114,0.0614336832244284,-9.81,1.160943857945228
chrono,0.393,0.36221872801367605,1.2350436670750216,-0.9690615812604166,-0.467874661114375,-0.1009036226015334,0.065937905155949,9.00844386304122,1.160943857945228
chrono,0.3935,0.36283635098069467,1.235245934037254,0.4045339244649992,-0.5318856025909069,-0.10087144542791221,0.0643543472424778,-3.1671158269422772,2.3495261305972677
chrono,0.394,0.3634539739477132,1.235245934037254,0.0,-0.5844363915858457,-0.100841720754291,0.0594493472424778,-9.81,3.404727908726606
chrono,0.3945,0.36407130939514215,1.2346708948578513,-1.150078358805062,-0.8716723739919731,-0.1008092346077831,0.064972293015748,11.045891546540345,5.805518717633917
chrono,0.395,0.3646884326355693,1.234246480854274,-0.8488280071544909,-0.8673347419984924,-0.1007778351256989,0.06279896416847,-4.346657694556053,5.419907392294932
chrono,0.3955,0.36530540486321755,1.2339444552965004,-0.6040511155474572,-0.8205872788504089,-0.10074377586081601,0.0681185297657628,10.6391311945856,3.7521106541173515
chrono,0.396,0.3659223770908657,1.2339444552965004,0.0,-0.7224025156605852,-0.1007121690959331,0.0632135297657628,-9.81,3.841148667052288
chrono,0.3965,0.36653934931851395,1.2339444552965004,0.0,-0.9305500261259058,-0.1006830148310502,0.0583085297657628,-9.81,4.287713052259799
chrono,0.397,0.36715632154616223,1.2339444552965004,0.0,-0.7781783568704125,-0.1006563130661673,0.0534035297657628,-9.81,3.2481457833649614
chrono,0.3975,0.36777329377381046,1.2339444552965004,0.0,-0.9125247955021928,-0.1006320638012845,0.0484985297657628,-9.81,4.6014509915710775
chrono,0.398,0.36839026600145863,1.2339444552965004,0.0,-0.8798767172408749,-0.10061026703640161,0.0435935297657628,-9.81,4.777426150388645
chrono,0.3985,0.36900683106819143,1.2331301334655655,-1.6286436618695748,-0.9465861315689126,-0.1005806866284321,0.0591608159389434,31.134572346361267,4.746456650068589
chrono,0.399,0.36962312024328203,1.2325783501811187,-1.1035665688937142,-1.0433075916323642,-0.1005480189111274,0.0653354346093015,12.349237340716103,5.222173645310053
chrono,0.3995,0.37023786940680514,1.229498327046228,-6.160046269781371,-1.0764134469560334,-0.1005023341091463,0.091369603962307,52.06833870601104,5.794450243817878
chrono,0.4,0.37085261857032825,1.229498327046228,0.0,-1.021647810822459,-0.10045910180716511,0.086464603962307,-9.81,4.801312551125481
chrono,0.4005,0.37146736773385136,1.229498327046228,0.0,-0.981227429529388,-0.100418322005184,0.081559603962307,-9.81,4.541153393723387
chrono,0.401,0.37208186747909405,1.2289994904853976,-0.997673121660945,-0.9524630906937949,-0.1003735120665873,0.0896198771932911,16.12054646196823,3.567385241600264
chrono,0.4015,0.37269544485806055,1.2271547579330695,-3.689465104655662,-0.9524630906937949,-0.10032382867486081,0.0993667834530393,19.493812519496274,3.567385241600263
chrono,0.402,0.37330905022473143,1.2272107333416264,0.11195081711352106,-0.9524630906937949,-0.1002725402054377,0.1025769388463038,6.420310786529127,3.567385241600263
chrono,0.4025,0.37392202356848786,1.2259466875128784,-2.528091657495876,-0.9384757463510054,-0.1002152132461197,0.1146539186359247,24.153959579241793,3.612191345905469
chrono,0.403,0.37453516831465516,1.226289492334622,0.6856096434876782,-0.9675080753492296,-0.100159414917218,0.1115966578035092,-6.1145216648310825,4.611389980092753
chrono,0.4035,0.37514772057100193,1.2251045126935474,-2.369959282149212,-0.9675080753492296,-0.10010152706722711,0.1157756999816692,8.35808435632004,4.611389980092753
chrono,0.404,0.3757598661731644,1.2242912043251135,-1.6266167368674855,-0.9284086291770692,-0.100041933481968,0.1191871705182334,6.82294107312846,3.4418510712063117
chrono,0.4045,0.37637183796958656,1.223943592844215,-0.6952229617970512,-0.9658305946300753,-0.0999817879445667,0.1202910748025656,2.207808568664319,3.5243560320308687
chrono,0.405,0.37698380976600865,1.223943592844215,0.0,-0.6724950579738197,-0.0999240949071654,0.1153860748025655,-9.81,0.5777684746017713
chrono,0.4055,0.37759578156243073,1.223943592844215,0.0,-0.6724950579738197,-0.0998688543697642,0.1104810748025655,-9.81,0.5777684746017712
chrono,0.406,0.37820775335885276,1.223943592844215,0.0,-0.6724950579738197,-0.0998160663323629,0.1055760748025655,-9.81,0.5777684746017712
chrono,0.4065,0.37881972515527484,1.223943592844215,0.0,-0.6249868140852032,-0.09976573079496161,0.1006710748025655,-9.81,-0.6570194521586208
chrono,0.407,0.37943169695169693,1.223943592844215,0.0,-0.7707001001762732,-0.0997178477575603,0.0957660748025655,-9.81,0.4746567169375003
chrono,0.4075,0.38004374218167686,1.2240904599598144,0.29373423119857883,-0.8402102379573555,-0.0996721819881114,0.0913315388977702,-8.869071809590684,1.1269778783937086
chrono,0.408,0.38065563499192956,1.223785620505333,-0.6096789089627085,-1.1930849619375434,-0.099623722925833,0.0969181245567366,11.17317131793296,3.160132391150511
chrono,0.4085,0.38126752780218215,1.223785620505333,0.0,-1.1697476799408502,-0.0995777163635547,0.0920131245567366,-9.81,3.314462885237625
chrono,0.409,0.38187921872361175,1.2233818428592058,-0.8075552922542047,-1.3496659850767498,-0.0995300662374614,0.0953002521866096,6.574255259746002,4.2759883463271375
chrono,0.4095,0.3824904372880805,1.2224371289375024,-1.8894278434068452,-1.246583723421955,-0.09947889565098861,0.1023411729456255,14.081841518031792,3.7300791255747234
chrono,0.41,0.38310165585254935,1.2224371289375024,0.0,-1.2134778680982858,-0.0994301775645158,0.0974361729456255,-9.81,3.1578025270668983
chrono,0.4105,0.38371287441701807,1.2224371289375024,0.0,-1.3326244836597998,-0.0993839119780429,0.0925311729456255,-9.81,4.082048406673264
chrono,0.411,0.38432409298148684,1.2224371289375024,0.0,-1.3368667335683304,-0.09934009889157011,0.0876261729456256,-9.81,4.2805773639682885
chrono,0.4115,0.3849353115459556,1.2224371289375024,0.0,-1.3248019419389738,-0.0992987383050973,0.0827211729456255,-9.81,4.37256271249952
chrono,0.412,0.38554484274939627,1.2190624068812184,-6.749444112568132,-1.4061498948683981,-0.09924656296560691,0.1043506789808829,43.25901207051482,5.087929415897138
chrono,0.4125,0.38615403701231776,1.2183885258430738,-1.3477620762892084,-1.4061498948683981,-0.0991893578623222,0.1144102065694377,20.119055177109495,5.087929415897138
chrono,0.413,0.386760746660024,1.2134192954125338,-9.938460861079822,-1.4768873402847387,-0.0991154402079506,0.147835308743005,66.85020434713465,5.674586073737984
chrono,0.4135,0.38736775023087167,1.214007141695243,1.175692565418234,-1.4478550112865147,-0.0990422409489014,0.1463985180985042,-2.873581289001711,4.6753874395507005
chrono,0.414,0.38797321674079677,1.2109330198502417,-6.1482436900031034,-1.4478550112865147,-0.0989619041600923,0.1606735776181041,28.55011903919982,4.6753874395507005
chrono,0.4145,0.38857881777841136,1.211202075229183,0.5381107578832072,-1.4808959456142072,-0.098882727659424,0.1583530013367679,-4.641152562672234,4.805056731494101
chrono,0.415,0.38918441881602595,1.211202075229183,0.0,-1.3997074648598893,-0.09880600365875561,0.1534480013367679,-9.81,4.044725026855521
chrono,0.4155,0.38978939433390886,1.209951035765787,-2.5020789267917922,-1.51213601208669,-0.0987268798672193,0.1582475830726348,9.59916347173368,4.9522900089405955
chrono,0.416,0.39039434757997976,1.2099064921417473,-0.08908724807914054,-1.6062664148827304,-0.09864916629865711,0.1554271371242325,-5.640891896804492,5.78870220215524
chrono,0.4165,0.3909993641662066,1.2100331724538556,0.2533606242164891,-1.6575804056644743,-0.0985734223070152,0.1514879832838105,-7.878307680844151,6.054596751915666
chrono,0.417,0.39160395367568074,1.2091790189480964,-1.7083070115179124,-1.7295976197667007,-0.0984963751401805,0.1540943336694854,5.212700771349974,6.893930994685668
chrono,0.4175,0.39220854318515475,1.2091790189480964,0.0,-1.4868149008068394,-0.09842178047334581,0.1491893336694854,-9.81,5.130501869076182
chrono,0.418,0.39281283475659823,1.208583142886824,-1.1917521225445733,-1.422635754316877,-0.09834632312700971,0.150914692672019,3.450718005067106,3.705308765404302
chrono,0.4185,0.39341712632804166,1.208583142886824,0.0,-0.9493757133130761,-0.0982733182806737,0.146009692672019,-9.81,0.054822844112175924
chrono,0.419,0.394021417899485,1.208583142886824,0.0,-1.1907337323624525,-0.0982027659343377,0.141104692672019,-9.81,1.0335507681010196
chrono,0.4195,0.39462533411720013,1.2078324354302563,-1.501414913135754,-0.8979602233146855,-0.0981298892604041,0.1457533478672977,9.297310390557422,-0.7931215670989719
chrono,0.42,0.39522920421747837,1.2077402005564732,-0.18446974756616627,-1.115152699478482,-0.0980574838675403,0.1448107857276085,-1.8851242793783998,1.1038976552802073
chrono,0.4205,0.39583248406788374,1.206559700810592,-2.3609994917628137,-1.2587076324078166,-0.09798276625852051,0.1494352180395018,9.248864623786572,1.8933559712588224
chrono,0.421,0.3964352697336743,1.2055713315812335,-1.9767384587168495,-1.2141180056721617,-0.0979061099854864,0.1533125460682556,7.75465605750753,1.5974874162234571
chrono,0.4215,0.39703778600101336,1.2050325346780253,-1.0775938064166175,-1.2103489818983266,-0.097830510266066,0.15119943884074,-4.226214455031051,1.6818823301165045
chrono,0.422,0.39763992417797833,1.204276353929952,-1.5123614961467562,-1.3428202747339026,-0.0977529565418711,0.1551074483898251,7.81601909817004,2.5520222434869853
chrono,0.4225,0.39824164960318975,1.2034508504227464,-1.6510070144110491,-1.4028931095774153,-0.097673846067568,0.1582209486061829,6.227000432715622,2.8323520968974027
chrono,0.423,0.39884337502840106,1.2034508504227464,0.0,-1.499781282226286,-0.0975971880932649,0.1533159486061829,-9.81,3.4240687167529416
chrono,0.4235,0.3994451004536124,1.2034508504227464,0.0,-1.5119442090213293,-0.0975229826189618,0.1484109486061829,-9.81,3.28657182262452
chrono,0.424,0.40004585267236514,1.201504437505437,-3.8928258346186677,-1.5560965376279234,-0.0974443572183801,0.1572508011635649,17.679705114764005,3.669937200394111
chrono,0.4245,0.40064660489111786,1.201504437505437,0.0,-1.5910415209677164,-0.0973681843177983,0.1523458011635649,-9.81,4.015029982929655
chrono,0.425,0.4012463513770602,1.1994929718846583,-4.022931241556514,-1.5601935691425495,-0.09728321235443971,0.1699439267172101,35.19625110729053,3.492050192252358
chrono,0.4255,0.40184534419960466,1.1979856450889004,-3.014653591516028,-1.5975087820503127,-0.0971965482349222,0.1733282390349856,6.768624635550916,3.537804910982133
chrono,0.426,0.40244394559795776,1.1972027967062289,-1.5656967653430416,-1.485080234823512,-0.09710903763445071,0.1750212009429811,3.385923815991015,2.6302399288970575
chrono,0.4265,0.40304254451187366,1.1971978278318145,-0.009937748828606,-1.3909498320274714,-0.09702249418365551,0.1730869015904559,-3.8685987050505,1.7938277356824137
chrono,0.427,0.40364051129165823,1.1959335595691492,-2.528536525330608,-1.3396358412457279,-0.09693335207523521,0.1782842168404238,10.394630499935948,1.5279331859219876
chrono,0.4275,0.404237735612307,1.1944486412975333,-2.969836543231676,-1.33987367807491,-0.0968414350598918,0.1838340306869082,11.099627692968733,1.5816551514387416
chrono,0.428,0.40483445127004947,1.19343131548472,-2.034651625626284,-1.2612542964362887,-0.0967488640322941,0.1851420551953913,2.616049016966315,0.8179884641665689
chrono,0.4285,0.40543080513439544,1.1927077286920995,-1.4471735852404886,-1.5497265193068883,-0.0966561521838893,0.1854236968095765,0.5632832283702562,2.83884922094583
chrono,0.429,0.40602692719901634,1.1922441292417305,-0.9271989007384773,-1.5497265193068883,-0.0965638801672512,0.1845440332761572,-1.759327066838578,2.8388492209458303
chrono,0.4295,0.40662286580247464,1.1918772069166623,-0.7338446501356461,-1.6630750141359738,-0.09647224891350481,0.1832625074927804,-2.5630515667535727,3.488015326873582
chrono,0.43,0.40721859100395175,1.1914504029542587,-0.8536079248072518,-1.6630750141359738,-0.0963810389760619,0.1824198748859475,-1.6852652136658293,3.488015326873582
chrono,0.4305,0.40781407418312426,1.190966358344944,-0.9680892186291871,-1.6316920217353121,-0.0962900601074154,0.1819577372929209,-0.9242751860531246,2.295507633583273
chrono,0.431,0.4084095573622967,1.190966358344944,0.0,-1.517892113357659,-0.0962015337387689,0.1770527372929209,-9.81,2.0023983488297987
chrono,0.4315,0.40900504054146913,1.190966358344944,0.0,-1.4928078788756105,-0.0961154598701225,0.1721477372929209,-9.81,1.8532846479178298
chrono,0.432,0.40960052372064165,1.190966358344944,0.0,-1.6102512786286525,-0.09603183850147601,0.1672427372929209,-9.81,2.297191625145178
chrono,0.4325,0.41019562756079675,1.1902076803101644,-1.5173560695595878,-1.4898447774224333,-0.09594598108773611,0.1717148274799318,8.94418037402187,1.3350663632434663
chrono,0.433,0.41079073140095185,1.1902076803101644,0.0,-1.435303111141688,-0.0958625761739961,0.1668098274799318,-9.81,1.46400874226442
chrono,0.4335,0.4113843207619368,1.1871787219700232,-6.057916680282588,-1.3967496277908753,-0.09577101424128301,0.183123865426114,32.628075892364485,1.1960347626175856
chrono,0.434,0.41197791012292184,1.1871787219700232,0.0,-1.3585635263710005,-0.09568190480857,0.178218865426114,-9.81,1.0018959527366635
chrono,0.4345,0.41256993119785035,1.1840421498570084,-6.27314422602947,-1.4968308607452032,-0.0955849673275221,0.1938749620957374,31.312193339246782,1.7921458404732074
chrono,0.435,0.41316195227277885,1.1840421498570084,0.0,-1.5975586804999624,-0.0954904823464742,0.1889699620957374,-9.81,2.180196109954145
chrono,0.4355,0.41375313237560707,1.182360205656437,-3.363888401142616,-1.6624040145469237,-0.0953934589680393,0.1940467568698344,10.153589548194047,2.5307854171678716
chrono,0.436,0.41434415626455645,1.1820477778986445,-0.624855515585313,-1.7046794986446636,-0.0952962822571905,0.1943534216976984,0.6133296557279557,2.6206956209797316
chrono,0.4365,0.41493492042154545,1.1815283139780344,-1.0389278412200205,-1.772920370094872,-0.0951990419123174,0.1944806897461182,0.2545360968396704,3.086512265158357
chrono,0.437,0.4155250655162485,1.180290189406213,-2.476249143642492,-1.8425789153483545,-0.0951004382054902,0.1972074136544801,5.453447816723809,3.581588835226403
chrono,0.4375,0.41611521061095164,1.180290189406213,0.0,-1.8425789153483545,-0.09500428699866291,0.1923024136544801,-9.81,3.581588835226403
chrono,0.438,0.41670489959026696,1.179377958630545,-1.8244615513360287,-1.7703238644169457,-0.0949046839374226,0.1992061224806845,13.807417652408757,2.6885326269396477
chrono,0.4385,0.41729428231246335,1.1787654443929154,-1.225028475259212,-1.7703238644169457,-0.09480583372732121,0.1977004202028759,-3.0114045556172053,2.688532626939648
chrono,0.439,0.41788350371829597,1.1784428116652037,-0.6452654554231185,-1.481851641546346,-0.0947078619251645,0.1959436043133113,-3.513631779129108,0.6676718701603864
chrono,0.4395,0.4184717674208979,1.1765274052039054,-3.830812922596735,-1.5985843144353435,-0.0946061811428639,0.2033615646011257,14.83592057562885,1.8480172367596506
chrono,0.44,0.41905931884128367,1.1751028407714126,-2.849128864985586,-1.5428516670589478,-0.0945031038595403,0.2061545666472988,5.586004092346117,1.0497473992013648
chrono,0.4405,0.41964631642168443,1.1739951608015158,-2.2153599397934456,-1.7779341437111345,-0.0943986072986572,0.20899312176621,5.677110237822426,2.242853694481363
chrono,0.441,0.42023285003348904,1.173067223609175,-1.855874384681723,-1.710468896771413,-0.09429386977800061,0.209475041313208,0.9638390939959365,2.1247105098490544
chrono,0.4415,0.4208190253807185,1.1723506944589477,-1.433058300454377,-1.9062967841342715,-0.094189139219962,0.2094611160770835,-0.027850472248877267,2.712141128100137
chrono,0.442,0.42140483502058534,1.171619279733786,-1.4628294503231307,-2.093087597901244,-0.0940842620099306,0.209754420062798,0.586607971428986,3.7932187305487624
chrono,0.4425,0.4219906446604522,1.171619279733786,0.0,-2.1221322790431336,-0.0939818372998992,0.204849420062798,-9.81,3.7183882609800722
chrono,0.443,0.42257645430031915,1.171619279733786,0.0,-2.2097683264790318,-0.0938818650898678,0.1999444200627979,-9.81,4.258799698603093
chrono,0.4435,0.42316226394018597,1.171619279733786,0.0,-2.1228892049868398,-0.0937843453798364,0.1950394200627979,-9.81,3.134160762774105
chrono,0.444,0.42374807358005284,1.171619279733786,0.0,-2.0982810124650237,-0.093689278169805,0.1901344200627979,-9.81,3.263612899675106
chrono,0.4445,0.42433327037338714,1.1703935866684516,-2.4513861306689417,-2.0675540860163037,-0.09359046664659901,0.1976230464120902,14.977252698584548,2.9637858415383973
chrono,0.445,0.4249171914770635,1.1678422073528891,-5.10275863112516,-1.8933169763406947,-0.09348801799170531,0.2048973097873516,14.54852675052278,2.1538451373438057
chrono,0.4455,0.42549987839773756,1.165373841348041,-4.936732009695928,-1.7854065535916936,-0.0933817580287614,0.2125199258877916,15.24523220087996,1.7544020065814476
chrono,0.446,0.42608207853885777,1.1644002822403368,-1.9471182154084647,-1.72151893659974,-0.0932735799201498,0.2163562172232493,7.672582670915569,1.565966953155892
chrono,0.4465,0.42666309436969035,1.1620316616652342,-4.737241150205333,-1.6925438757488942,-0.0931621644683784,0.2228309035427497,12.949372639000691,1.3685906736640485
chrono,0.447,0.42724286981679044,1.159550894200071,-4.961534930326452,-1.7831824836901942,-0.09304500972517,0.2343094864168801,22.957165748260806,1.695505279914418
chrono,0.4475,0.42782187371702857,1.1580078004762595,-3.0861874476221645,-1.713523938436712,-0.0929268844799726,0.2362504903947707,3.882007955781315,1.200428709846371
chrono,0.448,0.42840041752801766,1.1570876219781827,-1.8403569961538666,-1.854184412704561,-0.09280837457472771,0.2370198104898125,1.538640190083436,2.0408989348977595
chrono,0.4485,0.42897896133900676,1.1570876219781827,0.0,-1.9890618428413351,-0.0926923171694828,0.2321148104898124,-9.81,2.9969709176006396
chrono,0.449,0.42955732808588776,1.1567334937620322,-0.7082564323010718,-2.005333972646164,-0.092576332991658,0.2319683556494644,-0.2929096806961695,3.114109435845561
chrono,0.4495,0.43013569483276876,1.1567334937620322,0.0,-2.005333972646164,-0.0924628013138333,0.2270633556494643,-9.81,3.114109435845561
chrono,0.45,0.43071401862124487,1.1566475769523277,-0.1718336194089404,-2.0434422137565926,-0.0923498128445617,0.2259769385432355,-2.1728342124575715,2.86015693699866
chrono,0.4505,0.43129219665722424,1.1563560719586994,-0.583009987256568,-1.8004537075125373,-0.0922375249507035,0.2245757877164038,-2.8023016536634042,1.7002270917356703
chrono,0.451,0.43187015626320785,1.155919211967218,-0.8737199829624215,-1.716272606569473,-0.0921248070633163,0.2254357747743467,1.7199741158857584,1.6913273936635704
chrono,0.4515,0.43244780401966476,1.1552955129138112,-1.2473981068139555,-1.623552691550022,-0.092012884441623,0.2238452433866803,-3.1810627753327783,0.8588234569533052
chrono,0.452,0.43302461765885486,1.1536272783802002,-3.336469067221684,-1.9333570489644292,-0.0918992524808649,0.2272639215161848,6.837356259008876,2.174840753156631
chrono,0.4525,0.43360143129804496,1.1536272783802002,0.0,-1.9345258808183832,-0.0917880730201068,0.2223589215161847,-9.81,1.586483362502862
chrono,0.453,0.43417750646974523,1.1521503434003877,-2.953869959624827,-1.7875645737887562,-0.09167493359066721,0.2262788588792243,7.839874726079168,0.9344829836561326
chrono,0.4535,0.43475287353493713,1.1507341303839516,-2.8324260328722612,-1.8846829545143025,-0.0915592272833184,0.2314126146976045,10.267511636760473,1.3907984917930776
chrono,0.454,0.43532815517144763,1.1505632730210007,-0.3417147259013948,-1.8846829545143025,-0.09144535849874881,0.2277375691391762,-7.35009111685665,1.3907984917930778
chrono,0.4545,0.4359034368079581,1.1505632730210007,0.0,-2.051671352461804,-0.09133394221417926,0.2228325691391762,-9.81,2.5352450447910946
chrono,0.455,0.43647790552967014,1.1489374434240067,-3.2516591939879516,-2.051671352461804,-0.09122011486705398,0.227654694250576,9.644250222799625,2.5352450447910946
chrono,0.4555,0.43705237425138216,1.1489374434240067,0.0,-2.192250502398326,-0.0911087400199287,0.222749694250576,-9.81,2.8234274940950534
chrono,0.456,0.43762605074087174,1.1473529789790609,-3.168928889891571,-2.1644881220527754,-0.0909936005881681,0.2302788635212589,15.058338541365861,2.4897275728409296
chrono,0.4565,0.43819972723036127,1.1473529789790609,0.0,-2.1228824085783744,-0.0908809136564075,0.2253738635212589,-9.81,1.9406811863701794
chrono,0.457,0.43877059293668674,1.141731412651107,-11.243132655907885,-2.0634824987300906,-0.090758080290682,0.2456667314508941,40.58573585927053,1.6250175090050736
chrono,0.4575,0.43934021212291247,1.1392383724514772,-4.986080399259487,-1.9269620131953735,-0.0906325965098204,0.25096756172316,10.60166054453166,1.4418501539962985
chrono,0.458,0.43990983130913824,1.1392383724514772,0.0,-2.083224687610443,-0.09050956522895891,0.24606256172316,-9.81,2.593303602042186
chrono,0.4585,0.44047848053461613,1.137298450955782,-3.87984299139033,-2.0595841595466036,-0.09038375363163201,0.2516231946536396,11.121265860959285,2.258772431226676
chrono,0.459,0.441047129760094,1.137298450955782,0.0,-1.9247067294098292,-0.0902603945343052,0.2467181946536396,-9.81,1.3027004485237963
chrono,0.4595,0.44161472523237455,1.1351909445611823,-4.215012789198602,-2.1359009905904434,-0.0901311003199953,0.2585884286197707,23.740467932262185,2.255085346374738
chrono,0.46,0.44218232070465513,1.1351909445611823,0.0,-2.1989144714963875,-0.0900042586056855,0.2536834286197708,-9.81,2.6995144373119486
chrono,0.4605,0.44274913517799375,1.1336289466771443,-3.1239957680759134,-2.1084169600585287,-0.0898764471420698,0.2556229272312335,3.8789972229255643,2.2072757366777913
chrono,0.461,0.44331594965133225,1.1336289466771443,0.0,-2.297872640490066,-0.0897510881784542,0.2507179272312335,-9.81,3.1125195520530817
chrono,0.4615,0.4438827641246708,1.1336289466771443,0.0,-2.3034570019882237,-0.0896281817148386,0.2458129272312335,-9.81,2.7049115265743247
chrono,0.462,0.44444957859800943,1.1336289466771443,0.0,-2.3034570019882237,-0.08950772775122301,0.2409079272312335,-9.81,2.7049115265743247
chrono,0.4625,0.44501627568663027,1.1333941772416485,-0.46953887099261665,-1.9290366850095086,-0.0893865260771564,0.2424033481331458,2.9908418038246047,1.2082722117177158
chrono,0.463,0.44558215239621035,1.13175341916029,-3.2815161627164677,-1.8572466822111047,-0.0892617317724876,0.2495886093376276,14.370522408963625,1.0779164573634685
chrono,0.4635,0.44614741475107295,1.130524709725148,-2.457418870284194,-2.095199066383682,-0.089136733787784,0.2499959694071043,0.8147201389534651,1.9389723700345924
chrono,0.464,0.44671267710593554,1.130524709725148,0.0,-1.9104446382222378,-0.0890141883030805,0.2450909694071043,-9.81,0.9422454242746264
chrono,0.4645,0.4472767452622454,1.128136312619801,-4.776794210694289,-1.9104446382222378,-0.0888884803204424,0.2514159652761109,12.649991738013126,0.9422454242746267
chrono,0.465,0.44784048259778064,1.1274746710702883,-1.3232830990248283,-1.8356643169421356,-0.088762891585077,0.2511774707309516,-0.4769890903185754,0.3459202832900891
chrono,0.4655,0.44840388213045235,1.126799065343392,-1.351211453792913,-2.1257541062960588,-0.0886374760403341,0.2508310894856927,-0.692762490517671,1.5309310204003066
chrono,0.466,0.44896628702080177,1.1248097806988608,-3.9785692890622752,-2.212810746666596,-0.08850976046556061,0.2554311495471333,9.200120122881094,1.9107245379284037
chrono,0.4665,0.44952787036103087,1.1231666804581844,-3.286200481352896,-2.2941064513029974,-0.08838042024828541,0.2586804345502893,6.49857000631196,2.4933754438621207
chrono,0.467,0.45008945370125997,1.1231666804581844,0.0,-2.5709586277197545,-0.0882535325310103,0.2537754345502893,-9.81,3.824108052846794
chrono,0.4675,0.45065019196498923,1.1214765274585068,-3.3803059993548654,-2.749231003316017,-0.0881243557361733,0.2583535896739301,9.156310247281743,4.628658625509989
chrono,0.468,0.45121006060613333,1.1197372822882603,-3.478490340493003,-2.7413664269367635,-0.0879932128939106,0.2622856845254763,7.864189703092466,4.190246224593394
chrono,0.4685,0.45176867999726056,1.1172387822544485,-4.997000067624131,-2.649898935227596,-0.0878600020081063,0.2664217716085231,8.272174166093604,3.5324019250118073
chrono,0.469,0.45232729938838784,1.1172387822544485,0.0,-2.557703644133313,-0.087729243622302,0.2615167716085231,-9.81,3.178886039948735
chrono,0.4695,0.45288591877951506,1.1172387822544485,0.0,-2.5774459372502667,-0.0876009377364978,0.2566117716085231,-9.81,3.5005373800708486
chrono,0.47,0.45344387701413175,1.11591646923329,-2.6446260423164616,-2.3499795462648243,-0.0874698274407006,0.2622205915943166,11.217639971586896,2.4310139639749853
chrono,0.4705,0.45400031227735427,1.112870526445074,-6.091885576432378,-2.2830273654735382,-0.0873349483385336,0.2697582043339738,15.07522547931457,2.012428350124632
chrono,0.471,0.4545555094942728,1.1103944338371454,-4.952185215857186,-2.218683962911971,-0.0871971055710939,0.2756855348794816,11.854661091015599,1.5782741830064255
chrono,0.4715,0.45511027990874203,1.1095408289384632,-1.7072097973644362,-2.0712360236967733,-0.08705865638639801,0.2768983693917856,2.4256690246080517,1.1468415082593741
chrono,0.472,0.45566359684928504,1.1066338810860872,-5.813895704751896,-2.093886026475622,-0.0869156733555049,0.2859660617861247,18.135384788678145,1.286044966618134
chrono,0.4725,0.45621597785985624,1.1047620211423264,-3.7437198875215145,-2.160446782859797,-0.0867709189341054,0.2895088427990882,7.085562025927105,1.6440463645330856
chrono,0.473,0.45676828277473563,1.104609829758812,-0.3043827670283012,-2.262531347391056,-0.0866277184673597,0.2864009334913762,-6.21581861542389,1.94989085493
chrono,0.4735,0.45732024751490585,1.1039294803404,-1.360698836823954,-2.2705148627887812,-0.0864843790525846,0.2866788295502513,0.555792117750288,1.781981968666908
chrono,0.474,0.4578720819256368,1.103668821461748,-0.5213177573042374,-2.1613599360863622,-0.0863426919161713,0.2833742728265658,-6.609113447371058,1.4916018590855553
chrono,0.4745,0.45842381268932875,1.10346152738402,-0.4145881554560395,-2.253936625641935,-0.0862017686102224,0.281846611897848,-3.0553218574356134,1.9581612560763304
chrono,0.475,0.4589755434530207,1.10346152738402,0.0,-2.346528350642449,-0.08606329780427341,0.276941611897848,-9.81,2.4828418352947956
chrono,0.4755,0.45952729489488714,1.1035028837328162,0.08271269759219053,-2.326952447117497,-0.0859271438200698,0.27230796840726,-9.26728698117599,1.9811381688188694
chrono,0.476,0.46007904633675356,1.1035028837328162,0.0,-2.1411565567402104,-0.08579344233586621,0.2674029684072601,-9.81,1.310928326650434
chrono,0.4765,0.4606305772379785,1.1030618024500447,-0.8821625655431297,-2.0104074951878665,-0.08565970584317431,0.2674729853838566,0.14003395319300793,0.8038290704410359
chrono,0.477,0.46118116767656864,1.1011808771801903,-3.7618505397087176,-2.035189523582631,-0.0855236138898244,0.2721839066997796,9.421842631845918,0.7512902178058827
chrono,0.4775,0.4617314086711878,1.1004819892381563,-1.3977758840676653,-1.9700204816415259,-0.0853880949291354,0.2710379213778865,-2.291970643786015,0.1798943103854942
chrono,0.478,0.4622802686453432,1.0977199483109006,-5.524081854511319,-1.791748106045263,-0.0852486812073101,0.278827443650695,15.579044545616943,-0.6246562622777013
chrono,0.4785,0.4628282170834578,1.095896876228978,-3.6461441638452268,-1.9631228475988134,-0.0851081829597118,0.2809964951964788,4.3381030915675325,0.06411870460091802
chrono,0.479,0.46337548933492045,1.0945445029255414,-2.7047466068733326,-2.1433178079959583,-0.0849671411641474,0.2820835911289214,2.1741918648851986,0.8717476512299488
chrono,0.4795,0.46392227555876314,1.0935724476852078,-1.9441104806670335,-2.118493152886232,-0.0848261024317487,0.2820774647973245,-0.012252663193722313,0.7193244820571421
chrono,0.48,0.46446857567604943,1.0926002345727024,-1.9444262250107822,-2.2476897092950407,-0.08468476162630921,0.2826816108791184,1.208292163587764,1.0196873712346073
chrono,0.4805,0.46501431741031873,1.0914834685385562,-2.2335320682924773,-2.2476897092950407,-0.08454325035512571,0.2830225423669146,0.6818629755924537,1.019687371234607
chrono,0.481,0.46555951160161835,1.0903883825993017,-2.190171878509362,-2.4047145935011662,-0.0844014888792438,0.2835229517638033,1.0008187937774196,2.074684314841566
chrono,0.4815,0.46610415417918727,1.0892851551376723,-2.206454923257965,-2.4047145935011662,-0.08425942600918421,0.2841257401191124,1.2055767106182458,2.074684314841566
chrono,0.482,0.46664823984865766,1.0881713389408454,-2.2276323936544813,-2.54158594712601,-0.0841170325508449,0.2847869166787474,1.322353119269831,2.4359613343221023
chrono,0.4825,0.46719121418167203,1.085948666028851,-4.445345823988692,-2.480825648956508,-0.08397310507482231,0.2878549520451723,6.136070732849987,2.0934716953975334
chrono,0.483,0.46773418851468646,1.085948666028851,0.0,-2.4169203501118126,-0.08383163009879971,0.2829499520451723,-9.81,1.835825807516947
chrono,0.4835,0.46827618703461593,1.0839970398590246,-3.903252339652856,-2.2234151861011813,-0.0836880930088548,0.2870741798896859,8.248455689027116,1.094597594677442
chrono,0.484,0.4688168993562941,1.0814246433564427,-5.144793005163986,-2.141974089371359,-0.0835401769189108,0.2958321798881658,17.515999996959934,0.8019884234251926
chrono,0.4845,0.46935761167797235,1.0814246433564427,0.0,-2.0131766319012008,-0.0833947133289667,0.2909271798881658,-9.81,0.23131262033542122
chrono,0.485,0.4698975420706907,1.0798607854364222,-3.1277158400410148,-1.9205999423456275,-0.0832484366643188,0.2925533292958114,3.252298815291155,-0.23524677665535393
chrono,0.4855,0.47043747246340883,1.0798607854364222,0.0,-1.9736415049870222,-0.08310461249967091,0.2876483292958114,-9.81,-0.15037003319587125
chrono,0.486,0.4709765991536593,1.078253380501054,-3.2148098707364574,-2.17629971891033,-0.08295756642281431,0.2940921537130965,12.887648834570149,0.9123417196036476
chrono,0.4865,0.4715157258439099,1.078253380501054,0.0,-2.3134210878383197,-0.0828129728459578,0.2891871537130965,-9.81,1.2004705517413388
chrono,0.487,0.47205391341891245,1.0763751500052214,-3.7564609916648437,-2.449511396910979,-0.08266644755626071,0.2930505793942386,7.726851362284263,1.6557465021253481
chrono,0.4875,0.4725914795228455,1.0751322078661467,-2.4858842781491717,-2.5056525319469864,-0.0825193648765099,0.2941653595014536,2.229560214429977,1.7952094058073658
chrono,0.488,0.47312903168562653,1.075104325561982,-0.055764608329071735,-2.3993631990836284,-0.0823742078303315,0.2903140923568144,-7.702534289278333,1.4584802441142493
chrono,0.4885,0.47366621873005493,1.074374088856838,-1.4604734102880517,-2.399363199083629,-0.0822290474711341,0.2903207183948081,0.013252075987340461,1.4584802441142495
chrono,0.489,0.4742029218042002,1.0734061482905786,-1.935881132518963,-2.308567375328034,-0.0820843387843129,0.2894173736424432,-1.8066895047297056,1.1320749936457466
chrono,0.4895,0.47473962487834553,1.0734061482905786,0.0,-2.174829249944678,-0.08194208259749171,0.2845123736424432,-9.81,0.36953489483323665
chrono,0.49,0.47527632795249086,1.0734061482905786,0.0,-2.1748292499446777,-0.0818022789106705,0.2796073736424432,-9.81,0.36953489483323676
chrono,0.4905,0.475812266451876,1.0718769987703385,-3.0582990404800747,-2.384891413492749,-0.08166172754790521,0.2811027255305617,2.9907037762369004,1.2907009603783839
chrono,0.491,0.4763465826126211,1.0686323214899975,-6.48935456068194,-2.714762288038753,-0.0815154264826938,0.2926021304227529,22.998809784382352,2.423524356380415
chrono,0.4915,0.47687963134320954,1.0660974611769989,-5.069720625997145,-2.5616761037179696,-0.0813673625364153,0.2961278925570874,7.051524268668933,1.342683935686598
chrono,0.492,0.47741141398594455,1.063565285470107,-5.064351413783812,-2.5616761037179696,-0.0812166069972195,0.3015110783914286,10.766371668682444,1.342683935686598
chrono,0.4925,0.47794234497962224,1.0618619873554016,-3.4065962294106327,-2.5755210855900024,-0.0810647886894997,0.3036366154397247,4.251074096592198,1.7301911443044649
chrono,0.493,0.4784727226558415,1.0607553524384723,-2.2132698338581847,-2.71871697829223,-0.0809132041921955,0.3031689946083719,-0.9352416627054563,1.9710810283413902
chrono,0.4935,0.4790031003320607,1.0607553524384723,0.0,-2.7994720372660966,-0.0807640721948913,0.2982639946083719,-9.81,2.2484510830435034
chrono,0.494,0.47953297887326984,1.05975708241808,-1.9965400407853577,-2.750354912152162,-0.08061459171122981,0.2989609673229662,1.393945429188559,2.006864285788935
chrono,0.4945,0.48006227334138585,1.058588936232023,-2.3362923721135176,-2.6940090168613797,-0.0804647355630879,0.2997122962839148,1.5026579218972245,1.887467271562594
chrono,0.495,0.48059156780950185,1.058588936232023,0.0,-2.7406621860342404,-0.0803173319149459,0.2948072962839148,-9.81,2.1818097389117073
chrono,0.4955,0.48111897752229915,1.0548194255947478,-7.539021274550502,-2.8776952953359523,-0.080164279070256,0.3061056893797844,22.59678619173925,2.7814002258572925
chrono,0.496,0.4816446554130053,1.051355781412015,-6.927288365466093,-2.868189835065209,-0.0800077314027371,0.3130953350378057,13.979291316042646,2.770384249521524
chrono,0.4965,0.48217033330371123,1.051355781412015,0.0,-2.6670140169753904,-0.07985363623521821,0.3081903350378057,-9.81,1.6465828309181445
chrono,0.497,0.48269601119441724,1.051355781412015,0.0,-2.525678334091758,-0.0797019935676993,0.3032853350378057,-9.81,1.3286450992857453
chrono,0.4975,0.4832206772837204,1.0493321786065262,-4.047205610977524,-2.3670112666110046,-0.0795463847744946,0.3112175864094355,15.864502743259466,0.7387871886984516
chrono,0.498,0.48374397012351755,1.0465856795940782,-5.492998024895954,-2.297705602424363,-0.0793889539193451,0.3148617102990381,7.2882477792054114,0.5046347281722018
chrono,0.4985,0.4842668250581028,1.045709869170688,-1.751620846780275,-2.3037367287505184,-0.0792319925049807,0.3139228287287711,-1.8777631405339692,0.6074830418063203
chrono,0.499,0.48478957273924245,1.0454953622792404,-0.4290137828954211,-2.480947246346712,-0.0790762961082829,0.3113927933955918,-5.060070666358583,1.4088278911760372
chrono,0.4995,0.48531213226604925,1.0451190536135342,-0.7526173314125355,-2.521314513476825,-0.07892167821828601,0.3092357799938504,-4.3140268034828635,1.4100680963416605
chrono,0.5,0.48583444686371785,1.044629195337219,-0.979716552630074,-2.5381347081462162,-0.0787679675303355,0.3074213759010161,-3.628808185668624,1.4016508394729728
recurdyn,0.0,0.0,0.488931281098891,-2.220446049250313e-16,-8.074349270001139e-17,0.0,-0.210608265615226,-9.81,-9.810000000000002
recurdyn,0.0005,0.00024446564054947384,0.488931281098891,0.0,-7.401486830834377e-17,-0.00010653038280769578,-0.215513265615226,-9.810000000000002,-9.810000000000002
recurdyn,0.001,0.0004889312810988367,0.4889312810988908,2.220446049250313e-16,-8.540177112501205e-17,-0.00021551326561529416,-0.2204182656152258,-9.81,-9.810000000000002
recurdyn,0.0015,0.0007333969216483105,0.488931281098891,0.0,-6.344131569286608e-17,-0.00032694864842290616,-0.2253232656152259,-9.81,-9.810000000000002
recurdyn,0.002,0.0009778625621977843,0.4889312810988909,0.0,-5.921189464667501e-17,-0.00044083653123050404,-0.2302282656152259,-9.810000000000002,-9.810000000000004
recurdyn,0.0025,0.0012223282027472582,0.4889312810988914,-2.220446049250313e-16,-4.163336342344337e-17,-0.0005571769140381017,-0.235133265615226,-9.810000000000004,-9.810000000000004
recurdyn,0.003,0.001466793843296621,0.4889312810988912,-2.220446049250313e-16,-5.224578939412501e-17,-0.000675969796845699,-0.2400382656152259,-9.810000000000006,-9.810000000000002
recurdyn,0.0035,0.0017112594838460948,0.488931281098891,-2.220446049250313e-16,-4.9343245538895844e-17,-0.0007972151796532961,-0.2449432656152258,-9.81,-9.810000000000002
recurdyn,0.004,0.0019557251243955687,0.488931281098891,-2.220446049250313e-16,-3.5059674461847047e-17,-0.000920913062461004,-0.2498482656152258,-9.81,-9.810000000000002
recurdyn,0.0045,0.0022001907649450425,0.488931281098891,-2.220446049250313e-16,-3.3306690738754695e-17,-0.0010470634452686006,-0.2547532656152258,-9.81,-9.810000000000002
recurdyn,0.005,0.0024446564054944053,0.4889312810988913,2.220446049250313e-16,-3.172065784643304e-17,-0.001175666328076197,-0.259658265615226,-9.810000000000004,-9.81
recurdyn,0.0055,0.002689122046043879,0.4889312810988914,0.0,-3.172065784643304e-17,-0.001306721710883793,-0.2645632656152261,-9.81000000000001,-9.810000000000002
recurdyn,0.006,0.002933587686593353,0.4889312810988911,-2.220446049250313e-16,-4.229421046191072e-17,-0.0014402295936914028,-0.269468265615226,-9.810000000000006,-9.810000000000002
recurdyn,0.0065,0.003178053327142827,0.4889312810988911,2.220446049250313e-16,-7.401486830834377e-17,-0.0015761899764989984,-0.2743732656152259,-9.810000000000004,-9.810000000000002
recurdyn,0.007,0.0034225189676921897,0.4889312810988916,0.0,-7.401486830834377e-17,-0.0017146028593065937,-0.2792782656152261,-9.810000000000011,-9.810000000000002
recurdyn,0.0075,0.0036669846082416635,0.488931281098891,2.220446049250313e-16,-8.458842092382145e-17,-0.0018554682421142027,-0.2841832656152258,-9.810000000000002,-9.810000000000002
recurdyn,0.008,0.003911450248791137,0.4889312810988908,-2.220446049250313e-16,-7.401486830834377e-17,-0.0019987861249218947,-0.2890882656152257,-9.809999999999992,-9.810000000000002
recurdyn,0.0085,0.004155915889340611,0.488931281098891,0.0,-6.344131569286608e-17,-0.002144556507729503,-0.2939932656152257,-9.809999999999995,-9.810000000000002
recurdyn,0.009,0.004400381529889974,0.4889312810988911,2.220446049250313e-16,-5.2867763077388404e-17,-0.0022927793905370975,-0.2988982656152258,-9.81,-9.810000000000002
recurdyn,0.0095,0.004644847170439448,0.488931281098891,0.0,-2.114710523095536e-17,-0.0024434547733447054,-0.3038032656152257,-9.809999999999995,-9.810000000000002
recurdyn,0.01,0.004889312810988922,0.4889312810988909,0.0,-3.172065784643304e-17,-0.0025965826561522992,-0.3087082656152257,-9.809999999999995,-9.810000000000002
recurdyn,0.0105,0.0051337784515383955,0.4889312810988912,-2.220446049250313e-16,-4.229421046191072e-17,-0.0027521630389598928,-0.3136132656152259,-9.810000000000006,-9.810000000000002
recurdyn,0.011,0.005378244092087758,0.4889312810988913,-2.220446049250313e-16,-4.229421046191072e-17,-0.0029101959217675,-0.318518265615226,-9.810000000000006,-9.810000000000002
recurdyn,0.0115,0.005622709732637232,0.488931281098891,-4.440892098500626e-16,-3.172065784643304e-17,-0.003070681304575093,-0.3234232656152258,-9.810000000000002,-9.810000000000002
recurdyn,0.012,0.005867175373186706,0.4889312810988913,0.0,-4.229421046191072e-17,-0.003233619187382797,-0.3283282656152259,-9.810000000000006,-9.810000000000002
recurdyn,0.0125,0.00611164101373618,0.4889312810988912,-2.220446049250313e-16,-6.344131569286608e-17,-0.0033990095701904033,-0.3332332656152258,-9.810000000000002,-9.81
recurdyn,0.013,0.006356106654285543,0.4889312810988912,0.0,-7.401486830834377e-17,-0.0035668524529979956,-0.3381382656152259,-9.810000000000006,-9.81
recurdyn,0.0135,0.0066005722948350165,0.4889312810988913,0.0,-6.344131569286608e-17,-0.0037371478358056015,-0.343043265615226,-9.81000000000001,-9.810000000000002
recurdyn,0.014,0.00684503793538449,0.4889312810988907,0.0,-8.458842092382145e-17,-0.003909895718613193,-0.3479482656152255,-9.809999999999995,-9.810000000000002
recurdyn,0.0145,0.007089503575933964,0.4889312810988911,4.440892098500626e-16,-9.516197353929913e-17,-0.004085096101420799,-0.3528532656152258,-9.81,-9.810000000000002
recurdyn,0.015,0.007333969216483327,0.488931281098891,-4.440892098500626e-16,-9.516197353929913e-17,-0.004262748984228404,-0.3577582656152258,-9.81,-9.81
recurdyn,0.0155,0.007578434857032801,0.4889312810988911,0.0,-7.401486830834377e-17,-0.004442854367035995,-0.3626632656152259,-9.810000000000004,-9.810000000000002
recurdyn,0.016,0.007822900497582275,0.4889312810988913,0.0,-6.344131569286608e-17,-0.004625412249843697,-0.3675682656152259,-9.810000000000008,-9.810000000000002
recurdyn,0.0165,0.008067366138131749,0.4889312810988908,0.0,0.0772402389404715,-0.004810422632651301,-0.3724732656152255,-9.809999999999995,-7.100753833630814
recurdyn,0.017,0.008311831778681111,0.4889312810988913,0.0,1.909131798563429,-0.004997885515458905,-0.3773782656152259,-9.810000000000006,-3.75151845899646
recurdyn,0.0175,0.008556297419230585,0.4889312810988913,-4.440892098500626e-16,2.473765122600164,-0.005187800898266495,-0.3822832656152259,-9.810000000000006,-0.8679158017344528
recurdyn,0.018,0.008800763059780059,0.4889312810988908,0.0,3.1121763875562714,-0.005380168781074099,-0.3871882656152255,-9.809999999999995,1.322937404952766
recurdyn,0.0185,0.009045228700329533,0.4889312810988908,0.0,3.9882318264761714,-0.005574989163881702,-0.3920932656152256,-9.81,2.882127664847642
recurdyn,0.019,0.009289694340878896,0.4889312810988907,-4.440892098500626e-16,4.4179556045478,-0.005772262046689305,-0.3969982656152254,-9.809999999999995,4.219847606480278
recurdyn,0.0195,0.00953415998142837,0.4889312810988911,0.0,4.622530832888257,-0.005971987429496894,-0.4019032656152257,-9.810000000000002,5.3879027811186235
recurdyn,0.02,0.009778625621977843,0.4889312810988907,0.0,5.084964138058618,-0.006174165312304594,-0.4068082656152256,-9.81,6.227867260115894
recurdyn,0.0205,0.010023091262527317,0.4889312810988911,4.440892098500626e-16,5.33274684657709,-0.006378795695112197,-0.4117132656152256,-9.81,7.021394069921293
recurdyn,0.021,0.01026755690307668,0.4889312810988914,0.0,5.633816704587534,-0.006585878577919799,-0.4166182656152261,-9.810000000000011,7.693508143224263
recurdyn,0.0215,0.010512428054880618,0.4901478148622038,1.6220450177499024,6.044535983772706,-0.006781190418353997,-0.3788526384949112,47.08416949375292,8.23264733275303
recurdyn,0.022,0.010758492653395235,0.4978565753131507,38.469722752082106,6.163520460337826,-0.006960250840446797,-0.3403007158621776,60.523942867321466,8.836958261692994
recurdyn,0.0225,0.011011524693694708,0.5109043354584906,11.857299804771428,6.209572483397845,-0.007123999767110201,-0.314846803060872,50.74565580250214,9.431146991748985
recurdyn,0.023,0.01127006676972242,0.5213122103465885,13.40663656407827,6.3285780011134705,-0.007276761076089697,-0.2964221374754365,36.1979173404316,9.94574806810671
recurdyn,0.0235,0.01153228853844257,0.5285811360757948,18.39716421731788,6.634971881800518,-0.007421246184469502,-0.2826753976019288,22.93299545779238,10.346341578787403
recurdyn,0.024,0.011798556896593149,0.5353321223809779,9.024199339504218,6.724099448978423,-0.007560328125966395,-0.2736085028826793,18.282118774285347,10.818505739244776
recurdyn,0.0245,0.012067240124337242,0.5386238558251955,4.2960797951496055,6.840346543105924,-0.007695304927090502,-0.2662024806625125,14.719158667405267,11.26167225968583
recurdyn,0.025,0.012337348553966287,0.5423604615995439,9.711099408577567,7.024877817516927,-0.007827088795023099,-0.2613793334781659,7.829254058942677,11.663411228722282
recurdyn,0.0255,0.012609642506904106,0.5462213740806514,5.203436878887925,7.091209002566363,-0.007957025285537406,-0.2582385933590702,6.854063005913356,12.117312479614718
recurdyn,0.026,0.012882984482004756,0.5477982517977918,6.3224670182193,7.125405844564376,-0.008085260742643999,-0.2551208122478799,4.304395539362395,12.573462057352561
recurdyn,0.0265,0.01315766143206576,0.5515101763376475,8.625104862888625,7.326672569888312,-0.008212454727174898,-0.2540099883168736,1.5119229801041154,12.936040198171616
recurdyn,0.027,0.01343360203048194,0.5525058653343101,2.4986740078675176,7.314689745990302,-0.008339046571572695,-0.2524635564187075,2.880529507739232,10.648168191657405
recurdyn,0.0275,0.013709944149742248,0.5529260116418003,0.9670924842603918,5.513268914887016,-0.008464926409310902,-0.2510926846435291,2.667963331175809,7.740089952984126
recurdyn,0.028,0.013987077593850317,0.5548916671841637,2.499115872028137,5.072605148669176,-0.008590517096151995,-0.2509322180313929,0.996622603512224,5.267666027421704
recurdyn,0.0285,0.014265416648918006,0.5582866780089584,6.434271494427997,4.627455449668631,-0.008716200711800806,-0.2517166153665055,-1.3975362757054883,3.405214225677651
recurdyn,0.029,0.014544699379743342,0.5590333813782564,1.871678910736018,3.822318803322164,-0.008841999618664304,-0.251571451884567,0.1054473696048603,2.2335399465762773
recurdyn,0.0295,0.01482481779715128,0.560847132060069,2.4411889766775072,3.4259796752525538,-0.0089679867288055,-0.2521000960501142,-0.5035030707378652,1.301059634349699
recurdyn,0.03,0.015105505440944467,0.562344076777101,3.875156762631053,3.381200457262678,-0.009094108336526296,-0.2525865858541938,-1.3734816502345129,0.4797962971862956
recurdyn,0.0305,0.01538680340635401,0.5629441695406161,1.3929548860381598,3.1020088996441424,-0.009220414093120605,-0.2526810316212843,-0.2780737312588281,0.020320578378592944
recurdyn,0.031,0.01566837558743439,0.5633238955810739,0.7181336819582977,2.9425941634716835,-0.009346768168293204,-0.2527658650620571,-0.2308588675052658,-0.3409770218940732
recurdyn,0.0315,0.01595066747293894,0.5656404213171425,4.226601231802631,2.7363485935578087,-0.009473476895034805,-0.2539664182440323,-2.195859042799844,-0.6046327562304578
recurdyn,0.032,0.016233636846904043,0.5662813493591379,1.3704057158917196,2.3477361932349745,-0.009600557630220705,-0.2544017560325775,-0.9611426430455924,-0.7037648184782744
recurdyn,0.0325,0.016516850297737307,0.5665868729911905,0.6398852989130988,2.315302212534925,-0.009727823933316296,-0.2546690312273648,-0.54570014481734,-0.9144007444355476
recurdyn,0.033,0.016800715734867078,0.5683817144381347,2.6033607141967696,2.4628176704466282,-0.009855425395268694,-0.2554967355633372,-1.175246634308725,-1.1281040683397638
recurdyn,0.0335,0.017085405221713534,0.5703935969142184,4.058492885066816,2.436516128417601,-0.009983564339858003,-0.2570062818026618,-2.913570496193516,-1.1987950429012326
recurdyn,0.034,0.01737074291169005,0.5710477036140774,1.489294644042097,2.1886832290787908,-0.010112259377924093,-0.2578081172329793,-1.672164403336475,-1.1465979497842607
recurdyn,0.0345,0.017656393355870992,0.5714761577744367,0.7010776500423952,2.28516486321463,-0.010241341103832902,-0.2584884437633501,-1.2999677824728018,-1.2185176189245064
recurdyn,0.035,0.01794265596165634,0.5733641406249679,3.355716217362219,2.3148607351756807,-0.010370950253217895,-0.2598501416231117,-2.5273714130262004,-1.2204793708661774
recurdyn,0.0355,0.018229679346051353,0.5750087879646727,3.848076698588315,2.2562632769390976,-0.0105010655469166,-0.2606855214064781,-1.8197360360190784,-1.1798456343344026
recurdyn,0.036,0.018517387728354984,0.5758806964621707,1.8557274192662887,2.25229913807642,-0.010631486846961205,-0.2610258967390732,-0.7331865998126337,-1.153764729731048
recurdyn,0.0365,0.018805768652987442,0.5772596767773572,1.991310050027931,2.389659322850817,-0.010762232822040793,-0.2618000438797094,-1.2323748817016795,-1.185074504843446
recurdyn,0.037,0.019094389162019887,0.5773570791789305,0.4642444561091152,2.330627950474767,-0.010893174668836506,-0.2620261561731364,-0.5698503271000361,-1.1036138226523964
recurdyn,0.0375,0.019383571034431113,0.5788181349256238,1.8175604131664735,2.3965111609034913,-0.0110245029439473,-0.2630422564559061,-1.5428249373635046,-1.0771543401977477
recurdyn,0.038,0.019673499568910624,0.5808732982342253,4.0649171004061575,2.503126536343959,-0.011156206811383601,-0.2638626864904617,-1.8198064708127315,-1.0808711669431053
recurdyn,0.0385,0.01996415896044257,0.5818054789361857,1.9467834894185636,2.4437708830590212,-0.011288184900100195,-0.2640781493986623,-0.4878878622786198,-1.0228120673114667
recurdyn,0.039,0.02025526905657926,0.582527637425444,1.2297806083129743,2.4281742241306437,-0.011420258660914798,-0.2642228709593738,-0.3013973202490789,-0.9471962222765041
recurdyn,0.0395,0.020546796844528092,0.5840300242045481,3.89779322758865,2.5113985798445935,-0.011552455308580706,-0.2647445117523786,-1.4048656823403007,-0.879499175993509
recurdyn,0.04,0.020839364002468996,0.585900516453749,3.0648022878595755,2.617231764773719,-0.011685016794256098,-0.2652591463160851,-0.5446998615129535,-0.8357525714554738
recurdyn,0.0405,0.02113291616358859,0.5877654747741285,2.6446101396628023,2.62654138704203,-0.011817861290965306,-0.2658190367141458,-0.520173183067242,-0.7736958585339163
recurdyn,0.041,0.021426896605008405,0.5882883098321193,1.3097079699219247,2.53071972192722,-0.011950713189231493,-0.2656363902160435,0.2696252654116158,-0.7376309197501837
recurdyn,0.0415,0.02172126237261074,0.5896322095953137,3.6026975622206465,2.54065506897744,-0.012083545112752697,-0.2658859380786845,-0.8883641448656174,-0.7645568580139475
recurdyn,0.042,0.022016578856074,0.5913797025294167,2.986942411905569,2.4816954491748273,-0.0122166108325691,-0.2662527358120243,-0.4851847167878063,-0.7309149219873248
recurdyn,0.0425,0.022312749408750054,0.5930295936357837,2.753953134894937,2.631041393870023,-0.012349869218130402,-0.2666181445004142,-0.4054935114979692,-0.7745283520944073
recurdyn,0.043,0.02260951164046565,0.594244165477142,2.8788081831629158,2.7881858573596863,-0.012483226749224599,-0.2668710005650642,-0.6237535064698485,-0.7919814400719536
recurdyn,0.0435,0.022906773905306488,0.5948637526804581,1.3568919952130742,2.6691286978347892,-0.012616664223416896,-0.2668639497699865,0.0439944579556845,-0.7216570653109441
recurdyn,0.044,0.02320443855364629,0.5962620374414728,3.7309630475708895,2.66995184717809,-0.012750136271424406,-0.2672755054528056,-1.325637750459304,-0.729521063844385
recurdyn,0.0445,0.02350311146876749,0.5981550817708511,3.2370061140350472,2.716658465432318,-0.012883858377122595,-0.267506843004168,-0.2505264313935775,-0.7584180555322081
recurdyn,0.045,0.023802806055929437,0.6001200679573379,2.9235745335540235,2.644440396388203,-0.013017770448208205,-0.2679194644428809,-0.3812890871740588,-0.7444727268348318
recurdyn,0.0455,0.02410312438013551,0.6015244529833024,3.5512182849967635,2.610607457315235,-0.013151800198782398,-0.268365546258879,-1.2241804416734956,-0.7805312661550863
recurdyn,0.046,0.02440390165977424,0.6020135147104363,1.8358217311773,2.560427618098893,-0.013286095542436996,-0.2688562803896311,-1.0623723215606935,-0.8069773702796852
recurdyn,0.0465,0.024705147453232268,0.6030076793427266,2.064369707320909,2.571701367850353,-0.013420681635460396,-0.2694968438726101,-1.2986313033516708,-0.8626103664114917
recurdyn,0.047,0.02500676881757391,0.6034310181919874,0.7531580341730617,2.5578071491602765,-0.013555508286611201,-0.2697847758578727,-0.5258942251426064,-0.9127865283522295
recurdyn,0.0475,0.02530909111584201,0.6055447238598433,3.600509294708224,2.562486544440207,-0.013690647789157698,-0.270650438182796,-1.4857323593487664,-0.9887456197606906
recurdyn,0.048,0.025612350600276668,0.6077983674058046,5.117594146449402,2.5483275393531706,-0.0138261289047239,-0.2714395660787182,-1.9093397848919773,-1.042865420551602
recurdyn,0.0485,0.025916374290723687,0.6084385600816193,1.5647167503833246,2.443116002903869,-0.013961868686991993,-0.2715653131863738,-0.3429946008315303,-1.0388116607577718
recurdyn,0.049,0.026220985568957134,0.6097135738732762,1.9640696256278765,2.5498782256796315,-0.014097778154414,-0.2719821928018626,-0.6530318314808796,-1.1170565604204763
recurdyn,0.0495,0.02652614582933943,0.6108731756626831,2.210619591651757,2.5484564434157035,-0.014233877348278606,-0.2724254462657179,-0.9082341456933652,-1.1247043804004948
recurdyn,0.05,0.02683191814816177,0.6121399410888816,2.381213777662247,2.523439339314912,-0.014370228047090594,-0.2729794010687454,-1.1120137796953973,-1.159185869102022
recurdyn,0.0505,0.027138363245301944,0.6134787719221702,2.354310567327228,2.4220819095330146,-0.014506898519120404,-0.2736664263566069,-1.3019291872383,-1.1409049017348034
recurdyn,0.051,0.027445261210607974,0.6141936389912551,1.5908335161196328,2.429648974755556,-0.014643857963479098,-0.2741877740597604,-1.0755413696838168,-1.1476060985934922
recurdyn,0.0515,0.027752630444361603,0.6151250816859378,1.5464567147025825,2.5480950686558734,-0.014781091864106893,-0.2746924681689289,-0.898667653356322,-1.1932052720277124
recurdyn,0.052,0.02806040683215194,0.6163805053229603,3.310918969729045,2.5868559487784943,-0.014918585049893893,-0.2754718874602857,-1.942063545621108,-1.2104558774967846
recurdyn,0.0525,0.02836890076811338,0.6177591743510853,3.085209712784103,2.630736734530043,-0.015056538969979799,-0.2764279215809371,-2.08032563636549,-1.2464289061502314
recurdyn,0.053,0.028678237212876656,0.6192870430337184,2.4566140280671798,2.48775901421069,-0.015195019452014902,-0.2773464664022909,-1.542009328107107,-1.2226887202641077
recurdyn,0.0535,0.02898790142308194,0.6194957618899806,0.6693659177275779,2.4561583983395896,-0.015333730583794794,-0.2775569196974017,-0.5386245507994216,-1.2654822422940646
recurdyn,0.054,0.02929793450722218,0.6209658929488795,3.5988986735040944,2.535903156429851,-0.015472628188999901,-0.2781949975191146,-1.5991484349611065,-1.3543545257002485
recurdyn,0.0545,0.029608758948032055,0.6225741580246447,3.7011056200284,2.514401860922413,-0.015611845748582598,-0.2788066796578807,-1.4862419700396927,-1.3775516910404675
recurdyn,0.055,0.029920607520904974,0.6243750574778418,2.7116469279184185,2.4717401890029818,-0.0157514831507784,-0.2795184638151056,-0.974637694125652,-1.3832251440881584
recurdyn,0.0555,0.03023284228714085,0.6246682995987408,0.7950685081341833,2.383587703728299,-0.0158912166415887,-0.279466328813687,0.0026112275375371,-1.3576384550292144
recurdyn,0.056,0.03054542798050064,0.6260989183834085,3.7101266546701295,2.3796040798797087,-0.016031019265554905,-0.2799464743264028,-1.3649055757059625,-1.3527583316577592
recurdyn,0.0565,0.03085877418318217,0.6277732027887627,4.323189703083971,2.5526692176368444,-0.016171132462853094,-0.2807313833372856,-2.0199549636793224,-1.4068409544664668
recurdyn,0.057,0.031173167894160803,0.6295070090046365,2.8783481898959398,2.5422569351767796,-0.0163117799642664,-0.2817102263310508,-1.6608940182021792,-1.3872366760575374
recurdyn,0.0575,0.031487980268773086,0.6300434128583791,1.6746545349555912,2.4073789127470175,-0.016452747797636294,-0.2822559986966489,-1.2813278268649937,-1.2949752722217658
recurdyn,0.058,0.03180309398574854,0.6303769282429423,0.5979771680018047,2.3554283137472907,-0.0165940045714547,-0.2827603447506936,-0.9871884557401648,-1.2233931314038478
recurdyn,0.0585,0.032118922925477134,0.6327713747603934,4.453981213156295,2.437699771650165,-0.016735774018793906,-0.2842408956152211,-2.808003747521077,-1.2155524277593475
recurdyn,0.059,0.03243553745852068,0.6340389052546735,3.2393566702788195,2.55229082137283,-0.0168780870571857,-0.2851784049217361,-2.209312552361392,-1.229487510290345
recurdyn,0.0595,0.03275272220653758,0.6347476316387999,1.5125424199716706,2.507047330965621,-0.017020803393288306,-0.2857177152810378,-1.1401723036254747,-1.1794028670758456
recurdyn,0.06,0.033070355495169124,0.6355952583835014,1.3147244813437051,2.4762922502341373,-0.017163816692688794,-0.2862834429660464,-1.0273766596948768,-1.1458937513484293
recurdyn,0.0605,0.033388197518227636,0.6358165490136181,0.5300115868939055,2.405515191740519,-0.017307018148192896,-0.2865465843355428,-0.5746933094575715,-1.0812797705489752
recurdyn,0.061,0.03370666413724488,0.6375009016512545,2.270654466506832,2.4360656048695994,-0.017450550814648802,-0.2873651945608271,-1.1994465964377397,-1.0752760704034379
recurdyn,0.0615,0.03402608648796435,0.6401510017910277,5.225201409019482,2.3759792513937716,-0.017594511078617397,-0.2884733470494677,-2.2112764486666814,-1.0159882938635731
recurdyn,0.062,0.03434625995959617,0.6406788929594318,1.327798783041218,2.347924869228945,-0.0177387821401528,-0.2886638675224131,-0.4869778067688033,-0.9607415474462083
recurdyn,0.0625,0.03466664131957675,0.6408823400858855,0.4784804987040485,2.453996251126209,-0.017883106545374602,-0.2886499539599035,-0.0045740650699066,-0.9713043241714485
recurdyn,0.063,0.03498764729906523,0.642510520760338,1.994247133789836,2.441681862833689,-0.018027636282852005,-0.2892037501246701,-0.5771006791892077,-0.9328847454544876
recurdyn,0.0635,0.0353092972023441,0.6443458852187689,4.184314644027539,2.5073877770099484,-0.018172339518120598,-0.2897508091749786,-1.377354551572599,-0.9268318103826394
recurdyn,0.064,0.03563205967903649,0.6462938978752599,3.0757779619035497,2.4111620610657187,-0.0183173940281893,-0.2903168354583197,-0.8312612839503783,-0.8464520153096865
recurdyn,0.0645,0.03595581324029751,0.648169318865836,2.648785374952701,2.3766705459720208,-0.0184627435693,-0.2908359249533216,-0.5473709274566154,-0.7987641294238998
recurdyn,0.065,0.036280103862639135,0.6493450569144827,3.0552489246672447,2.38747272453307,-0.018608168090787303,-0.2910446806096615,-0.7825505397639478,-0.7831904202291794
recurdyn,0.0655,0.03660493672317311,0.6499720532426344,1.225328699552434,2.379790275851199,-0.018753621603181905,-0.2908114608134932,0.3822559026628873,-0.76848900111603
recurdyn,0.066,0.03693026185976511,0.6510094299801162,1.436627183844862,2.600573109243921,-0.018899058102929606,-0.290840827262688,0.1286889305938183,-0.8467124909830837
recurdyn,0.0665,0.03725615847895791,0.6524053166935143,2.4483132316777634,2.5576551995155974,-0.019044521170378095,-0.290956100464133,-0.1198622683688022,-0.8187565660684362
recurdyn,0.067,0.037582891461639845,0.6543994772830984,3.734047677622605,2.3315166675475867,-0.0191901470358226,-0.2914666742111357,-0.8597732889146599,-0.7225680154337604
recurdyn,0.0675,0.03791057282502608,0.6566391885750871,5.105847209738478,2.461445313849563,-0.019336055774096098,-0.2922881546293457,-1.8827123294322283,-0.7898472276719042
recurdyn,0.068,0.0382389926199731,0.6571936029891721,1.4160523808126806,2.667204342283601,-0.019482226377385004,-0.2924598357463293,-0.4745166738088118,-0.8933368777823425
recurdyn,0.0685,0.038567878003716305,0.6582652178277852,1.977801365703248,2.6373741967228432,-0.0196285984981332,-0.2929592607011397,-0.8600768192313559,-0.9030483387982987
recurdyn,0.069,0.03889727295202916,0.6593982069203937,2.433241178327469,2.527561592746938,-0.0197752181906347,-0.2935193920158964,-1.1200280509890632,-0.8910596395573674
recurdyn,0.0695,0.03922735788160936,0.6607986178735683,2.5150348533111666,2.393758556339742,-0.019922177935599097,-0.2942214566659471,-1.2078669487598717,-0.8733614200370423
recurdyn,0.07,0.039557939115829166,0.6615973154821316,1.7393881697537008,2.4746484631371435,-0.020069374687867195,-0.29459678563885,-0.813124410536342,-0.9590179235583838
recurdyn,0.0705,0.03988892242498532,0.6622549665770032,1.153393059024418,2.4389123650172215,-0.0202167914933387,-0.29501327265756,-0.7186468583187429,-0.9873388327249066
recurdyn,0.071,0.040220745821746284,0.664938406294079,5.166451088141063,2.4476975188831918,-0.0203645905735345,-0.2961525070406974,-2.2173865966656985,-1.0372935703329966
recurdyn,0.0715,0.04055331087201908,0.6654724451361291,1.369378362212042,2.529848434254372,-0.020512712091511898,-0.296396128998209,-0.612372173230141,-1.113835236179396
recurdyn,0.072,0.04088608773724045,0.6656728035021549,0.4762922376912586,2.545453055324267,-0.020660925989750195,-0.2964756256978744,-0.191316885338491,-1.1752117836221008
recurdyn,0.0725,0.041219601415181883,0.6680414309717453,4.056300355382721,2.4489002133550066,-0.020809466680481697,-0.2975563417789965,-1.8998412637698223,-1.1754638566079065
recurdyn,0.073,0.04155402750714887,0.6700520389580198,4.79942009581884,2.2898783668053753,-0.02095842796189,-0.2984670269959207,-2.17785671738911,-1.136688445518166
recurdyn,0.0735,0.04188915433784035,0.6705956149022155,1.3678140770139269,2.4267450088974853,-0.021107728998617,-0.2987973337941839,-0.7810413605242905,-1.2109683710929158
recurdyn,0.074,0.042224870839985496,0.6719025667802532,1.8782499605335337,2.411533440317612,-0.021257331755560605,-0.2994869118540181,-1.1255918675130436,-1.1955105737425225
recurdyn,0.0745,0.042560783130894064,0.6718910603666537,0.265914197352425,2.4065910130082577,-0.021407096464133205,-0.2996443168137673,-0.4595986740235487,-1.202865760089396
recurdyn,0.075,0.042897406510683744,0.674333627933601,4.3474734176981285,2.4339884422586935,-0.021557272554923998,-0.300938720956762,-2.3461575014047864,-1.2261102017055976
recurdyn,0.0755,0.04323477267035458,0.675308517057806,2.304790864148893,2.4804927700062844,-0.021707862694481203,-0.3015246015225103,-1.37728963226093,-1.261575513024633
recurdyn,0.076,0.04357265522017151,0.6761175538665457,1.4098169307378074,2.5041917681537793,-0.021858723300335406,-0.3018879101051389,-0.6667935871070014,-1.2793129749779983
recurdyn,0.0765,0.04391097106064612,0.6774221300509605,3.1617964066396342,2.3419717746582114,-0.022009783961193505,-0.3024909932293326,-1.478686052180568,-1.2537515320148231
recurdyn,0.077,0.04425006276082721,0.6788774029306832,2.776010274145565,2.3845641601144316,-0.022161225351401997,-0.3032349728580814,-1.408769764665605,-1.294625683637036
recurdyn,0.0775,0.04458967293909555,0.6796469660356321,1.7064379962681349,2.5750900961508676,-0.022312941450674806,-0.3036484652510076,-0.8650668216165798,-1.403030598890064
recurdyn,0.078,0.04492978839773143,0.6806725143799428,1.7663884321962255,2.4361775525389455,-0.0224649382247495,-0.304260655323628,-1.068428696547678,-1.3454231696108132
recurdyn,0.0785,0.04527067762386505,0.6828510152334196,4.290251864746988,2.228155561052607,-0.0226173157174384,-0.3052635841555932,-2.034395110878552,-1.2542941933521043
recurdyn,0.079,0.04561228212916624,0.6836236002088538,1.6583584255259112,2.259420631062219,-0.022769998978076397,-0.305500387044696,-0.5354630748730953,-1.2496551815666692
recurdyn,0.0795,0.04595430507323239,0.6846282506833141,2.329450204831034,2.354365897782329,-0.022922869335012502,-0.3060593356132527,-1.2744869642734082,-1.2414905230369935
recurdyn,0.08,0.04629688626683792,0.6859349824281519,3.090380867570312,2.542948326778746,-0.023076078699840005,-0.3068427297106071,-1.6960002227001052,-1.2914842234537771
recurdyn,0.0805,0.046640295162138856,0.6874967853649128,2.7159790524531155,2.4785453261358183,-0.023229754526525093,-0.3077411273572437,-1.557895948236089,-1.1762461693450534
recurdyn,0.081,0.04698420390492186,0.6882302535709767,1.6510720201218074,2.5055314729004547,-0.023383734479962295,-0.3082326902641666,-1.091133559339415,-1.1490853629810884
recurdyn,0.0815,0.04732860288417873,0.6892379163198664,1.7598312247341354,2.4818327082883167,-0.023538103429943696,-0.3091580490365594,-1.6805962944390176,-1.1824793161347427
recurdyn,0.082,0.04767357002368422,0.6905002336253169,2.263818456792668,2.4231754283361777,-0.023692863719034493,-0.3098882605209544,-1.4707293572966105,-1.1453673515626308
recurdyn,0.0825,0.048019303363462384,0.6925860137799047,4.4773368944564105,2.3891841361731267,-0.023848096910760494,-0.3110833384783272,-2.467820105652078,-1.1388075347512807
recurdyn,0.083,0.048365683104879764,0.6930442670695229,1.1391369395323545,2.3912030967912554,-0.024003700897707106,-0.3113804952054665,-0.6900852489055556,-1.135183511297516
recurdyn,0.0835,0.048712241793534394,0.6932251168778656,0.4309582746057381,2.362101850159917,-0.024159415945049403,-0.3114961317386063,-0.2641482159562276,-1.158203902255177
recurdyn,0.084,0.04905940999203029,0.6948424921286466,2.024380547215771,2.314682119608978,-0.024315382079731496,-0.3121031748924576,-0.6836221130301503,-1.1651539444027488
recurdyn,0.0845,0.04940710466381171,0.6963573687033513,3.8721005616558495,2.3224071893572344,-0.024471341421173298,-0.3121572163931399,-0.9541340383898548,-1.1801951800141839
recurdyn,0.085,0.04975558672440694,0.6980206574920405,4.226145206277177,2.3930538345037684,-0.0246275184886052,-0.3127315014594145,-1.5094663827760053,-1.1910041980505535
recurdyn,0.0855,0.05010524704784025,0.7000693994676207,2.9950104041966528,2.48020084003846,-0.024784020437973495,-0.3129854383278831,0.0738416348784127,-1.2144679192349717
recurdyn,0.086,0.05045595034455419,0.7021244684144506,2.8714999462062605,2.4706346382737228,-0.024940635013486506,-0.3134308792006474,-0.8069126986176638,-1.1954672546986889
recurdyn,0.0865,0.05080708723773397,0.7025018220780441,0.9121428738829068,2.514156209906874,-0.025097540967373003,-0.3141539244239115,-1.3680666033337443,-1.151677111199373
recurdyn,0.087,0.051158813828380056,0.703935679673901,1.929993527644721,2.6377143484656753,-0.025254755469210896,-0.3146038373748532,-0.6993347961662195,-1.1299308178543293
recurdyn,0.0875,0.05151110593608088,0.7050997636864065,2.0621931387214856,2.586843311665839,-0.025412098218958096,-0.3150032528972471,-1.271013611627251,-1.0397705385414944
recurdyn,0.088,0.051863847280213204,0.7059198973070344,1.7488361692488383,2.3945460659421327,-0.025569689489880004,-0.3153797824261424,-0.7889623290875196,-0.8690214384618036
recurdyn,0.0885,0.05221703153090829,0.7066573169534703,1.155262252938117,2.4440665752019917,-0.0257276197924204,-0.3162485693075478,-1.551856906658564,-0.8124769830185324
recurdyn,0.089,0.052570565179528295,0.7078909066206462,3.2944375231772804,2.690766425753487,-0.025885895487943206,-0.3170964775445242,-2.180345995977554,-0.8981620728956405
recurdyn,0.0895,0.05292468628168867,0.7086973505434501,1.8205848902392856,2.666970345705563,-0.026044574241080004,-0.3175703385291532,-0.851329022713232,-0.8967956034454122
recurdyn,0.09,0.05327960728468806,0.7107952634368301,3.813029752908252,2.50491627374582,-0.0262035712153815,-0.3183693176889204,-1.5014763430371678,-0.859208882240128
recurdyn,0.0905,0.05363545038191608,0.7129163114521692,4.920467983798838,2.5581347086600523,-0.026362970335503097,-0.3193454248349819,-2.188738367572891,-0.8801462274199968
recurdyn,0.091,0.05399192225134808,0.7135725110677649,2.515088815393626,2.484801008506703,-0.026522659176122898,-0.3196674017378197,-1.158881992974151,-0.9251669324186612
recurdyn,0.0915,0.054349288866241685,0.7153744860434018,2.5650250244179835,2.3706328049545276,-0.026682611880907606,-0.3199482947058972,-0.1715405458537846,-0.9209971487527678
recurdyn,0.092,0.054707272473431545,0.7170558524132264,4.354552134468969,2.5008661064795836,-0.026842653012338305,-0.320388243894991,-1.2239241341930969,-0.9544020429467169
recurdyn,0.0925,0.055065885103673495,0.7175241421549978,1.195526683996098,2.4495887807308545,-0.0270027703476053,-0.3201290114068888,0.4226365082729248,-0.9691872414349112
recurdyn,0.093,0.055424686966122794,0.7177134985819993,0.43909473425858,2.407390327007451,-0.027162686729900395,-0.3195532868412634,1.1179109960214255,-0.9541691600193589
recurdyn,0.0935,0.05578417484929232,0.7195205332475648,2.1790676339894017,2.4773074709193907,-0.027322538759482498,-0.3195797220852419,0.4973483154031379,-1.010793096127371
recurdyn,0.094,0.05614471012434463,0.72247346388882,5.611655136187134,2.6506482947859267,-0.027482637980148897,-0.3207143251087915,-2.063535103375496,-1.0628739819892765
recurdyn,0.0945,0.056506052178248,0.723065273523329,1.524662866209363,2.560726242706739,-0.027643046642725905,-0.3209810567175262,-0.6549262545753534,-0.9961663490512659
recurdyn,0.095,0.05686761820719766,0.7232492991618158,0.4689650505012501,2.562141893724939,-0.027803555225854495,-0.3210583694805687,-0.1648128930788877,-0.9783451535895641
recurdyn,0.0955,0.057230045380432526,0.7261902795545851,5.34373233947605,2.477923668014009,-0.027964353573151593,-0.3220839822520189,-1.9491506315532487,-0.9617018084814449
recurdyn,0.096,0.057593243223728274,0.726759437266836,1.45500270097632,2.3868916545398386,-0.0281254764971353,-0.3224637462599533,-0.8715931700935409,-0.9505609212154608
recurdyn,0.0965,0.057956704003435,0.7270400513312121,0.4739676716105752,2.3979258055616017,-0.028286819565147905,-0.3228659728356979,-0.7193472416339048,-0.9336123021239201
recurdyn,0.097,0.05832084096155066,0.7291856767829461,3.6470422059090906,2.406549965988308,-0.028448579158493706,-0.3240365790369635,-2.0695693814066765,-0.9270937778328675
recurdyn,0.0975,0.05868557208821723,0.7296755457548751,0.8531696869214058,2.2421208191723307,-0.028610753262097402,-0.3246006631984416,-1.0098239644182954,-0.825906586307075
recurdyn,0.098,0.05905060036226517,0.7303505544984417,1.1760256105300115,2.359743062708747,-0.028773203639125403,-0.3251396625314622,-0.9556339019006544,-0.8866234206645179
recurdyn,0.0985,0.05941633517152656,0.7322738925705659,3.2170961913995755,2.445504381661393,-0.0289360249109736,-0.3261370599432245,-1.9780649873557712,-0.9821685879318016
recurdyn,0.099,0.059782933378805914,0.7343952694473,4.795419554135375,2.6276597942763322,-0.029099370583859897,-0.3273527346500705,-2.645555509758582,-1.075513700181772
recurdyn,0.0995,0.06015023967136235,0.7349641037202392,1.4060744295143373,2.443263677532287,-0.029263119368002702,-0.3276924397116597,-0.779485704279332,-0.9513119032446136
recurdyn,0.1,0.06051806487191569,0.7361129794971583,1.8503135616214847,2.3997925101291067,-0.0294270567851038,-0.3279941051817271,-0.4770839180174935,-0.9545248815051625
recurdyn,0.1005,0.06088630451406263,0.7369903960469903,2.0444470129787207,2.616145611623855,-0.0295910971653043,-0.3283687519249352,-1.151966095766669,-1.0512288776349776
recurdyn,0.101,0.0612550501875081,0.7382435458163381,3.008795700841256,2.4328134960019687,-0.029755494590452597,-0.3292835452302424,-1.954779734987219,-0.9845378996997354
recurdyn,0.1015,0.06162463092626336,0.7398481790072309,2.746805986850654,2.3895100266771783,-0.0299203709020512,-0.3299533634453632,-0.8029609920517977,-1.000116503176574
recurdyn,0.102,0.06199521664550012,0.7418579715716948,2.746132393378817,2.5981898063754905,-0.0300854688654262,-0.3302045896337602,-0.0346515357416787,-1.093753469098606
recurdyn,0.1025,0.062366211510187064,0.7422151143867595,0.9015400513334472,2.490346740988768,-0.0302504365540021,-0.3297101254300122,0.9010068878485455,-1.0457970588707266
recurdyn,0.103,0.06273755961084726,0.743612599770048,3.665593798260838,2.473473119900954,-0.030415272896070503,-0.3298857883900186,-0.8524170132333797,-1.0353899035497642
recurdyn,0.1035,0.06310952055038088,0.7444818996752831,2.240082432264148,2.6486419310309244,-0.0305802855835014,-0.3302475092409441,-0.8885375165915281,-1.1178760277850066
recurdyn,0.104,0.06348252062184734,0.7475012257575603,6.004331298903116,2.546734636026643,-0.0307455862393071,-0.3309670363719497,-1.462899041846243,-1.071695190607367
recurdyn,0.1045,0.06385640571831597,0.7482050271085967,1.739336684562201,2.3481802180823537,-0.030910945188570703,-0.3305817228690879,0.5447026323048316,-0.9722795514598931
recurdyn,0.105,0.06423057662806253,0.7484947615806681,0.6117683507425671,2.4045576241294246,-0.031076344171758002,-0.3309785660741593,-0.7223987980468793,-0.9873105649130629
recurdyn,0.1055,0.06460549963303897,0.7510991049984143,5.012380181890965,2.5491275080022096,-0.0312421897009506,-0.3322399575881059,-2.195596811805009,-1.0580797024107602
recurdyn,0.106,0.06498116902309892,0.751712219597681,1.493757911416441,2.519141143058267,-0.0314083298847225,-0.3324175275674673,-0.5486400949131607,-1.0083757210674809
recurdyn,0.1065,0.06535707852661732,0.7519554144980538,0.545629845155716,2.4005017715015393,-0.031574709469175,-0.3330588548657487,-1.198743843107147,-0.8950048843874521
recurdyn,0.107,0.0657337232201074,0.754503447741391,4.856243045275136,2.3689614687176417,-0.03174163382731,-0.334520147151557,-2.685723525996579,-0.8641824965316548
recurdyn,0.1075,0.06611107718933251,0.7550535229085644,1.3823378327879157,2.5255996837562615,-0.0319089856517585,-0.3349692700886628,-1.0624847666212114,-0.9419958939051605
recurdyn,0.108,0.06648865020245232,0.7552707321505165,0.4988236440773015,2.564465381744457,-0.032076562380455496,-0.3353512758196606,-0.7912737026780832,-0.9679079229891996
recurdyn,0.1085,0.06686698031123917,0.7578738602348817,4.854570644259402,2.421113025446387,-0.0322446140392272,-0.3367752781710619,-2.687842510840745,-0.875565767368524
recurdyn,0.109,0.06724599653916608,0.7583017166028609,1.0770429963096677,2.449306505093354,-0.0324131030035736,-0.3372299955444588,-1.0082674066253414,-0.866191581987704
recurdyn,0.1095,0.06762519556331437,0.758554492490952,0.6257767773052989,2.280104410497424,-0.0325817802745102,-0.3374939986451259,-0.5578270876616278,-0.8716825317340441
recurdyn,0.11,0.06800504731431711,0.7603510019944633,2.58999995650282,2.4065870156729052,-0.0327507791363137,-0.3382715078537302,-1.0951369867958969,-0.9834604027121594
recurdyn,0.1105,0.06838583617542282,0.7627992924921403,4.886281122949966,2.45977508621114,-0.0329201664482929,-0.3392654329096743,-1.9632358054691397,-0.9815231104180748
recurdyn,0.111,0.06876736693058827,0.7634151936682041,1.4147333491559362,2.2907906342272195,-0.0330897887531219,-0.3392716552800352,-0.1081824875577961,-0.9194885536539216
recurdyn,0.1115,0.06914913041561788,0.7636563122837812,0.517368898149976,2.243460880347213,-0.0332593634445152,-0.339042880827698,0.4260078352933831,-0.9249628106548338
recurdyn,0.112,0.0695315397373858,0.7653397584429195,2.0844596283887986,2.318731211697193,-0.0334290430786121,-0.339398190905643,-0.1556908470800566,-0.9363154102822298
recurdyn,0.1125,0.0699150456093226,0.7685206276010287,6.0355349091898365,2.318801702884041,-0.0335989823719608,-0.3402957699174698,-1.6687328805852992,-0.9205382324873556
recurdyn,0.113,0.070299431244498,0.7692007002779981,1.717719709085547,2.31951181948923,-0.0337690571357183,-0.3400603139458478,0.3568542770837215,-0.9598083038960971
recurdyn,0.1135,0.07068409516336938,0.7694916363217676,0.6551943160013725,2.3857253006083394,-0.0339389345095702,-0.3394830556400829,1.0867682548008109,-1.0153208603326611
recurdyn,0.114,0.07106947979701295,0.771477303663364,2.832145504850447,2.2936847823745095,-0.0341088526489498,-0.340009198665067,-0.6916796235943075,-0.9904840281494512
recurdyn,0.1145,0.07145555325734432,0.7727596924909155,2.451087312388595,2.2989823682687147,-0.0342790843958134,-0.3408580459738445,-1.5782089865193862,-0.9908382731201661
recurdyn,0.115,0.07184243603672291,0.7748644266053503,4.395471393247302,2.293782321081141,-0.034449681939193996,-0.3416457449256818,-1.802632658235588,-0.9795359907455082
recurdyn,0.1155,0.07223004467849325,0.7756494629987304,1.7287178320455023,2.2960691201287173,-0.0346205654526029,-0.341937455732769,-0.6817156598711049,-0.9687884280936326
recurdyn,0.116,0.07261812495529485,0.7765264802758304,1.4637066902286335,2.2377673993666196,-0.0347916631478414,-0.342418608257076,-0.8928711197577899,-0.9374659341637488
recurdyn,0.1165,0.07300642961976456,0.7767342872093247,0.4998330799363017,2.338617382791875,-0.0349629471326872,-0.3427338695646267,-0.6635994919323158,-0.9826193209627208
recurdyn,0.117,0.07339533160413692,0.7783355454458145,2.126306803505299,2.4133055479082826,-0.0351346041011072,-0.3436732239486405,-1.4371484352824655,-1.0092512508641405
recurdyn,0.1175,0.07378513827505373,0.7808277726735113,4.857723360198934,2.3838773113598686,-0.0353067458610208,-0.3448721205253874,-2.3544027923042226,-0.9713239295455642
recurdyn,0.118,0.0741756584047304,0.7813895719237476,1.397250281496893,2.2915088904466976,-0.0354794210320204,-0.3458221310656632,-1.8871562662047785,-0.9230243898971755
recurdyn,0.1185,0.07456682360989564,0.7828027370174921,1.8893067475786,2.391441595639771,-0.0356526871336057,-0.3470214625176202,-1.9570373878459293,-0.9746699687481336
recurdyn,0.119,0.0749584231514524,0.7839295130537489,2.921719761348968,2.49677149082029,-0.0358263911091401,-0.3479495183274788,-2.1662690349933387,-1.0417252174803562
recurdyn,0.1195,0.07535051383952918,0.7844784492287138,1.1882923000879826,2.4016181736388673,-0.0360004793261056,-0.3484303605687429,-1.0157065510103545,-1.011171996424962
recurdyn,0.12,0.07574282964767676,0.7847607602418851,0.5165757863662552,2.448104933843977,-0.0361747362607742,-0.3485939891267969,-0.3204791577938106,-1.019920389167707
recurdyn,0.1205,0.07613577840657393,0.7865570234783578,2.638022736501924,2.3593590266459543,-0.0363492522359644,-0.3492493099231563,-0.8694381711065109,-1.0001609506210414
recurdyn,0.121,0.07652954540657697,0.7884494862527536,3.6619449869459055,2.3910681703846484,-0.0365240573346876,-0.3499365633044807,-1.3054634329415773,-1.0350658858205186
recurdyn,0.1215,0.07692413081945326,0.7900539715029181,3.532583001086288,2.4724960485552763,-0.0366991041781721,-0.3503577878717021,-1.0564036103362078,-1.0878959398659633
recurdyn,0.122,0.07731941269331666,0.7910852028181026,2.0858203655945475,2.498202978369887,-0.0368742917788823,-0.3504085170935578,-0.1332626926364337,-1.1196311926295113
recurdyn,0.1225,0.07771519810366778,0.7919374373675319,1.4664666608721055,2.4132929171215443,-0.0370494090016287,-0.3500742497675467,0.6407829006100458,-1.0894365301965823
recurdyn,0.123,0.07811144509567691,0.7935179335358657,4.095798070013251,2.3658108534784614,-0.0372244175890587,-0.3501807854971124,-0.6544425479691371,-1.0595978819031386
recurdyn,0.1235,0.07850857340031414,0.7952106859040045,3.8163065181400913,2.508146417184721,-0.0373995818259051,-0.3505103994124828,-0.727702878786399,-1.0481438266350616
recurdyn,0.124,0.07890680690912566,0.7971837981517345,2.8671221147922656,2.4854574521912203,-0.0375749888847883,-0.3508944657585633,-0.3213919685758615,-0.961701554183616
recurdyn,0.1245,0.07930545697066049,0.7975086045305475,0.8339258440405684,2.3683273829955014,-0.0377504271641881,-0.3508890742948936,-0.0500619814310283,-0.8125802386429991
recurdyn,0.125,0.0797044367946056,0.7988164752093171,3.427309276695907,2.450336979486534,-0.0379259965169187,-0.3515791867696903,-1.7619252341170355,-0.6587901721710504
recurdyn,0.1255,0.08010432540297452,0.8004101685735482,2.531807342088816,2.653102281065318,-0.0381020930702569,-0.3525400277886483,-1.3876844487556044,-0.5702650250653476
recurdyn,0.126,0.0805050978811882,0.8021436088899987,2.394609850558082,2.72244514725888,-0.0382786435284523,-0.3534545962155327,-1.4147192990601276,-0.5214800650973311
recurdyn,0.1265,0.08090637858255822,0.8033548257729041,3.173692131811815,2.714179644583985,-0.0384555503980535,-0.3543143147659999,-2.00230225471213,-0.46602296405279503
recurdyn,0.127,0.08130814746649817,0.8037976875313566,1.0396786060431338,2.633731972628788,-0.038632862898531,-0.3549575109050334,-1.3300397999668254,-0.3899636857751141
recurdyn,0.1275,0.08171012356226515,0.8040379904134083,0.3431955172900953,2.6640034375652957,-0.0388104678644796,-0.3554106970283867,-0.8030605241909514,-0.3976378790409478
recurdyn,0.128,0.0821127578563633,0.8062337382021196,3.8606000236941966,2.757786354589817,-0.0389884430412486,-0.3563823013324321,-1.7277911781419082,-0.4578381883357577
recurdyn,0.1285,0.08251622816845194,0.8080371984571948,4.386297119328336,2.7111133745002154,-0.0391667704388524,-0.3570664504840697,-1.6466211055751625,-0.44299840774705196
recurdyn,0.129,0.08292037054870693,0.8086379701307148,1.4128384827150882,2.6136859584402408,-0.0393453056103518,-0.3571057804153191,-0.1417496663655706,-0.3989315218477197
recurdyn,0.1295,0.08332476600425098,0.8089064081651081,0.4619883082388738,2.5540065849957663,-0.0395237560297841,-0.3566595192167621,0.9652785913596152,-0.44742352445185335
recurdyn,0.13,0.0837299008251815,0.8109972653175858,2.910493826399678,2.69508035427391,-0.0397020301378064,-0.3559947448333084,2.213884844900571,-0.5823638430033117
recurdyn,0.1305,0.08413613340335457,0.8136588181259631,4.77464711952071,2.630549130998682,-0.0398798327398603,-0.3552205668750312,1.5385489314259484,-0.6031314205193137
recurdyn,0.131,0.08454340697713791,0.8155707032984538,4.094222926566734,2.607826084681631,-0.0400574168637014,-0.3551294861851765,0.1550459882218344,-0.6135090584266522
recurdyn,0.1315,0.08495152916136606,0.8171164608140211,3.488369430773102,2.5245396940366622,-0.0402349510442521,-0.3551035771791178,-0.1408643110063216,-0.55352274187154
recurdyn,0.132,0.08536033776263541,0.8180779980110475,1.8431818900271624,2.5571564362104175,-0.0404124389922067,-0.3548406856008735,0.5408412334950956,-0.5003486996030568
recurdyn,0.1325,0.08576962262489907,0.8192501048096574,2.7215211292611965,2.561218434909051,-0.0405898438599662,-0.3548833407067356,-0.2944207512189436,-0.3776368090063791
recurdyn,0.133,0.08617955230306418,0.8207183333098611,3.435907918387056,2.697861494681889,-0.0407673324021748,-0.3551329403158725,-0.6234235945809612,-0.24615408096151564
recurdyn,0.1335,0.08659039200399632,0.8224583182364322,3.1156654881316186,2.855706227584688,-0.0409449977296405,-0.3554163567203931,-0.3428071556063177,-0.15210992957219138
recurdyn,0.134,0.08700182274508594,0.8233040648744828,1.770330780880622,2.735050231758108,-0.0411226652260229,-0.3552855673334745,0.1977017250995807,-0.008230351111694598
recurdyn,0.1345,0.08741378195618221,0.8243218860105257,1.613855272458295,2.693301783002778,-0.041300578348709,-0.3561611763779856,-1.3397240232626686,0.07300383519995776
recurdyn,0.135,0.08782639718332985,0.8261795730451313,3.796474998881596,2.7724260639245193,-0.0414790269775087,-0.3576182097671896,-2.8838086710116544,0.060092353611958964
recurdyn,0.1355,0.08823953044887456,0.8267845694863487,2.0721535879161084,2.933879631455287,-0.0416580251173989,-0.3585457908709017,-2.1980443619530785,-0.09858679991724442
recurdyn,0.136,0.08865340315773518,0.8282590735634785,2.0546233694307494,2.7836922794738923,-0.0418376088978412,-0.3595689645956604,-1.6056148448097112,-0.1318278516648388
recurdyn,0.1365,0.08906758139824378,0.828517879929163,0.6455956470137365,2.609916542928064,-0.0420173956502896,-0.3596122565597442,-0.1550066514027737,-0.07286940799679391
recurdyn,0.137,0.08948208912362876,0.8299801116991072,3.858643717460681,2.5426141204557062,-0.0421972110302241,-0.3598521717107843,-0.8856473670739842,-0.046587054285430585
recurdyn,0.1375,0.08989717208880332,0.8304471754940231,1.1249805787144402,2.668912459705121,-0.0423769968354791,-0.3592598830342247,1.2469099025634094,-0.08234271755114314
recurdyn,0.138,0.09031318632125895,0.8328316398543075,3.212699772519686,2.782791223422412,-0.042556485985194,-0.3584887802386815,1.95807676475118,-0.08241483621992332
recurdyn,0.1385,0.09073046338609325,0.8363479645221781,7.175339414652985,2.7715030991381124,-0.0427358057667449,-0.358577779101486,0.2471360010339012,-0.08606495005867529
recurdyn,0.139,0.09114876162840391,0.8370596149231126,1.852521206970152,2.814550561597664,-0.0429148997909982,-0.3578443359962148,1.3748500420952698,-0.15573159102058431
recurdyn,0.1395,0.09156732970344506,0.8372701803470644,0.5361210588531518,2.778188552705838,-0.0430936138881383,-0.3570371522186737,1.564168246179129,-0.19547874436871052
recurdyn,0.14,0.09198658191705134,0.8390353267643326,2.123598207595449,2.7121400342803916,-0.0432721947178758,-0.3569881251053506,0.6941374780116405,-0.11985345066883601
recurdyn,0.1405,0.0924069735456261,0.8423585118356478,6.301018744545787,2.7975436736786663,-0.0434508659815308,-0.3576221216548204,-1.1183773792127,-0.0024286486837420194
recurdyn,0.141,0.09282825822345431,0.8429745338383736,1.6207127279114366,2.926689633176434,-0.043629532958576196,-0.3571238323796069,0.8404868447264668,0.11933348027399258
recurdyn,0.1415,0.09324977734518791,0.8431494765821171,0.4449324591043342,2.903688274208306,-0.0438079100750325,-0.356405939586327,1.3931733052507769,0.23683059447344082
recurdyn,0.142,0.09367196956592694,0.8449031961175735,2.0750185588535857,2.935819313979383,-0.0439861870205634,-0.3564511247826843,0.4110651169323081,0.2813080153887487
recurdyn,0.1425,0.094094701777647,0.8465882851937351,4.495447014264865,2.9550316677594384,-0.044164321588395,-0.3563216425867753,-0.210027695084868,0.3137467117578904
recurdyn,0.143,0.09451831568612445,0.8485060607468293,5.112975167324322,3.0453793803617817,-0.0443423879207745,-0.3562066485698399,-0.2959352432633277,0.2820430102637102
recurdyn,0.1435,0.09494324907452345,0.8506664911249777,3.1988573084167564,2.9269100200153626,-0.0445206441041697,-0.3566873857867482,-0.7000759851947524,0.2047403334483997
recurdyn,0.144,0.09536883342025115,0.8521736070054322,4.019662199782205,2.7595828759665197,-0.0446991282246191,-0.3574196925527557,-1.8058066158064072,0.14359990546948714
recurdyn,0.1445,0.09579498328775948,0.8525514171651751,1.00672859415228,2.7177048897428944,-0.0448778997019293,-0.3577022017441875,-0.6369884952110692,0.08752690141555755
recurdyn,0.145,0.09622127618718102,0.8526425079394182,0.2268363855239199,2.8072886918699718,-0.0450567388738703,-0.357616242095902,0.2484071444346955,-0.0008439862341679367
recurdyn,0.1455,0.09664846548773687,0.8557760889683099,5.5899514262453565,2.962686710254013,-0.0452356357639182,-0.3578982520531603,-0.4178878293246804,-0.11198511924670336
recurdyn,0.146,0.09707669575297939,0.8576565851695136,4.784218737369239,2.7303046983728385,-0.0454144045734494,-0.3574478789757603,0.358960346159348,-0.06044169260069315
recurdyn,0.1465,0.09750566809111305,0.858337574975179,1.5715948311000676,2.671462298826106,-0.0455929900502156,-0.3569554973941732,0.8618245533787015,-0.07490147227225952
recurdyn,0.147,0.09793504531495734,0.8590845345590636,1.3203474822063432,2.8957866986183864,-0.0457714125274654,-0.3566501997027005,0.7790191878186921,-0.18129681200916165
recurdyn,0.1475,0.0983648601506284,0.8606951971288043,4.2621031468418415,3.0424041166070643,-0.0459496631208806,-0.3565522955161257,-0.2044347433220092,-0.24586676858864862
recurdyn,0.148,0.09879589367476704,0.862822618913091,3.0222825433636555,2.886254988329369,-0.0461279849528588,-0.356498380913572,0.5811321711856259,-0.22653418889192084
recurdyn,0.1485,0.09922734989519744,0.8630936516622093,0.7248432052448845,2.6767716107114645,-0.0463061883731277,-0.3563231604000385,0.3347205516296601,-0.22992009237939565
recurdyn,0.149,0.09965912223257967,0.864460042111817,3.661469389627281,2.6984236778300543,-0.0464843980628634,-0.356678582717934,-1.0368129865232625,-0.25621318724852965
recurdyn,0.1495,0.10009140848351317,0.8648157727411362,0.9730834962740232,2.6390719068024158,-0.0466626912128245,-0.3565369706829013,0.1973169569627479,-0.19119816806637274
recurdyn,0.15,0.1005244095206963,0.8666064195920049,2.417380903521779,2.708087069181878,-0.0468411156546593,-0.3569217887681852,-0.2916203944651059,-0.1709751970783855
recurdyn,0.1505,0.10095842208967443,0.8693718771047441,5.386956593660313,2.7247943881784247,-0.0470197989370175,-0.3577765212952528,-1.6398263152516035,-0.1568264209680756
recurdyn,0.151,0.10139320684274533,0.8699247552655902,1.4209964950411216,2.6351846540206054,-0.047198659626726,-0.3577303707719803,-0.0359654196464855,-0.16169963778032065
recurdyn,0.1515,0.1018282056500629,0.8700938702194304,0.3850223374300494,2.6110530093641775,-0.0473774523838801,-0.3574513064403629,0.5368314716235734,-0.2107491371069867
recurdyn,0.152,0.10226400896926668,0.8728955746212862,5.15574485474223,2.6843223826332543,-0.0475563534057521,-0.3580123259511748,-0.8411288292241679,-0.27849814886989915
recurdyn,0.1525,0.1027008171063577,0.8749047702660762,5.153984336615817,2.782112779978676,-0.0477353644261967,-0.3582582668820726,-0.9449039712369184,-0.4046079491307041
recurdyn,0.153,0.10313833917157278,0.8753482092603745,1.2163153204332722,2.64466532626587,-0.0479144336832954,-0.3580895250777756,0.1959564785464156,-0.4377377942990087
recurdyn,0.1535,0.10357611265050248,0.8757254139186434,0.7138242373483212,2.645663395546599,-0.0480935587257555,-0.3583418447243725,-0.3670392165002987,-0.5251732271933689
recurdyn,0.154,0.10401422391530046,0.87713591727533,3.653550717907141,2.7192017421463652,-0.0482728105185231,-0.3588166432795555,-1.2522309774465672,-0.5771166279726018
recurdyn,0.1545,0.10445334852645538,0.8789425410618582,2.7732750082017925,2.6515251066803645,-0.0484523336296353,-0.3591563450275471,-0.4404912129811116,-0.5446380662406031
recurdyn,0.155,0.10489342834390325,0.8807736466469257,2.4560470041209848,2.6348221781519476,-0.0486320522915629,-0.3594904003813621,-0.2123061044633374,-0.5892821577859256
recurdyn,0.1555,0.10533384297325377,0.8809736812221489,0.5776900844514046,2.6605216873246986,-0.0488117119248902,-0.3591828837938081,0.5455314427512032,-0.6754587231390694
recurdyn,0.156,0.10577454830903665,0.882337708318026,3.708147008931151,2.5078420442081053,-0.0489912705404524,-0.3592472874700531,-0.5202253823818257,-0.669291087508701
recurdyn,0.1565,0.10621597923157955,0.8839312086355702,4.277454199584254,2.544561768536772,-0.049170880500766796,-0.359387690413763,-0.6710791397006393,-0.7147015111523486
recurdyn,0.157,0.10665842222221156,0.885663544181496,3.11025166975068,2.7028994122579246,-0.0493506539007103,-0.3596870260603952,-0.5609046936424598,-0.8093825736239895
recurdyn,0.1575,0.10710152366751813,0.8870463770697565,3.3739458264602007,2.5047956835322127,-0.0495307010986115,-0.3605617174567593,-1.8692866176582124,-0.7967532495324214
recurdyn,0.158,0.10754496903947941,0.887234670577296,1.37570661887292,2.2684694265995335,-0.0497109733368856,-0.3607695169212367,-0.9001614918564069,-0.778810124884762
recurdyn,0.1585,0.10798877588948119,0.888374510503201,3.043241998258956,2.4456909145921424,-0.0498914503877048,-0.3612678546182414,-1.2550119195959368,-0.8947249845576437
recurdyn,0.159,0.10843343793717541,0.8898913825092272,2.269148483839979,2.5251113448265823,-0.050072237403253,-0.361763053812621,-0.7560908647342313,-0.9299121503214435
recurdyn,0.1595,0.10887891629975899,0.8915167901785048,2.24026004484126,2.566979408603499,-0.050253240704563,-0.3620952934175152,-0.3547631901512904,-0.9588154229689847
recurdyn,0.16,0.10932471272908317,0.8917484391475934,0.622321997177274,2.5399996458682184,-0.0504343113666655,-0.3623263764463301,-0.7402089654890247,-0.9812446126063838
recurdyn,0.1605,0.10977075252589052,0.8928188612636476,2.9570705961495483,2.4728260716934116,-0.0506156647904585,-0.3632321796527817,-2.101328266881124,-0.9931020363242553
recurdyn,0.161,0.11021767109102143,0.8943823012840395,2.1806840882118523,2.4672991130030675,-0.0507975649799307,-0.3641779554362058,-1.5103059670138688,-1.029160586854301
recurdyn,0.1615,0.11066541897544258,0.8960437965188188,2.192110705943123,2.299938620877147,-0.050979854494301896,-0.3648264248214738,-0.9895843161630856,-1.0422272814506048
recurdyn,0.162,0.11111366711853077,0.8974238143901221,3.710112855574256,2.234850854617006,-0.0511623869756616,-0.3654278304293339,-1.4514708402808836,-1.1179172917325726
recurdyn,0.1625,0.1115624484367349,0.8978115280462983,0.9955665515022768,2.313112362059888,-0.0513451440439706,-0.365658114873898,-0.5759130233012382,-1.1123722837489287
recurdyn,0.163,0.11201135971062026,0.8978703310059271,0.1911329410295588,2.301413579389952,-0.0515280423653021,-0.3659386672513729,-0.5680983536360724,-0.99752809828033
recurdyn,0.1635,0.11246100729659703,0.9005296635954672,4.9379665682780605,2.2686460040741743,-0.0517113327937724,-0.3671404208342366,-2.238255574584098,-0.8939879410995497
recurdyn,0.164,0.11291125029589177,0.9010814119076014,2.381653272271561,2.3005223872663785,-0.051894899714667,-0.3674103342137456,-1.1059696975400932,-0.8552295906709508
recurdyn,0.1645,0.11336262649020079,0.9038855836324502,4.532780057222385,2.3968186848384483,-0.0520789314354875,-0.3685282415666444,-1.8591997030449363,-0.879268744123178
recurdyn,0.165,0.1138145543595076,0.9044074136112148,2.2066999907609004,2.418589364707295,-0.0522631910323568,-0.3687470697874078,-0.9115041953664936,-0.911321052640953
recurdyn,0.1655,0.114266743579301,0.9046397900733618,1.045401946450042,2.4185041498617856,-0.0524475659572267,-0.3688651777404699,-0.4613120025386372,-0.9008355807766748
recurdyn,0.166,0.11471904820508227,0.9047246575507152,0.461623951954178,2.4375200771049395,-0.0526319938066262,-0.3689086233286204,-0.2116981183797524,-0.8809189205931356
recurdyn,0.1665,0.11517140122503222,0.9047544340684422,0.1935766742868292,2.449478869662142,-0.0528166203125179,-0.3694516682757036,-0.7946259689042083,-0.8647815910297151
recurdyn,0.167,0.1156244818977592,0.9068889982309616,2.910611108121282,2.449394174796506,-0.0530018119607486,-0.370948438800194,-2.2605693556219624,-0.8666619579987185
recurdyn,0.1675,0.11607821700072285,0.9086586417587004,4.753743326051208,2.299306140172459,-0.053187160676623,-0.3708085466302169,-0.4444595259859394,-0.8126286970771424
recurdyn,0.168,0.11653324288971922,0.9108338458405436,3.128271390391548,2.3656082815615087,-0.0533726009377547,-0.3707449119441273,0.5424412771823608,-0.817683979418881
recurdyn,0.1685,0.11698869379921617,0.9110737158781071,0.6875875372415834,2.571085336524491,-0.0535577907062642,-0.3700609915667757,1.274181808939982,-0.8610221946465596
recurdyn,0.169,0.11744445688502059,0.9124543331202284,3.712646045295246,2.4002098314579223,-0.0537427732182801,-0.3700752956720717,-0.4410865605953624,-0.7680718664716517
recurdyn,0.1695,0.11790094848166799,0.9140560359780804,4.2913707328534425,2.3949217624010193,-0.0539278623968872,-0.3704935854858742,-1.2609130872310033,-0.7324152181571391
recurdyn,0.17,0.11835855988499,0.9158971677243052,2.6974443220870405,2.336709828334782,-0.0541133402887704,-0.3712127491837247,-1.0278616690245652,-0.6767144333697553
recurdyn,0.1705,0.11881654289433607,0.9161211518135394,0.620532485421573,2.3333900602860718,-0.05429899755792,-0.3714445418131645,-0.5200140563391802,-0.7228525375182331
recurdyn,0.171,0.11927480888670738,0.9173710860098018,3.356405068255781,2.3060334665185174,-0.0544848547774234,-0.3721352086075775,-1.6830784030268031,-0.760288122557358
recurdyn,0.1715,0.1197340572393415,0.9191046599511832,2.431818731913107,2.400606970832571,-0.0546711673878396,-0.3729180763440466,-1.1714220461820375,-0.7273942623728016
recurdyn,0.172,0.12019415337828931,0.9207398609241224,2.1903321137647715,2.6843435107131732,-0.0548578656359135,-0.3736537641534544,-1.029072022512155,-0.6932953427206188
recurdyn,0.1725,0.12065455255961799,0.9209379286894416,0.5582641284692649,2.662446581854691,-0.0550447113071129,-0.3737705354890519,-0.3167723609277857,-0.5449490963046075
recurdyn,0.173,0.12111520487802185,0.9219016146878642,2.38791152067232,2.494606697357553,-0.0552316347130165,-0.374017330295297,-0.6820739524777526,-0.581522509794942
recurdyn,0.1735,0.12157670291221889,0.9241226061679584,4.506151095252187,2.366020811844106,-0.0554188370724588,-0.3747742691028725,-1.4782008734173218,-0.6693116358433949
recurdyn,0.174,0.12203889516475275,0.924721900308213,1.3495809618801218,2.5676024193973066,-0.0556062495127791,-0.3748964553112288,-0.2862986829110294,-0.8376072923577457
recurdyn,0.1745,0.12250144162127585,0.9256605640016992,2.270603822076594,2.435736091403789,-0.055793717800422096,-0.3750258703069044,-0.3571800829353293,-0.8698514381360484
recurdyn,0.175,0.12296456094979769,0.9270662394040212,3.3103294418313998,2.2878614633207226,-0.055981255171648,-0.375247113257418,-0.6894832225098781,-0.8462849376179342
recurdyn,0.1755,0.12342856954922932,0.928551445078718,2.136984861737984,2.4042383963956886,-0.0561692434925289,-0.3764467428572959,-1.8804043824845265,-0.8974063523004652
recurdyn,0.176,0.12389286353909601,0.9287057081028476,0.4709134773314023,2.418541455868861,-0.0563576181368963,-0.3770611535569168,-1.247459288360261,-0.8962740375184972
recurdyn,0.1765,0.12435735614682963,0.9295971323528192,2.447667542549307,2.3063320701707206,-0.0565461380960762,-0.3769201501234241,0.4790729454959326,-0.8076228878922892
recurdyn,0.177,0.1248229411914803,0.9327081003042568,6.152044011779468,2.4088358716968785,-0.0567345948140138,-0.3769330730393984,-0.0785486562083708,-0.788203623499584
recurdyn,0.1775,0.1252894721450062,0.9336746009523824,2.45077560209317,2.5551801784030728,-0.056922892266589,-0.3763812296955152,0.8547018191142737,-0.7830690183629399
recurdyn,0.178,0.12575648031447217,0.9343236153698936,1.2291057516113095,2.7953293443712166,-0.0571112879215798,-0.377094435283994,-1.212501209282962,-0.7003889741812983
recurdyn,0.1785,0.1262236907407518,0.9345278445077672,0.4279677946091516,2.751426261804664,-0.0573000335248718,-0.3778164891763257,-1.3011303698351495,-0.5102698876617194
recurdyn,0.179,0.12669162657941324,0.9371018776469244,4.920801295858795,2.550914735144479,-0.0574892519536813,-0.3790018643634753,-2.2600269778613864,-0.26418520908083654
recurdyn,0.1795,0.12716023165388823,0.9374460122392008,0.94345315743137,2.566740528947433,-0.057678823004677,-0.3794216553970082,-1.11821362193972,-0.2070781698537374
recurdyn,0.18,0.12762902764962225,0.9378884923539914,1.186003543109056,2.78418858346699,-0.0578686218919523,-0.3797892786946984,-0.766016576350605,-0.18654309374283978
recurdyn,0.1805,0.1280986710740586,0.940572188851716,5.141359916661328,2.896196895480282,-0.058058797780136596,-0.3808771292128473,-2.1014113773577137,-0.132972064503227
recurdyn,0.181,0.12856900577238317,0.9408996208327286,0.9208967343582052,2.857183650794288,-0.0582492711009157,-0.3810707004196667,-0.4962354459178542,-0.014245458878041708
recurdyn,0.1815,0.12903950937629527,0.9412572098165743,1.0000079685948284,2.919275928044416,-0.0584397639247483,-0.3809409987305447,0.1785957391235655,-9.468840446637988e-05
recurdyn,0.182,0.12951084151145187,0.9438103699540468,4.5843985639624165,2.8164995357818134,-0.058630388549711,-0.3814401542987207,-0.7636174939352252,-0.06458560192263918
recurdyn,0.1825,0.12998316296062762,0.9459587889900164,5.263562554594856,2.6734542246224953,-0.0588211368340395,-0.3817268799857145,-0.9212453146426308,-0.14819648587699127
recurdyn,0.183,0.13045647629224633,0.948027012391003,5.601396613800284,2.670269381892244,-0.0590116104306639,-0.380592316107198,1.4195085668866856,-0.21687699416035242
recurdyn,0.1835,0.1309305903759358,0.9485946540754876,1.4659467867747136,2.720162541392078,-0.0592014431661305,-0.3788378642170271,3.3104268644334063,-0.15296805949189463
recurdyn,0.184,0.13140490630631163,0.9487057130103695,0.2954090353882987,2.715777910421628,-0.059390390840383396,-0.3769729541615347,3.6895773767812177,-0.024478954989230087
recurdyn,0.1845,0.13187979237798675,0.95019262400823,1.6819226317421565,2.6949884554453925,-0.0595789527546253,-0.3768955911985986,0.9129491408580536,0.1504951257631434
recurdyn,0.185,0.13235581369854565,0.953751894359418,6.837012966987289,2.9025003337654844,-0.0597674557191906,-0.3769874150017117,0.0740565153935204,0.25249520063182695
recurdyn,0.1855,0.1328330375585609,0.955863346029154,5.662503994110526,2.9994578564090273,-0.0599557031169367,-0.3763859183943432,0.4355083915219904,0.3483400712983841
recurdyn,0.186,0.1333110437405477,0.9563417906545092,1.3177067233321085,2.7809449442596637,-0.0601437806995277,-0.3760019515980321,0.6128543356443643,0.5073943773627662
recurdyn,0.1865,0.13378971092153358,0.9577780747964634,1.7748512995840908,2.913452240954528,-0.0603320179099409,-0.3767119941035357,-0.9502931084151792,0.5211160655900597
recurdyn,0.187,0.13426860509967942,0.9578606971181074,0.2893633050346667,3.069196270912027,-0.0605204843146826,-0.3771516185430998,-0.8752362383856962,0.4640722692714247
recurdyn,0.1875,0.1347477184884881,0.9590138007367418,3.148092477433786,2.9845376785138353,-0.0607092178081274,-0.3779255811944096,-1.834377219249765,0.5139057628097469
recurdyn,0.188,0.13522780705220927,0.96077310091867,2.383893904757881,2.84804770609853,-0.060898353469751004,-0.3784182204608144,-0.5875888548363104,0.582474913762746
recurdyn,0.1885,0.13570879302284944,0.9625411568054396,2.2768621011078336,2.595637335626045,-0.0610876620625348,-0.3785847889628683,0.129586418754652,0.5893829274304219
recurdyn,0.189,0.13619006556560398,0.9626290581451548,0.3358905442296986,2.7138235138444005,-0.0612767626877017,-0.3778519651276587,1.3971408247208057,0.4551329716162186
recurdyn,0.1895,0.1366716374843996,0.964264893276678,4.484222741357854,2.907572623062369,-0.0614653551914527,-0.3768314003224727,1.4144287179384565,0.2464258881491901
recurdyn,0.19,0.13715408089400372,0.9662121198588404,5.3012026021532925,3.099343158441754,-0.0616535037731023,-0.376041216311699,1.0237879503026353,0.1426768116402911
recurdyn,0.1905,0.13763790352719107,0.9684507942541984,3.22211151862346,2.9001513909088414,-0.0618414792118014,-0.3756391959713789,1.246725707647096,0.1392811450506041
recurdyn,0.191,0.13812213914156302,0.9686093759342868,0.5525887615246914,2.8661620209525167,-0.0620291000674151,-0.3749320289649026,1.2387290499943084,0.15619298899619669
recurdyn,0.1915,0.13860665630268,0.9699602097252258,3.7035499649503496,2.8478872806564612,-0.0622164981775605,-0.3748482402889122,-0.2080799931446897,0.25269389946049725
recurdyn,0.192,0.1390918839066363,0.9715228660621236,4.270632597702316,2.7598489521234653,-0.0624039568511121,-0.3751721780991733,-1.0193239835677694,0.42980508019722763
recurdyn,0.1925,0.13957830275471794,0.9735393381942352,2.806568123600387,2.8312042100437003,-0.06259159890404639,-0.3752133844010097,0.2828858703695402,0.5451040620460483
recurdyn,0.193,0.14006569393845625,0.9753816857600748,2.3972731338734405,2.9561734824177233,-0.062779257584705,-0.3751876846034255,0.5187068553703504,0.590611119401539
recurdyn,0.1935,0.14055337917038935,0.975445658574588,0.3007788338781134,3.077306942459098,-0.0629666425337989,-0.3743787539741773,1.5645768539078784,0.5811203830721997
recurdyn,0.194,0.1410413234666713,0.9768755566962992,3.947856529360168,3.012561647972536,-0.0631536681186964,-0.3739283753469399,0.4911777923351383,0.6181871248391919
recurdyn,0.1945,0.14153001133905474,0.9784667798491812,4.364140328965638,2.9929203617991345,-0.0633406312898102,-0.3740996600716326,-0.6932713760263809,0.6345337563732849
recurdyn,0.195,0.14202012648740692,0.9816575726729716,5.709103874709252,3.0014800404483273,-0.06352791090629051,-0.3748756783269975,-1.265781465828825,0.5918548617922562
recurdyn,0.1955,0.1425109051322213,0.9822207860908916,2.6539858487961148,3.02101168719554,-0.0637151898358915,-0.3745571723227828,0.0027475170100927,0.5673687127073017
recurdyn,0.196,0.14300229586343882,0.9840186442413588,4.948727225027708,3.0676083385004103,-0.0639022567176891,-0.3739360993165314,0.7906571143794352,0.5655036481131516
recurdyn,0.1965,0.14349433828921332,0.984318335843122,0.9339371771149416,3.1194929626638195,-0.0640888452162133,-0.3725171536845763,2.639373455394676,0.6015339429049831
recurdyn,0.197,0.14398646662355774,0.9842381802889252,-0.0739535996088243,2.9732138634401393,-0.0642747461833961,-0.3711096739439875,2.769041687056159,0.6395492039764699
recurdyn,0.1975,0.14447919799497433,0.9859096987637196,1.7878237213596009,2.8148822671825857,-0.0644602475472201,-0.370616217052889,1.5460423804395391,0.6740299415948857
recurdyn,0.198,0.1449729829841062,0.9890130900629782,5.772447197288275,2.688954431071008,-0.0646456875068309,-0.3710996014752514,-0.8787290147844633,0.7488917476672471
recurdyn,0.1985,0.14546777373800668,0.9908134319424324,4.927696565626755,2.788844163585072,-0.06483122790391971,-0.3712775177570746,-0.7868943177524343,0.7766538906774091
recurdyn,0.199,0.14596321207182594,0.9911059703677804,0.9172109168900232,3.136399622985435,-0.0650167214719921,-0.3707601391456649,0.9079879958614878,0.7199132089541946
recurdyn,0.1995,0.14645873860459346,0.9910339214185095,-0.0765764654117298,3.017941855141408,-0.0652018797839915,-0.3698815189771417,1.7404200869367603,0.7854917845692174
recurdyn,0.2,0.14695503966504087,0.9937681148932606,4.663975992990897,2.807565524509004,-0.065386824851358,-0.3697605917501012,0.5181719317368518,0.906330488419866
recurdyn,0.2005,0.147452381002243,0.9961105162000428,5.711367183844763,2.6001808609080204,-0.0655715357131363,-0.3692943288516157,0.5095788195185911,0.977102439167526
recurdyn,0.201,0.14795066454620054,0.9976172482142064,4.2006411960257335,2.75642843504151,-0.0657559337075942,-0.3684940990780257,1.2075593511699445,0.9390992187040151
recurdyn,0.2015,0.14844935863162545,0.9977987123169174,1.6421658689562904,2.7671710587958804,-0.0659398328607419,-0.3672994649853513,1.995365240622769,0.8944343453164246
recurdyn,0.202,0.14894821063927055,0.9978619375106184,0.6316888812530612,2.7610147926351116,-0.0661235844537673,-0.3673556259284896,0.5902404893565318,0.8584583855041026
recurdyn,0.2025,0.14944729906418475,0.9984132670975252,0.9456690762936928,2.8551648538923393,-0.0663074098539161,-0.3677246074210143,-0.2952284935810354,0.6524252831261143
recurdyn,0.203,0.14994642800999036,0.9982984125023948,0.1620835652572525,2.7808981969946296,-0.0664907715081155,-0.3662595624492024,1.854983797889128,0.4551988203720213
recurdyn,0.2035,0.15044668069517497,1.001629109748582,4.494957516668784,2.7018402530761594,-0.0666738577343502,-0.3658970245047369,1.101711858583755,0.34223661108888204
recurdyn,0.204,0.15094852288222138,1.0055842349630928,7.599443481285739,2.502400176829881,-0.0668567662013,-0.365723678265257,0.3730225377203737,0.24400785654455062
recurdyn,0.2045,0.15145136915372825,1.0060576038647635,1.46024340463559,2.4651538025005966,-0.067039345069452,-0.3646906543339385,1.8683278802506145,0.10701121876701235
recurdyn,0.205,0.15195435990136685,1.0059680546238765,-0.0537626143148379,2.457304075798368,-0.0672214544844382,-0.3637577446211596,1.8443414048372395,0.022838009581964133
recurdyn,0.2055,0.15245783594805085,1.0072905998525787,1.354025939088591,2.4109087139813847,-0.067403459080103,-0.3639540839546067,0.2204294998720382,-0.02008523247078252
recurdyn,0.206,0.15296230244748998,1.0104167951046514,5.935184905599405,2.4079975440702683,-0.067585575774496,-0.3644322188141922,-0.7953201127236369,-0.07511997284888461
recurdyn,0.2065,0.15346779639675145,1.012281479104142,5.1743223238694815,2.327453601776045,-0.0677676819444797,-0.3642491662741539,-0.1473052267599648,-0.10417690517724215
recurdyn,0.207,0.15397394765209205,1.0125036745780438,0.8046555877388082,2.491267526908994,-0.0679495443196198,-0.3632537807053845,1.8838782993359136,-0.20298828117291953
recurdyn,0.2075,0.1544802775653109,1.0131356258591933,1.90319768679295,2.5685532295850555,-0.0681311010247207,-0.3635028235674715,-1.5576534628815963,-0.23180047907782178
recurdyn,0.208,0.15498683814565983,1.0131782166795054,0.2282239265076961,2.5630271358457395,-0.0683132302479325,-0.3649073747580227,-2.595713337396413,-0.21146729436880715
recurdyn,0.2085,0.1554940035132618,1.0153587927978929,4.112230375000395,2.729682617094768,-0.0684961272875898,-0.3666068131670454,-3.2509354097303884,-0.34627900774124076
recurdyn,0.209,0.15600170687315162,1.0155915835206566,0.7394549644549171,2.5874033486382837,-0.0686798109604881,-0.3680797703372733,-2.849698163183394,-0.3853162746353722
recurdyn,0.2095,0.15650944399230537,1.0155079975715238,0.1350370559750473,2.244779129071304,-0.0688639868687357,-0.3688440518445773,-1.968941397466816,-0.3678529201949589
recurdyn,0.21,0.1570171207562776,1.0152931727629104,-0.2414207261585339,2.1680156121761374,-0.0690481695813098,-0.3683722294746724,-0.0272173059492519,-0.3812995484900107
recurdyn,0.2105,0.15752571993859843,1.0181207829905763,3.689673394834255,2.2929024570422585,-0.0692324480979217,-0.3686528372617135,-0.3832161513708279,-0.5166340466181318
recurdyn,0.211,0.15803573167907337,1.0214360391036512,5.650232615711315,2.277831304787781,-0.0694168881522157,-0.3690416462701867,-0.6461507284215529,-0.5713193086430858
recurdyn,0.2115,0.15854637072415012,1.0219053947556092,2.5092184078470545,2.008003831081863,-0.0696011788655667,-0.3684320857588758,0.597363772274436,-0.5586424311499243
recurdyn,0.212,0.1590582803338012,1.025089783876208,5.082258296748205,1.9336616519022853,-0.0697854894973315,-0.368641181943409,-0.0796736552864558,-0.602604340612673
recurdyn,0.2125,0.15957075361561157,1.025510235780109,2.2546886374503643,2.0997346302686104,-0.069969803833013,-0.3686323752795721,-0.0148156666464149,-0.7260012572681014
recurdyn,0.213,0.1600834343026989,1.0255687794515724,0.8296211077680491,2.130048939520489,-0.0701540852265981,-0.3685298450739295,0.1317683853082716,-0.6526681839295785
recurdyn,0.2135,0.16059703045195406,1.0281077606782456,3.6618486714868608,2.2202601734090748,-0.070338610635729,-0.3692948338074556,-0.9760621829319778,-0.5307568076536265
recurdyn,0.214,0.16111100337442896,1.028322618169686,1.5070928790826112,2.0620710000170868,-0.0705230655625464,-0.3688393713213673,0.2819292538069948,-0.3672099034720534
recurdyn,0.2145,0.1616250773806216,1.0282490961027,0.4043348703791674,2.0151033878897286,-0.0707073355511185,-0.3683550388990922,0.7397529809690528,-0.18779399197204624
recurdyn,0.215,0.16213911343920162,1.0280341695474826,-0.1517904501629168,2.0788833528169444,-0.0708912090525192,-0.3673505156297936,1.585948686054527,-0.05639798182139418
recurdyn,0.2155,0.1626537917130636,1.0299987630059284,2.568861127873702,2.3613434179529795,-0.0710753319746838,-0.3684952650931972,-0.9976830558533044,-0.09586469656415876
recurdyn,0.216,0.16316872936986093,1.0301346965302685,1.0375317417445746,2.4085040847370416,-0.0712596868870991,-0.3689418150812227,-0.927961002651994,-0.116971295558657
recurdyn,0.2165,0.1636837342286479,1.0300769195631645,0.2688079577751203,2.1732914479168106,-0.0714441740759357,-0.3691066540945856,-0.5291056853672469,-0.057593967609395606
recurdyn,0.217,0.16419964237157503,1.032719569994544,3.613136561098348,2.0406443984600977,-0.0716289288911037,-0.3697772566673517,-1.0705053254776882,-0.04630959372755268
recurdyn,0.2175,0.16471623704346894,1.0342623908211768,4.292188133431629,1.8639301411038807,-0.0718137888193975,-0.3698967208251794,-0.7074569504280817,-0.014243059190014017
recurdyn,0.218,0.16523396855443462,1.036097971476656,2.539798181082406,1.774514234867701,-0.0719988335306877,-0.3700938373111002,-0.0176589227726147,0.023384315916646987
recurdyn,0.2185,0.16575258864983655,1.037770855763469,2.1226598381679933,1.9239471511754453,-0.0721839779788561,-0.3702977899456373,-0.035574435601422,0.016590256490531682
recurdyn,0.219,0.1662714906189695,1.0380015026993423,0.7902577337686614,2.024364717798625,-0.0723690875265175,-0.3701732079282475,0.1835495780826459,0.043081307016710604
recurdyn,0.2195,0.16679044108578722,1.0378392174127806,-0.2468648902196131,2.072736592484315,-0.0725540689615935,-0.369733361157555,0.9180359783167572,0.06673148486634162
recurdyn,0.22,0.16730991242854298,1.03931128959146,1.4744163194465818,2.2939446837252455,-0.072738956180504,-0.3695768441169848,0.7903748156968771,0.03211050635738625
recurdyn,0.2205,0.16783037281363733,1.0423433303490437,5.690240641698211,2.4037177478592886,-0.0729238786112659,-0.3700588661028006,-0.856018315547308,0.01120980801721578
recurdyn,0.221,0.16835179973346082,1.0440238514962652,4.680047397299555,2.313949860046322,-0.0731088990026375,-0.370247396425773,-0.8264547302552909,0.1491628956761523
recurdyn,0.2215,0.16887381352055897,1.0442052660068255,0.7107672424864555,2.2607047565118212,-0.073293853182752,-0.3697581669392189,0.6007731585129363,0.33026918589119425
recurdyn,0.222,0.1693958619331798,1.0440277328340557,-0.2763696307439209,2.417959397994805,-0.0734786300007505,-0.3693450520910144,0.8343356237931374,0.39719708978340745
recurdyn,0.2225,0.1699184017127483,1.045422373860144,1.3712588922676572,2.4796218027497012,-0.0736633537093605,-0.3692989863275869,0.5937235700018562,0.41521707898877847
recurdyn,0.223,0.17044103573096847,1.045362275091945,0.376954606490588,2.3757829156787347,-0.0738478835781679,-0.3688658978121424,0.7753592105934661,0.4483199169399872
recurdyn,0.2235,0.1709646616772762,1.0482438207029954,3.967712350230679,2.5012371118009,-0.0740324161736909,-0.3690679177617708,-0.0109068626401498,0.45243385527882307
recurdyn,0.224,0.17148973027797654,1.051579855793368,5.770617570573631,2.5013914582974004,-0.0742170537067445,-0.3693800036375226,-0.4197501218822204,0.5414139064435081
recurdyn,0.2245,0.17201542960423877,1.052029378086336,2.522902247482099,2.479771557137771,-0.07440149659405079,-0.3686911288655651,0.7785829886492461,0.6735151169297378
recurdyn,0.225,0.1725423913566977,1.0551859311142946,5.049704786438709,2.6933664287893078,-0.0745859363032491,-0.3688762402885165,0.0127124322809901,0.7374257985717021
recurdyn,0.2255,0.17306989147013063,1.0555385878401735,2.153443896652,2.756537160348578,-0.0747700892539422,-0.3680191428809036,1.1470340209109473,0.8358819342201655
recurdyn,0.226,0.17359756251743463,1.055513028478862,0.6837354838014083,2.6017290406328826,-0.074953767371689,-0.3668814025473927,1.899331784984362,0.9595889938855732
recurdyn,0.2265,0.1741252134108805,1.0552816330335515,-0.0806154324799521,2.431746135331712,-0.0751367266716629,-0.3651997821747411,2.875271091863887,1.0536429471677744
recurdyn,0.227,0.17465375709318354,1.0579801534633595,3.571155428917778,2.546528358517479,-0.0753194668765626,-0.36526131472543,0.8763802963692306,1.0428594634697856
recurdyn,0.2275,0.17518352778725177,1.0607683999018436,4.908047060951166,2.6907000705689894,-0.0755023801028504,-0.3659994739636462,-0.6920855521648974,1.016309622095596
recurdyn,0.228,0.1757138263741964,1.0611250667653118,2.111571504941341,2.7412211241697273,-0.0756852964034766,-0.3658356755906946,-0.0122973534526984,0.9949395270926776
recurdyn,0.2285,0.1762454185452158,1.064477926113812,5.174336299647867,2.8662556137674122,-0.0758681955206572,-0.365781050915574,0.0687337823429388,0.9398318861276125
recurdyn,0.229,0.17677754219151387,1.0647787678748464,2.125901114594507,2.8654578105555126,-0.0760506363861781,-0.3644234793820172,1.833006638856963,0.9045975635559846
recurdyn,0.2295,0.17730974989776438,1.0644994724532597,0.3362398094164378,2.881979369952966,-0.0762323378329494,-0.3626634747930112,2.95767499829347,1.0166565790384365
recurdyn,0.23,0.17784220597272948,1.065971806783792,4.238627414462663,3.0783070486523822,-0.07641327195282,-0.3613031996680862,2.260160292798007,1.1672473672523385
recurdyn,0.2305,0.17837589717526325,1.0680826554881675,2.8010016821912647,2.9672962346993437,-0.0765936830477114,-0.3601077013667505,2.8579536643146106,1.3729108101158751
recurdyn,0.231,0.1789106138474469,1.0700431618990915,2.439270127668601,2.8263468430240963,-0.076773587591821,-0.3593736307348047,1.741829937426255,1.5731517103033401
recurdyn,0.2315,0.17944566187953237,1.0703736657674618,1.1104063859749749,2.865726824860674,-0.0769531382307802,-0.358814108346342,1.148678288670931,1.6529505922614534
recurdyn,0.232,0.17998094548495092,1.0713475093193223,3.121193929387568,3.167384380523913,-0.0771323947627005,-0.3584194838403763,0.374320000855171,1.5742935452031088
recurdyn,0.2325,0.1805169134844723,1.0726238081234074,2.7512363223377925,3.2465618955341133,-0.0773115643883014,-0.3582700539630317,0.2767889549351565,1.579928531092748
recurdyn,0.233,0.18105350311331814,1.0737873079460016,2.432201017883145,3.0426416258424944,-0.0774906714549007,-0.3581778953049157,0.1449515749405723,1.6613842936711878
recurdyn,0.2335,0.18159070390282728,1.0751522487404457,3.0026788880419746,2.9957267348667203,-0.0776698012725806,-0.35835511067208,-0.3819012496729019,1.676230415689791
recurdyn,0.234,0.18212858564983114,1.076751233628296,3.950958482780795,2.8316646300291732,-0.0778490378581083,-0.3586608779645617,-0.7508276366443329,1.6740514081489148
recurdyn,0.2345,0.18266732688869025,1.079011870297654,6.117570317920139,2.831570552006165,-0.0780281935367975,-0.35782798507775,1.933489203249266,1.5794112571288996
recurdyn,0.235,0.183207187336637,1.0813823417685835,6.64578350016985,2.9119128951239635,-0.078206413520791,-0.3554547206016263,3.940989541141191,1.4370613729858146
recurdyn,0.2355,0.18374772740400713,1.0817597541636106,2.718477693424904,2.799318287198229,-0.0783835505936014,-0.3531912344376005,4.331644732415258,1.3601587929410237
recurdyn,0.236,0.18428842437891524,1.0811923264840066,-0.8064933285282017,2.7611222071466477,-0.0785595377142929,-0.3506362181519235,5.352092924847714,1.3647918258597034
recurdyn,0.2365,0.184829683480646,1.0828958822370427,1.5107151023695409,2.6230928626816032,-0.0787344909520943,-0.3490126985262104,3.575108306104734,1.4683673146002851
recurdyn,0.237,0.18537203594058116,1.0862684681794543,6.254193236448065,2.7174881537017925,-0.0789088969921445,-0.3485062118244348,1.2234731036386588,1.4863632474794022
recurdyn,0.2375,0.1859154460668646,1.088128723377824,5.233883244131989,2.862392038550171,-0.0790829202287917,-0.3477977945444059,0.994715000051654,1.4617768378654485
recurdyn,0.238,0.1864594851004835,1.0882344975873477,0.6257213974271707,2.764703104151748,-0.0792565861801291,-0.3470772813093599,1.0184854619823334,1.5198584518098595
recurdyn,0.2385,0.1870038611042537,1.0890335972388154,1.1263587944500806,2.61451335810232,-0.0794301596358433,-0.3470720436260618,0.2994712089379696,1.6282609931237852
recurdyn,0.239,0.18754855512917346,1.0898203078641624,1.7290320980593794,2.5268617736580885,-0.0796036931345215,-0.3470612537005162,0.0229746239845347,1.7937894887722885
recurdyn,0.2395,0.18809366468416733,1.0907500913567043,2.123925476111335,2.6454072834652442,-0.0797772358752578,-0.3471240906056609,-0.1544365325633521,1.889345217973337
recurdyn,0.24,0.18863942205200523,1.0920205929296023,2.0234290148902057,2.6123671013829375,-0.0799508571554122,-0.3472504784508998,-0.0316725687113148,1.8699598554244978
recurdyn,0.2405,0.18918597703295403,1.0935784970596052,1.8741406480222371,2.312827041074996,-0.0801245074653446,-0.347139318336897,0.645206111857398,1.8343200037594831
recurdyn,0.241,0.18973342656396297,1.0953987830180236,1.998884001108064,2.1419368605266094,-0.0802977717296808,-0.34578971683359,2.955247355606881,1.8042833165545757
recurdyn,0.2415,0.19028101492001204,1.0950618755716253,-0.4593461060973478,2.2394898960447613,-0.0804701437888639,-0.3437648895658703,3.916915200978476,1.7024108002108935
recurdyn,0.242,0.19082866045050217,1.0960642378546266,3.092707497398961,2.167007831038071,-0.0806416867724139,-0.3427043188800879,1.526592879132389,1.6922372218195574
recurdyn,0.2425,0.19137753362783316,1.0992873985398293,6.164175511203507,2.0728444660816234,-0.0808130953324553,-0.3428526187331592,-0.1419946010378545,1.7445039338205441
recurdyn,0.243,0.1919271528750045,1.0994134365176984,0.6997686999709174,1.8943287444337777,-0.0809843113211593,-0.3420578516959988,1.4965028477677862,1.8544578978418167
recurdyn,0.2435,0.19247674335327514,1.0990005106291951,-0.7217836491548404,2.0999996553717346,-0.0811550380107475,-0.3408480279407837,2.4214049425330053,1.91342492199574
recurdyn,0.244,0.1930268248033401,1.1004533990335823,1.1619956147130992,2.3597897329580726,-0.0813252320156333,-0.3396144604818458,3.0941971589456685,1.9714737000429157
recurdyn,0.2445,0.19357798799273263,1.1039364823323123,6.4404141887310695,2.401875470402837,-0.0814948924138502,-0.3390068357647723,1.2558426765776876,2.083240285013121
recurdyn,0.245,0.19413021528842922,1.1058105230167248,5.423726494191707,2.535345369570777,-0.0816640906092017,-0.3380147915555125,1.526396589723646,2.139704890168347
recurdyn,0.2455,0.1946830599257473,1.1057781351946878,0.3554422337030747,2.5316968066608334,-0.0818326664538693,-0.3363535511710834,3.1925526561758844,2.177518893620289
recurdyn,0.246,0.19523581116939526,1.1052849332713344,-0.8702160980912179,2.4614116790491645,-0.0820003721405761,-0.3344861548383644,3.7008743011122007,2.201111188528402
recurdyn,0.2465,0.19578905942126879,1.1068070338514653,1.2421204173529956,2.3495876642280717,-0.0821673484679594,-0.3331494622461726,3.21277008163038,2.1081581545843133
recurdyn,0.247,0.19634230482107662,1.1064879475500489,-0.0114082627709564,2.336296103744761,-0.0823334844295527,-0.3314315573966652,3.361463159886684,1.9724761105220137
recurdyn,0.2475,0.19689661941152758,1.1096983715450135,4.2767625723626645,2.3297121506464573,-0.0824990401226321,-0.3305311176448923,2.3210740556593734,1.8988410050848459
recurdyn,0.248,0.1974513052652509,1.109742970719068,1.4850530895272245,2.0819853123918244,-0.0826637698786504,-0.3286335749754334,3.3037482444983777,1.943687527670179
recurdyn,0.2485,0.19800722732160603,1.1130803153420294,4.944810527124265,2.229353758042371,-0.0828279354364263,-0.3277669173096466,2.2567929692147324,1.8721842945163225
recurdyn,0.249,0.1985647948655671,1.1167805755280706,6.5819504237631845,2.4900890169977377,-0.0829917213703153,-0.327192243891004,1.5184955479286515,1.706944213305689
recurdyn,0.2495,0.19912301561767431,1.1170947123604296,2.6128325843994284,2.5228855296809445,-0.0831549147859772,-0.3257943130967172,2.370072908358853,1.5527315380269502
recurdyn,0.25,0.19968246806812107,1.1201365992333083,4.926793358638074,2.4294916346448066,-0.0833178503715952,-0.3256133411920345,1.031320175696397,1.4833760760850498
recurdyn,0.2505,0.2002424072208664,1.1203650077889848,1.9468091937813936,2.255606922664494,-0.0834805953518372,-0.3252993551081241,0.762421503779457,1.387040972589835
recurdyn,0.251,0.2008024459118537,1.1201769202166725,0.3981529681771834,2.2576510265139142,-0.083643055171003,-0.324634477255373,1.14064430492777,1.2082566970888071
recurdyn,0.2515,0.2013623972477635,1.119815316742027,-0.3494203101348843,2.4620865283063784,-0.0838052641817581,-0.324167213099519,1.0032336427810211,0.9945159787008728
recurdyn,0.252,0.20192216396645413,1.1193488201623754,-0.7384688762468592,2.455660179380736,-0.0839672062944443,-0.3236173273034616,1.0675922756701794,0.8398302421273507
recurdyn,0.2525,0.20248266929626546,1.1217492707431886,2.954444482334573,2.454408062089833,-0.0841291533432143,-0.3238990336236653,-0.0197443350481272,0.686613065417875
recurdyn,0.253,0.20304341510405377,1.121732093553497,0.9619119078562184,2.219051140413655,-0.0842909004463909,-0.3232942607599629,0.7997823732541409,0.6120628833948673
recurdyn,0.2535,0.2036051095383567,1.124337495120507,3.794506058632395,2.09943666482668,-0.0844526488158297,-0.3234980051396238,-0.0050650484632051,0.5196324814248012
recurdyn,0.254,0.2041679923868569,1.1269541111975294,4.753656788907857,2.00904900811761,-0.0846146593444592,-0.3242832164496756,-1.0486367628902968,0.4372647853401264
recurdyn,0.2545,0.20473133791595222,1.127153738786098,1.850722381060436,1.7343985611900763,-0.0847767059403441,-0.3241292590253841,-0.1442690219078457,0.43047478763650626
recurdyn,0.255,0.2052958032306459,1.1300504149855617,4.4791423929721805,1.802381686479037,-0.0849388026917351,-0.3242436582880587,-0.2006220242022216,0.3494796449767092
recurdyn,0.2555,0.20586071158222524,1.1302597400442729,1.7721475426051423,1.844744061988376,-0.085101023603272,-0.3245659832197651,-0.496640583675866,0.32507308193322165
recurdyn,0.256,0.2064257195259082,1.1301154794695272,0.3983684145409052,1.8531576756546804,-0.08526338499409129,-0.3248632609208554,-0.5619171293457015,0.37324486222737424
recurdyn,0.2565,0.206991583201951,1.1325830844455544,3.4229294395505336,2.0691784962503865,-0.0854259433051068,-0.3253135422272945,-0.7876807850344161,0.3757935523190023
recurdyn,0.257,0.20755772366976633,1.1325577274031025,1.1071670899144967,2.1654255132717544,-0.0855885105237189,-0.3251433448208464,-0.0356303864135831,0.42725490046137665
recurdyn,0.2575,0.2081238547119002,1.132252658586214,-0.0377027258799138,2.38997392571509,-0.0857510417667188,-0.3250265103875021,0.1439024489876921,0.46307657023188
recurdyn,0.258,0.2086898193208383,1.1317627846805562,-0.6657327828370816,2.2348799219051507,-0.0859133841296604,-0.3244958458248669,0.7555202331762096,0.6316249557630652
recurdyn,0.2585,0.20925552721705204,1.1311590797029156,-1.026850897799255,2.1235271961575704,-0.0860753858151512,-0.3236626935308156,1.3627098031269913,0.8045057958499013
recurdyn,0.259,0.20982199678069974,1.1337007947295406,3.0466697362338007,2.1508610729626185,-0.0862372557328041,-0.3236080674680199,0.527071351436561,0.8146864948379265
recurdyn,0.2595,0.21038866991710703,1.133549845574196,0.814291038284976,2.046064566964945,-0.0863987816740581,-0.3227079061087648,1.375905596152629,0.9613516296747581
recurdyn,0.26,0.2109563531730682,1.1363766314762258,4.040478215467606,2.0393945371852986,-0.0865601403215838,-0.3225500013234254,0.6691749125031148,1.077678390208224
recurdyn,0.2605,0.21152549052984054,1.1397288143556097,5.816403244334193,1.8908739467163589,-0.0867213692735217,-0.3223282082877141,0.5187823517831589,1.1798371308185125
recurdyn,0.261,0.21209515876038293,1.1398673348551065,2.123495080773787,1.7913128549778403,-0.086882154718237,-0.3211273822081922,1.7740288899566607,1.3100050477263623
recurdyn,0.2615,0.21266606063847554,1.1430374037354285,4.934590200687015,1.9276428923820443,-0.0870426416212531,-0.3206752643330423,1.1941667968519596,1.415944676481826
recurdyn,0.262,0.21323738045833002,1.1430575814707418,1.6717670473138382,1.996625924612555,-0.0872026075437808,-0.3194108645669273,2.083921953770883,1.6177856446838592
recurdyn,0.2625,0.2138090557531105,1.1443448515071706,3.977047785063186,2.2294627209415334,-0.0873619962045371,-0.3183223596774108,1.8198473408507496,1.8224952005838975
recurdyn,0.263,0.214381103445825,1.1440197530295546,-0.3025295976741535,2.333705515809668,-0.0875206957105836,-0.3165190691527524,3.519771761106762,2.059159354579621
recurdyn,0.2635,0.21495291750693313,1.143283998383088,-1.376495332842964,2.4471692806741707,-0.0876784103762049,-0.3143217612388372,4.430280015077702,2.224938027906385
recurdyn,0.264,0.2155252092998669,1.1456757152352304,4.368517471538406,2.5628262214625233,-0.0878356558115018,-0.3144386881862088,0.208729630285319,2.30673852553065
recurdyn,0.2645,0.21609876116300203,1.1477419588109914,2.552930162956714,2.431980901020672,-0.0879925940285433,-0.3133686013159655,2.031331068683168,2.3896780491056075
recurdyn,0.265,0.21667321726233812,1.1493398616112156,1.7106517556878649,2.5669698267232777,-0.0881490923844997,-0.3124220636754244,2.298592949294939,2.3676807787802296
recurdyn,0.2655,0.21724826198064173,1.1504294891054672,1.360209993124446,2.5738691554741564,-0.088305113362383,-0.3115557778845634,1.944711528613837,2.3852982562393925
recurdyn,0.266,0.21782340617196322,1.150208723796941,-0.3186353839037545,2.395862017483463,-0.0884606197458079,-0.3104535454318107,2.2368856713889773,2.4503756572532573
recurdyn,0.2665,0.21839910981713073,1.152222615135108,3.2612992000291943,2.3575357828638195,-0.088615697457936,-0.309739720487528,1.66281507451904,2.4280269331184194
recurdyn,0.267,0.21897567573884014,1.1543497366978803,4.871573116391257,2.2480768528031185,-0.0887700648236526,-0.3078719865465081,3.450979547208277,2.4194457642351717
recurdyn,0.2675,0.2195532357872118,1.1566192816966845,5.996739812823047,2.3045988385666516,-0.0889233508702419,-0.3055062756067687,4.263270287487217,2.4579750371932043
recurdyn,0.268,0.22013133368457521,1.1567336437182425,2.1513959663509112,2.314425489105022,-0.0890753584544105,-0.3027367059164671,5.113849682897889,2.511027412231516
recurdyn,0.2685,0.22071032611067182,1.1584141037630722,1.717006279317462,2.4314124931605763,-0.0892262879616534,-0.3007997963924605,4.236872373038258,2.4621161606826907
recurdyn,0.269,0.22128985604782553,1.1594103605220611,1.4019448587561554,2.5684955989581013,-0.0893763301295788,-0.2993142057874597,3.080520253236557,2.3082352517983145
recurdyn,0.2695,0.2218693790916897,1.15912081723021,0.2989180069549286,2.387970567068268,-0.0895256530784371,-0.298078697379989,2.268801346510674,2.3252320062898826
recurdyn,0.27,0.22244954741696293,1.1612489151657572,3.649058478039692,2.2264438152555166,-0.08967459588142129,-0.2976571152384922,0.9139629193196832,2.2613915737531975
recurdyn,0.2705,0.22303050293758264,1.1629573822694388,4.185364119236062,2.379556213277052,-0.0898231543492552,-0.2968571501830954,1.0391419391455443,2.1639563614103006
recurdyn,0.271,0.22361201115919782,1.1635360065670255,2.0782533465296167,2.5153133789853963,-0.0899712781392891,-0.2957762281245363,1.8854077730743128,2.0903571404921673
recurdyn,0.2715,0.2241939265629932,1.1641604686291305,1.318644153761281,2.5162583169053407,-0.0901190117125249,-0.2951409700508476,1.304705683125066,2.0619598519890925
recurdyn,0.272,0.2247763318260203,1.1654695142216305,2.6359526694123048,2.28180498486495,-0.0902664759126997,-0.2946749097869015,1.0139622503037593,2.1577065073479957
recurdyn,0.2725,0.22535903897966614,1.1661289894787412,2.858728748348023,2.079038717436089,-0.0904133505507103,-0.2930260168497834,2.893036685889573,2.1255510362137073
recurdyn,0.273,0.22594223641341893,1.1674407193672192,4.183407446368974,1.843761346693638,-0.0905593669153489,-0.2912992424730249,2.9339472166552945,2.038475160537567
recurdyn,0.2735,0.22652647993459923,1.1690255917323973,2.154197487492479,2.010942008476801,-0.0907047551903709,-0.2901533911744564,2.492635478581427,1.8476974893843725
recurdyn,0.274,0.2271114128106826,1.1702413146391444,1.5022498889050642,2.1284500621931564,-0.0908497042764421,-0.2895984769102608,1.1987809285057909,1.687807787456902
recurdyn,0.2745,0.22769651135877694,1.1703414691392031,0.577491801851906,2.248692987170397,-0.0909944243197506,-0.2892986712482485,0.5656614746082553,1.5978303295907441
recurdyn,0.275,0.2282815619949765,1.1698914894929282,-0.839131625111075,2.2236045103808744,-0.0911389834112148,-0.2889455124321937,0.6906819854127804,1.5888843927204268
recurdyn,0.2755,0.22886725992090662,1.1726273548885962,4.926012114140123,1.990066817782741,-0.0912834157001472,-0.2888014644921742,0.2524534900941084,1.5845553452439245
recurdyn,0.276,0.22945373461930524,1.1740021744155662,4.21111047299967,1.8056586808707462,-0.09142768568225661,-0.28844018224663,0.3991278893330268,1.5357156837326582
recurdyn,0.2765,0.23004060763022044,1.1736713239083598,-0.2987916875849246,1.9180346449976882,-0.0915716903519455,-0.287599203724761,1.6405426128244116,1.4020632485352273
recurdyn,0.277,0.23062721882749992,1.1728068393658828,-1.6622207728190137,2.0308564764611736,-0.0917150689969477,-0.2858389162950478,3.673494837056016,1.312109579785728
recurdyn,0.2775,0.23121415742450424,1.1740305643838609,0.6134815003851779,1.9267004696686933,-0.0918577172001537,-0.284602477748788,2.7757146533882207,1.314631877257651
recurdyn,0.278,0.2318017027271278,1.1753545840036697,1.0559150272315794,1.7582518041653123,-0.091999812732973,-0.2835823964139367,2.4346768982882665,1.3186692156044049
recurdyn,0.2785,0.2323901909349107,1.1783919630319386,5.662189863797339,1.7342714946160669,-0.0921414840578424,-0.2830657700916338,1.1075185886808043,1.3212676332464237
recurdyn,0.279,0.2329795412519004,1.1797468028311475,4.184675407360924,1.7204737141815771,-0.0922828151958502,-0.2824424788575007,0.8791886325613767,1.35985482686738
recurdyn,0.2795,0.2335695583888207,1.181016035411359,3.9270462832782114,1.710506233000649,-0.0924238682480355,-0.2818083559610824,1.1909936380472388,1.4613470920869698
recurdyn,0.28,0.2341599537077027,1.180733652762621,-0.2279400056250535,1.734505021365137,-0.0925644760997848,-0.2806954693305483,2.0809366722340137,1.5962255844565074
recurdyn,0.2805,0.2347501617794892,1.18010233530631,-1.2552330665211135,1.7060545944035221,-0.0927047444514556,-0.2803309401110765,0.8230529223131349,1.7490216875807207
recurdyn,0.281,0.23534058770632682,1.180930051986355,0.3127932440841796,1.7358806983534052,-0.0928449961936757,-0.2805001071781496,0.0135090474089558,1.8602651862705353
recurdyn,0.2815,0.2359316925766744,1.1833192778433372,4.438148593195399,1.7617356472045018,-0.0929853839717713,-0.2810058795328508,-0.9212933660717386,1.973918600612429
recurdyn,0.282,0.23652348112056332,1.1844990634315673,3.687902614494473,1.9356768006350564,-0.0931258870559281,-0.2811522486536044,-0.5843213606144211,2.055865824631519
recurdyn,0.2825,0.23711564978289712,1.1844494937993195,0.4486765267702139,1.9639907254598796,-0.09326631346044299,-0.2805860764055736,1.066930497214145,2.09448485406113
recurdyn,0.283,0.23770789919196683,1.1843291448325337,-0.6786932272229764,2.0759627855035583,-0.0934062730875987,-0.2791747991136763,2.9778207911714034,2.116217523700908
recurdyn,0.2835,0.23830049559018202,1.1861127516668972,3.679820945834821,2.187032032681141,-0.0935454619780532,-0.2776306524121114,2.9885139871376865,2.124250447971961
recurdyn,0.284,0.23889416141310743,1.187797756875445,1.864444098368192,1.9893365174554987,-0.0936839518919367,-0.2761540861308227,3.302966544621512,2.2193363798596826
recurdyn,0.2845,0.23948863525695363,1.189270920888417,1.2929327841055778,1.839972563423463,-0.093821705937462,-0.2746755614259721,3.3301184981171765,2.3610931365548904
recurdyn,0.285,0.24008377473191533,1.190549316512925,1.081466357506153,1.7245465866410352,-0.0939587001458362,-0.2731388892950621,3.3981098143685458,2.4767537660099723
recurdyn,0.2855,0.2406788019792474,1.1896953470161715,-1.4365905913049877,1.8532612545509288,-0.094094756717258,-0.2711382928056475,3.899400151021261,2.51794518927817
recurdyn,0.286,0.24127446900336863,1.192722138316758,5.552360297087668,1.8865641860846383,-0.0942300514885507,-0.2699424008448017,2.588566962580217,2.6789288852350577
recurdyn,0.2865,0.24187097935037333,1.194209210109052,4.754064398872698,2.0418859035626085,-0.0943645823615678,-0.2683652836367255,2.785849590512786,2.8112447249747645
recurdyn,0.287,0.2424681417208573,1.1951632341017184,3.3539725344567213,1.9265543518971042,-0.0944982730337805,-0.2665409858459286,3.3614343172253065,3.0198496170609768
recurdyn,0.2875,0.2430655620714654,1.1945737941281749,-1.0676283514977205,1.8215732121627481,-0.0946309770530897,-0.2642869150046495,4.484494455077844,3.225857431910628
recurdyn,0.288,0.2436629031525258,1.195423385811169,2.964894761302431,1.8629685908871796,-0.0947626641453006,-0.2625661592429823,3.2321007158235666,3.346687662876922
recurdyn,0.2885,0.24426076221241144,1.196565212075915,3.3883692179608143,1.8663889772438624,-0.0948935687316851,-0.2611583306919434,2.6033683079803787,3.3497274268621506
recurdyn,0.289,0.2448596150017665,1.198083224721166,1.510584044058846,1.8273144183337298,-0.0950238492600209,-0.2597849758819409,3.104323158322952,3.286868091552988
recurdyn,0.2895,0.2454590974961533,1.1992269968666296,1.0480323726881768,1.9214007206194703,-0.0951533373398314,-0.2580121394903584,3.856080523160742,3.1667285341160465
recurdyn,0.29,0.24605897818659023,1.200137156066643,1.5031007708472257,2.0107110831301767,-0.0952818853545737,-0.2561910627705172,3.619866856603956,3.0339862765447516
recurdyn,0.2905,0.2466591420714624,1.2009465367495835,2.4750680204827167,2.0961312852104528,-0.0954095725336554,-0.2546378690230186,2.9459565608661755,2.9185154844805603
recurdyn,0.291,0.2472596981711122,1.2009732314234038,-0.555871504313219,2.1801164439772394,-0.0955364530752176,-0.2527101554901343,4.203710537407769,2.804028873466511
recurdyn,0.2915,0.24786073332823383,1.2029639515710735,3.5745493111215487,1.8700254402438883,-0.0956625129115588,-0.2514216372618451,2.7921416819428053,2.768359854979516
recurdyn,0.292,0.2484626123295991,1.204262049232765,2.016186008219815,1.7798078942654416,-0.0957878313109345,-0.2497719464095289,3.4594093677387114,2.700559132331347
recurdyn,0.2925,0.2490651548944987,1.20545595446934,1.4832986800729977,1.8531772585270836,-0.0959123103870702,-0.2480226915837035,3.741842751228248,2.599272652188662
recurdyn,0.293,0.24966835467190374,1.206729049680015,1.317979479983273,1.957914633911685,-0.0960359135015056,-0.2463051375338872,3.6043653475063167,2.494568293756176
recurdyn,0.2935,0.2502715903345284,1.2063196089710004,-0.6068651137326411,2.0193462568758584,-0.0961586782788805,-0.2447691407909653,3.041655834861224,2.4393392858401226
recurdyn,0.294,0.2508752367914731,1.2080077276916186,2.859255208722036,1.8947513186685025,-0.096280885957675,-0.2439982406027089,1.6684679456452542,2.451611039985841
recurdyn,0.2945,0.2514794818297003,1.2094501405658538,3.840256446368748,2.006402863957575,-0.0964027563902679,-0.2435458562261446,0.7800358384457411,2.40146645491646
recurdyn,0.295,0.2520842719465196,1.210372346237839,3.1684503968304085,1.9879541432530798,-0.0965244139885578,-0.2431795638075887,0.5425310891199935,2.3306743800422014
recurdyn,0.2955,0.25268952080557544,1.2112165407620252,2.8752906011919475,1.870757857866024,-0.0966458244093088,-0.2425775357066793,0.973223181020522,2.2814367451782993
recurdyn,0.296,0.253294851439067,1.2107430414188254,0.3270977427975312,1.66580789385424,-0.0967668610347298,-0.2416994555121398,1.4951813197262247,2.2844416529763003
recurdyn,0.2965,0.2538999421848632,1.2099416038971411,-0.9595507813127052,1.8243392857682472,-0.0968874377807573,-0.2406936126613064,1.8395175743533263,2.2045283618972666
recurdyn,0.297,0.2545057478046427,1.2123261135424637,2.8594959333253183,1.8934562927506304,-0.097007674018181,-0.2401319662437188,1.3620344149012382,2.1774922377429857
recurdyn,0.2975,0.2551127771067183,1.2152822864470956,4.894729183951208,1.84549543508577,-0.0971276016510462,-0.2395466611717724,1.2344182342289258,2.1750073285329576
recurdyn,0.298,0.25572008937292673,1.2149074965497924,1.1318565315789062,1.9783581676571802,-0.0972469578581793,-0.2381409885343329,2.2857029279956294,2.1352679491244153
recurdyn,0.2985,0.2563284653788461,1.2178157515495598,4.254958843550076,1.9463925908901656,-0.0973657959924251,-0.237158195604142,2.0722915495864527,2.1351729356437077
recurdyn,0.299,0.2569370343536443,1.2173309184753769,0.7718755156063377,2.1700063705769983,-0.0974839188578846,-0.2355304621327583,2.861075145040456,2.1346016932852074
recurdyn,0.2995,0.2575465671450663,1.2200293994678224,3.855266495129367,2.060535144216923,-0.0976015289016261,-0.2347072657651188,2.051286871865962,2.224525483768707
recurdyn,0.3,0.25815626508879774,1.2195610397724606,0.660609237893778,1.8190707880258867,-0.09771854658363,-0.2334430022699845,2.369446950801308,2.3729083283651016
recurdyn,0.3005,0.2587657235272237,1.218677371546276,-0.958021222280944,1.5685585481741358,-0.0978349177965027,-0.2320959566143382,2.585876524462005,2.5344814455762696
recurdyn,0.301,0.25937472474534373,1.2175452159340232,-1.828881223764748,1.520333442337932,-0.0979505367444693,-0.2304856310269855,3.009059624624193,2.5768847551524483
recurdyn,0.3015,0.2599844192853951,1.2200824020343752,2.7732877258809325,1.4921173280775537,-0.0980655243095797,-0.2293437473645806,2.525531424748067,2.5849655836606016
recurdyn,0.302,0.26059537032706104,1.2231585849462183,5.026006457751601,1.6756210490643977,-0.0981799557789214,-0.2283068429147404,2.22438307470291,2.5436406898262285
recurdyn,0.3025,0.2612065736207263,1.2226588393297244,1.0090079972577373,1.7527693931561612,-0.0982935354416945,-0.22630751897767,3.4072262743281208,2.5117248853641376
recurdyn,0.303,0.26181884526840743,1.2256116493784637,4.273416064072614,1.56461059278667,-0.0984063882755217,-0.2249788387085154,2.907315783648862,2.5191060669974994
recurdyn,0.3035,0.26243127859168064,1.225028322138353,0.6467023678759669,1.6790335920595867,-0.0985183405168328,-0.2230038901061191,3.6023700644114527,2.4557992900552024
recurdyn,0.304,0.2630447341710187,1.2279334147411525,4.089024259690845,1.4992723168526052,-0.0986295353432076,-0.2216322378132224,3.029659745332715,2.4229012219458843
recurdyn,0.3045,0.26365832984022064,1.2273314282675996,0.5603594551604618,1.4108843986565613,-0.0987398409526959,-0.2197220020902065,3.556867545798756,2.3640317839301574
recurdyn,0.305,0.2642716178856641,1.226268467128577,-1.2304950336430205,1.1401385136116975,-0.0988491725432905,-0.2176891622954287,3.896075574970027,2.3455911000956027
recurdyn,0.3055,0.2648843828544476,1.2250068609069458,-2.092306640056364,1.2113361779080822,-0.0989575202422474,-0.2157115062762553,3.935566550554515,2.2877200499493426
recurdyn,0.306,0.2654976134640758,1.2269268601009335,1.862563378631671,1.4636256583054088,-0.0990654020180339,-0.2152976284023037,1.863692682120277,2.2217116696861146
recurdyn,0.3065,0.2661107777135397,1.2262621387637729,-0.2654406566704117,1.5813282955085504,-0.0991728675741407,-0.2145148925340357,1.6648787183974427,2.187445752001788
recurdyn,0.307,0.2667246654698435,1.2284990194474985,2.894027359411019,1.6317003757605033,-0.0992800902065465,-0.2142023411107615,0.971694803831486,2.173106097234707
recurdyn,0.3075,0.2673396731289372,1.2311352209770854,4.479611159252354,1.4069222273562576,-0.0993871398883221,-0.2139264129208214,0.6918025211973315,2.2141059739286346
recurdyn,0.308,0.2679549166366249,1.230722863969416,0.9433943761918916,1.544112438103087,-0.09949384221433549,-0.2130572962647236,1.3894230485295225,2.1965895404750007
recurdyn,0.3085,0.2685710438291917,1.2331380700126005,3.5347395163101565,1.348930213887974,-0.0996003054751959,-0.2126874565677004,0.9562606122073908,2.250941919513243
recurdyn,0.309,0.2691872910147745,1.2326143641816756,0.4799720642034657,1.50463257630419,-0.0997064233780265,-0.2118904476312842,1.381432119290782,2.256835342863942
recurdyn,0.3095,0.2698032671326656,1.2316811680907418,-1.0842707665105842,1.3179963312930627,-0.0998121350766204,-0.2110171929510743,1.6248169467101867,2.3193279754565
recurdyn,0.31,0.27041878565128413,1.23057943796426,-1.8303970908127705,1.4721836721613364,-0.0999174307670864,-0.2101753728042466,1.6640325113403165,2.329078535644475
recurdyn,0.3105,0.27103484310994963,1.2326538573780512,2.1557601881178536,1.5371112197187806,-0.100022437918828,-0.2097257647587842,1.154154897729839,2.341892215112517
recurdyn,0.311,0.2716519855830816,1.235369960730569,4.340057866062913,1.5558471219711603,-0.1001271451454349,-0.209114528079016,1.199700538934227,2.3590389054197365
recurdyn,0.3115,0.27226928877475304,1.234767101882179,0.6428741575012289,1.3425978964751077,-0.1002312800032034,-0.2076973466988096,2.2894753532533265,2.4771232726003065
recurdyn,0.312,0.2728875497417772,1.2374797094011831,3.8311014111719386,1.463108375269987,-0.1003348587613033,-0.2066014165311434,2.224398674639371,2.5687453294641878
recurdyn,0.3125,0.2735058871251366,1.2367511830543367,0.305665341262443,1.5489248801878295,-0.1004376661742819,-0.2048434808358467,3.0853804852753832,2.675284270922898
recurdyn,0.313,0.27412519700910193,1.2395922685362266,3.8900024229411536,1.3615814473395635,-0.1005397137419676,-0.2033352900783141,3.0393811718018178,2.821694464330863
recurdyn,0.3135,0.27474455054040614,1.238750709947158,0.1745893555552422,1.4989041873353217,-0.1006407491307173,-0.2010585985636756,4.048715743451943,2.914398000329291
recurdyn,0.314,0.2753648831847048,1.2416444015922312,3.916451978616501,1.3337703592146455,-0.1007408529864784,-0.1992761785334565,3.726131954776125,3.0550239652306668
recurdyn,0.3145,0.2759852582447823,1.2407925359334202,0.1696631144571738,1.4872074562257374,-0.100839871340982,-0.1969512077498183,4.342005029776441,3.164386218161889
recurdyn,0.315,0.2766065828782631,1.2435988403648512,3.798293613394209,1.5381140001585933,-0.1009379492881582,-0.1952154870249527,3.761629309746233,3.281116066233034
recurdyn,0.3155,0.2772279407576101,1.2427490045603005,0.1329834650633117,1.7921059858268054,-0.1010349859446235,-0.19303202221954,4.16516284379891,3.3714780545678944
recurdyn,0.316,0.27784887392378393,1.2414416191744675,-1.6988526927563865,1.6852274582875424,-0.1011309486893269,-0.1908515776452352,4.295647047006117,3.5018834353269854
recurdyn,0.3165,0.2784691531723686,1.2399045795800674,-2.6156703567854374,1.346160466819345,-0.10122582556793219,-0.1886678911123025,4.343464392912249,3.6388718412703063
recurdyn,0.317,0.2790899987408028,1.2422574567177804,2.2652793980220496,1.3899636661160215,-0.1013198052110593,-0.1870620507761263,3.588941912538946,3.6625515365931136
recurdyn,0.3175,0.27971201835272763,1.2452132673402891,4.696173962685713,1.4296588264189012,-0.1014129826010428,-0.1855525268234128,3.2090125744644027,3.619063404744339
recurdyn,0.318,0.2803341743144197,1.2444482731516968,0.5453990694387678,1.5704088944793084,-0.1015052183868807,-0.1835299675299554,3.7664165827646015,3.520427760015875
recurdyn,0.3185,0.280957287069091,1.247182302321414,3.827171916102815,1.3259187379249622,-0.1015966201233924,-0.1819694236972742,3.3361973044965083,3.4048507206901557
recurdyn,0.319,0.2815804165560436,1.2462757061867202,0.0669291257759536,1.1936840901724235,-0.1016870445084353,-0.179871418617046,3.909405875136283,3.274770466959051
recurdyn,0.3195,0.2822044715807716,1.2490355872313537,3.702151101436394,1.0049011540576185,-0.1017765493836205,-0.1780902405126954,3.678039430846447,3.166833322315526
recurdyn,0.32,0.28282852279716364,1.248098624448054,-0.0152333439206051,0.9868601374967583,-0.1018650352228667,-0.1759526425532537,4.076143756204221,3.05187215770865
recurdyn,0.3205,0.2834534498722077,1.2507300087401991,3.5034346082196746,0.9248968429044976,-0.1019526306535462,-0.1743004527925255,3.561634266372401,2.9569517256675346
recurdyn,0.321,0.28407835477502924,1.2497876334204894,-0.0886888902066687,1.0830226168442265,-0.1020392529172524,-0.1722713604388657,3.892667893670744,2.887841654222214
recurdyn,0.3215,0.28470284296132703,1.248281285356885,-2.7803489547692277,1.2831280331527146,-0.1021248650312471,-0.1702051137236267,4.076457063743959,2.8326124786154105
recurdyn,0.322,0.28532686190163864,1.2484285659589265,1.5627413427314387,1.510468886591324,-0.1022095749559652,-0.1687231621974151,2.78674895503228,2.7737960720287482
recurdyn,0.3225,0.2859517323018042,1.250906975275478,4.664699777532411,1.490374512347429,-0.10229378199058389,-0.1680862822609843,1.3111479058151048,2.7818104457190067
recurdyn,0.323,0.28657720586918933,1.2517624889631265,3.261416770530996,1.3797731346424746,-0.1023776872881016,-0.167557087048849,1.014031945977642,2.808997181267987
recurdyn,0.3235,0.2872028457955335,1.2509687799721985,-1.244290864700118,1.4824584956552316,-0.1024614269193407,-0.1673261966416964,0.6122633459617219,2.785548713250536
recurdyn,0.324,0.2878279807625268,1.249619349424867,-2.6023382472480745,1.452564014845655,-0.1025449246076784,-0.1666661190716369,1.3170304150987526,2.7813371874954025
recurdyn,0.3245,0.28845314321953663,1.2503129165997375,-0.0479896797943992,1.6083074776429636,-0.1026281162409306,-0.1660184035249207,1.4594519172620792,2.7398790341270978
recurdyn,0.325,0.2890786565049445,1.250974271257518,-0.2091982333208917,1.379769349926536,-0.10271092908209589,-0.165143727187463,1.927820573032044,2.7287150550632155
recurdyn,0.3255,0.28970467187418214,1.2526550045820293,2.497064426956734,1.2724206417583541,-0.1027933095277525,-0.1643188162540073,1.768300236882823,2.7066142262177415
recurdyn,0.326,0.2903313556154526,1.25423088872036,3.453624717797619,1.2801115042206406,-0.1028751074223657,-0.1629173263903819,2.7138513434471747,2.6881482667914662
recurdyn,0.3265,0.29095850318203553,1.2549209734281672,2.5033610497218657,1.4441108486395204,-0.1029561352107211,-0.1612716181211244,3.1358343592632423,2.654371188630319
recurdyn,0.327,0.2915859927993525,1.2555188565252915,2.1584875654253586,1.7308286606566239,-0.1030363342842877,-0.1596210671695559,3.1083198545923416,2.611362117590133
recurdyn,0.3275,0.29221377395408094,1.2560231338414785,1.8432975389002555,1.7938743936682806,-0.1031156283940147,-0.1576489085139837,3.7572437600343696,2.6212943143694183
recurdyn,0.328,0.2928418757554858,1.256796989067571,2.373545030881669,1.6850673337888424,-0.1031939581811032,-0.1557145906716718,3.7799340209929895,2.7381222692232163
recurdyn,0.3285,0.29347034821691814,1.2576203707773248,2.701791650706664,1.6214700759805165,-0.1032713703927024,-0.1540059235098951,3.273998754398132,2.892311449085978
recurdyn,0.329,0.29409921646922993,1.2585363515781558,3.199387819101707,1.6632403127817317,-0.1033479348597171,-0.1523169952133967,3.247755263638709,3.07382657702026
recurdyn,0.3295,0.2947284966211479,1.2593946892971726,3.337541844519433,1.6797708168492254,-0.103423671076484,-0.1507127373702315,3.0387846544018835,3.2054320991253
recurdyn,0.33,0.2953578849634225,1.2585023971538771,-1.097149580608586,1.611856285464397,-0.1034985799343403,-0.1489568167450349,3.4435958705049146,3.3059701739935528
recurdyn,0.3305,0.2959869901985423,1.257643081185566,-2.269556215452422,1.7574140964287226,-0.1035726214480865,-0.1471800209047354,3.612026350449266,3.3464229253079454
recurdyn,0.331,0.2966164692215132,1.259874281621942,3.6649427199276863,1.7587976635945437,-0.1036458351746026,-0.1456339907525277,3.173849118420616,3.399751056701205
recurdyn,0.3315,0.29724646025336743,1.2608208880441716,3.3552973425898083,1.5030426448168135,-0.1037182154103546,-0.1439646341910639,3.183349252286664,3.436392784171159
recurdyn,0.332,0.2978768536198209,1.2615969141813128,3.240725097589954,1.5077171788834947,-0.1037897602845176,-0.1422964316829893,3.173266571900051,3.458367172084119
recurdyn,0.3325,0.2985075926606888,1.2621997571697685,2.8867017359762235,1.5900195116584515,-0.1038605129490356,-0.1407564977640931,2.9953250873972728,3.490360761723529
recurdyn,0.333,0.2991385965125401,1.2626026415823086,2.379751520064212,1.5166426924993703,-0.1039303948919428,-0.1388227520750148,3.764534957744861,3.521183986310841
recurdyn,0.3335,0.2997698250506871,1.2629385448833803,1.9258743565561491,1.4567273779021779,-0.1039992660032582,-0.1366792214498412,4.252004723095645,3.589983555745894
recurdyn,0.334,0.30040112111435063,1.2625003483539476,-0.3671158918746071,1.3916916158831032,-0.10406702051794631,-0.1344030091180776,4.42408103258164,3.6965531197807864
recurdyn,0.3345,0.3010322501220007,1.261694215884592,-2.2551976618306977,1.2983567107927567,-0.1041337143699821,-0.132367517476816,4.080746379304593,3.7379655975115975
recurdyn,0.335,0.3016632785203856,1.2616882480600602,-1.4741948388757953,1.1914474179647958,-0.1041995073506312,-0.1306932734259335,3.5707514894953896,3.803643604584115
recurdyn,0.3355,0.3022947133805004,1.2635815991787254,2.847515796929941,1.2807151809008035,-0.10426449584564321,-0.1292826579361949,2.777328350634285,3.8307538948322573
recurdyn,0.336,0.30292662755341854,1.264459875670732,2.5261193374389794,1.380798743235857,-0.1043287634091425,-0.1278130792496165,2.888190996141276,3.831923603532122
recurdyn,0.3365,0.30355859364422594,1.26345287394578,-1.9172306765347145,1.1722341575734616,-0.1043922126917152,-0.1260277332403594,3.4833276203162,3.8384636606837548
recurdyn,0.337,0.3041908262521456,1.2651155974056716,2.6015262651221684,1.015286498902005,-0.1044548109262546,-0.1242971449523999,3.5972965054354127,3.8629538793383307
recurdyn,0.3375,0.3048236137173108,1.2665466394688825,3.8868365536994496,0.9508575140958322,-0.1045165008810684,-0.1224348633183795,3.780185237019939,3.9116123927367874
recurdyn,0.338,0.30545647677856014,1.265801718582877,0.3023843365595589,0.8757755678031385,-0.1045770897030131,-0.1200765110203584,4.404531476367925,3.9895842824625154
recurdyn,0.3385,0.3060894071077181,1.2661394891719566,1.1153234243406205,0.7550917857644975,-0.1046364790624069,-0.1174725375428003,5.224724979129103,4.042248404974005
recurdyn,0.339,0.3067225249382957,1.2665696713172,1.3360406483060965,0.7618690501093504,-0.1046945375596787,-0.1147390046436901,5.511959599130886,4.078135916918087
recurdyn,0.3395,0.3073558571088251,1.2669741797617624,1.2393548122044311,0.7622789682873374,-0.104751389311165,-0.1126741486486597,4.117417295985739,4.1279303931496525
recurdyn,0.34,0.3079894718113416,1.2675025167067115,1.0924466951322591,0.83202529752259,-0.1048071549428186,-0.1104267576065713,4.418022802924735,4.178687586500215
recurdyn,0.3405,0.3086234575565872,1.2681658588515154,0.7774734410475714,0.8567472907691716,-0.1048618753732447,-0.1084376328605674,4.012911965715908,4.211239920763592
recurdyn,0.341,0.30925797465798693,1.2689922524479582,-0.1678014064162969,0.5724500943773969,-0.1049156690927413,-0.1066782914350703,3.636590233146421,4.195017660117934
recurdyn,0.3415,0.3098925862450823,1.269044445795969,-0.7149135789826166,0.3836654148489134,-0.1049686113702827,-0.1050567575031461,3.3111903186049183,4.153286697197588
recurdyn,0.342,0.3105270835014724,1.269009361907629,0.0593965104892157,0.646593362352571,-0.1050206942399377,-0.1032413283489931,3.697643844032754,4.075511706865129
recurdyn,0.3425,0.3111614269699841,1.269158866127501,1.887716416660328,0.4171278706220039,-0.1050717555598662,-0.101073866018634,4.195095353267643,4.020952866259115
recurdyn,0.343,0.3117961910861574,1.2698557275625246,1.3099808638296544,0.16726547425891702,-0.1051217226526923,-0.0987760019594424,4.632734771637551,3.962599934829714
recurdyn,0.3435,0.3124314304979503,1.2704401716100335,-0.1546079027472453,0.1269076524684366,-0.1051704984454863,-0.0963339652052466,4.8704815304861455,3.9250150403873554
recurdyn,0.344,0.3130664873849413,1.2706308232089067,2.068196907798056,0.28379063616973416,-0.1052180097379612,-0.0937711743314524,5.005642473921355,3.8917782359430495
recurdyn,0.3445,0.31370220096166523,1.2713375265452855,-0.3585076101368774,0.42318575956460386,-0.1052642536714765,-0.0911204257722192,5.469765033444517,3.779242888425658
recurdyn,0.345,0.3143382517088268,1.2719038631361552,-0.7905247478903918,0.3338270967095747,-0.1053091751475417,-0.0885562902704842,5.14664743966641,3.820558586424573
recurdyn,0.3455,0.3149745283558823,1.2723145358656316,-0.9550329806975856,0.4225755494225386,-0.1053529641307902,-0.0865143788697062,4.25435050902631,3.8754943121268335
recurdyn,0.346,0.31561024319991454,1.270649006732679,-3.122725327297327,0.34975293759179543,-0.1053959373386933,-0.0853372505868491,2.4366608770754787,3.9112921419146254
recurdyn,0.3465,0.3162457970012929,1.2707480130234985,-1.438358932659174,0.2191428571595668,-0.1054383915679621,-0.0844054983440412,2.0118407748139937,3.919908415873526
recurdyn,0.347,0.31688171737318294,1.2727418078352744,3.604256221042096,0.08580000997679983,-0.1054803694737855,-0.0834932984408178,1.850052823334572,3.909468866938694
recurdyn,0.3475,0.3175176327281695,1.2712763977078851,-2.217249061219741,0.11972056083397697,-0.1055218027776908,-0.0822537175975105,2.4515608527091217,3.852345136160228
recurdyn,0.348,0.3181534880535533,1.2713705823251331,-1.3602737699253744,-0.045415570163510596,-0.10556262896134411,-0.0810136738871962,2.554773677002508,3.7633875232538747
recurdyn,0.3485,0.3187894606170135,1.2718088444401336,-0.5451299210405303,-0.021859121964065628,-0.1056027694196785,-0.0793771044956901,3.615248693078392,3.6637813661606358
recurdyn,0.349,0.3194259580599854,1.2740973524644716,4.409866082067869,-0.06731129793239611,-0.1056418830828291,-0.0770956382797195,4.526752085798687,3.5682607531659665
recurdyn,0.3495,0.3200635213375173,1.2761923896236531,4.263338239598359,-0.0725794336778936,-0.1056802095666544,-0.07586578832522,3.1487173012656697,3.4722883171039394
recurdyn,0.35,0.3207009253207722,1.2746486722329404,-0.6371771077511799,0.18724051440160158,-0.1057172897887412,-0.072914182435064,4.985046953962939,3.452655382364906
recurdyn,0.3505,0.32133906834507764,1.2770250896614566,2.9561642021045,0.3354779054889552,-0.1057529770925673,-0.0699816893915507,5.571673042672213,3.3862014484214082
recurdyn,0.351,0.32197702341903134,1.275722197555382,-0.7518014073980357,0.4458840513420969,-0.10578747322979559,-0.0678011078587738,4.764666391259542,3.2965044494550972
recurdyn,0.3515,0.322614250839711,1.2737271880856116,-2.910613095493097,0.6528698288817889,-0.1058210149840273,-0.0661291254668764,3.817531986283335,3.298295541288268
recurdyn,0.352,0.3232505994820483,1.27181850633212,-3.515113369820723,0.7642618146474056,-0.1058537837483113,-0.0647645386202174,3.0919597909734517,3.360372980389685
recurdyn,0.3525,0.3238871410564052,1.273276080733443,0.7717280784899359,0.5681616928330372,-0.1058859280012208,-0.063663994444697,2.498045497684963,3.4498542356631368
recurdyn,0.353,0.3245232875951785,1.2718980419631043,-1.5801423342869114,0.5438216068944377,-0.1059174905077598,-0.0625432667074425,2.326985482234228,3.5194894567739405
recurdyn,0.3535,0.3251598853005208,1.27364657725369,1.8046662760179988,0.7077503206995706,-0.1059484177629306,-0.0612192589734914,2.541005472679529,3.5858990326122773
recurdyn,0.354,0.3257962057299637,1.272363582986124,-1.1091035980821855,0.8731438504332184,-0.10597862888093709,-0.0597060988484627,2.8645486575980854,3.6042214440973046
recurdyn,0.3545,0.3264330155509207,1.2741090334285017,1.9575660571426088,0.5570006712585904,-0.1060080924436143,-0.0581795700253984,2.9902213166187863,3.5655434112498137
recurdyn,0.355,0.3270707317665683,1.276706859120059,5.097711299532522,0.35838666746159126,-0.1060365898121842,-0.0557303687888202,5.057473403924824,3.6320286962281263
recurdyn,0.3555,0.327708918210742,1.276953503463495,2.322460464944033,0.4049427615144688,-0.106063911780999,-0.0537061589228232,3.7511148268529553,3.59203401195881
recurdyn,0.356,0.3283472346269789,1.2769737064942166,1.3634960822183917,0.24167663293286304,-0.106090461675428,-0.0525071104753658,2.370713530733777,3.496344843818509
recurdyn,0.3565,0.3289855875653035,1.2770118706493443,1.2239760010362044,0.2117536016918487,-0.1061164216650104,-0.0513014107134932,2.4742738055720643,3.4192378216067887
recurdyn,0.357,0.3296239448960236,1.276939879632112,0.9008727684187754,0.4156297656107988,-0.1061416579145053,-0.0496436322407668,3.3154669959437406,3.393423315401834
recurdyn,0.3575,0.33026222194351523,1.276425633398894,-0.5138463370596398,0.5777255538831051,-0.1061660069434457,-0.0477657680846514,3.729159184077069,3.416473587567116
recurdyn,0.358,0.3309002674195428,1.2754088543387136,-2.7283908659303293,0.5882591318898144,-0.1061894077069763,-0.0458230519371691,3.913900496035996,3.4876629459163477
recurdyn,0.3585,0.33153845852980124,1.276902777821949,2.0822292199824144,0.7502744482148328,-0.106211824622336,-0.0438464870270831,3.949374769607577,3.5499406905794846
recurdyn,0.359,0.3321769846180534,1.2777842100551389,2.9281342033660778,0.7552839726905193,-0.1062332330304016,-0.041816811297653,4.000019334263982,3.6009379718621766
recurdyn,0.3595,0.3328154069740395,1.276287426802012,-2.22914068059932,0.9071615452798992,-0.10625367070048031,-0.0399467118083147,3.714513396001358,3.634475500903167
recurdyn,0.36,0.3334537324628327,1.2766740886263614,0.0924441598613761,0.9133154694803173,-0.1062731192046171,-0.0377607812020448,4.544908285810237,3.648827363351502
recurdyn,0.3605,0.3340921430768428,1.2769063532369151,0.340500867359248,0.7767317735681998,-0.1062915314191077,-0.0357881393352669,4.145158584307303,3.6129677405544203
recurdyn,0.361,0.33473073924506114,1.2770742303122051,-0.4724244981092198,0.6386646419050013,-0.1063089751770096,-0.033996965675793,3.562200511725884,3.5662258340931765
recurdyn,0.3615,0.3353691616602441,1.2764997841000874,-1.3801850634593364,0.4710254600141392,-0.106325588227967,-0.032439747183685,3.1454189248134234,3.580496177766459
recurdyn,0.362,0.3360076477045416,1.2773147851816995,1.370786346804854,0.27147449086484604,-0.1063414022425947,-0.0308091724164575,3.275427355979282,3.613621912922859
recurdyn,0.3625,0.3366461927634813,1.2770623424254453,-0.1111018161022894,0.2080318803111469,-0.1063563575017119,-0.0290165143576848,3.576015506444385,3.61941437426625
recurdyn,0.363,0.33728453681975534,1.2769363458521448,0.9929332166308296,0.39184919693141473,-0.1063703545787356,-0.026995898541785,3.993022023018824,3.6335902226014434
recurdyn,0.3635,0.3379231374431646,1.2776567916456774,1.822179308538475,0.3788551185468953,-0.1063833473110752,-0.0250767601490585,3.6348181201600944,3.6728203647340467
recurdyn,0.364,0.3385619593491726,1.2781212785885014,1.9098662900074164,0.36942584501823217,-0.1063954650481479,-0.0233324870505339,3.611948379616077,3.810090213263658
recurdyn,0.3645,0.33920095171584164,1.278504814694775,2.080325426294793,0.28637568336370806,-0.106406673733565,-0.0215251616422564,3.568836767458869,3.8140214298414605
recurdyn,0.365,0.3398400735870247,1.278765441982509,2.0867984653513894,0.4281288650909248,-0.1064170187401227,-0.0198671105084834,3.2916104280338203,3.820285886128827
recurdyn,0.3655,0.3404792780209485,1.2789662312690533,2.2294536853780524,0.4236617370179721,-0.1064264647307059,-0.0178158758351013,4.304421325186109,3.7896071172059203
recurdyn,0.366,0.3411184227414682,1.278145203714509,-0.576949299983136,0.3981941195984592,-0.106435057504007,-0.0164931629044337,2.7695347911668406,3.7526775250223765
recurdyn,0.3665,0.3417571955257781,1.2770063369355076,-2.1569267374897123,0.39940774304675164,-0.10644299279965119,-0.015202993601305,2.6703907478727125,3.7229085738805825
recurdyn,0.367,0.3423955864626304,1.276040225116556,-2.9665943510989514,0.4396710204363288,-0.1064502040598609,-0.0136300418584714,3.169914243856457,3.7372273750584877
recurdyn,0.3675,0.3430338912080334,1.2765016352926517,-0.431422053208907,0.34424745050967814,-0.1064566013478355,-0.0119352987781983,3.437108684154964,3.7821461435987462
recurdyn,0.368,0.3436725250598289,1.2781042829191314,3.3463173119659846,0.3085851329396999,-0.1064620519103414,-0.0098944120121392,4.026851999116115,3.82818276965155
recurdyn,0.3685,0.3443110201143883,1.2762397924907145,-3.001266512005237,0.1902909914080979,-0.10646644065934,-0.0075930646270053,4.737733480820669,3.8871846122029403
recurdyn,0.369,0.3449495542166852,1.277539258212663,1.8842144758804888,0.0014942124171981384,-0.1064694393343291,-0.0042893395809735,6.832041588729421,3.9542713958688824
recurdyn,0.3695,0.3455882634165324,1.27771441989683,1.184080808621072,-0.21885306993942286,-0.1064711235540176,-0.0023477956564621,4.082574882397832,4.001090983364246
recurdyn,0.37,0.34622701112427484,1.2776823345185893,0.747676135672231,-0.40545614200605035,-0.1064718300340816,-0.0004514433833755,3.846066978036056,4.02362682099467
recurdyn,0.3705,0.34686570534113553,1.2773880923390484,-0.0013655296706307,-0.49895225004090726,-0.1064715448496139,0.0015455324699682,3.9006541384291857,4.0717145711403315
recurdyn,0.371,0.3475043154909259,1.277171719806265,-0.1943190984505225,-0.534237987104273,-0.1064703446273374,0.0032428538400026,3.369637148452892,4.062874129063422
recurdyn,0.3715,0.3481428269733494,1.2769112302455827,-0.4469384056950787,-0.39558673943157596,-0.1064683545382718,0.0047144412657281,2.937052537748212,4.116728823310298
recurdyn,0.372,0.3487812297760273,1.2766719412964012,-0.5346562382782167,-0.21326417407384018,-0.10646560286273091,0.0063648795191585,3.4461137495494327,4.156270527458188
recurdyn,0.3725,0.34941951873133953,1.2764196334688416,-0.6331086216548094,-0.21717638081972082,-0.1064618815598545,0.0084972861267857,4.218721495324708,4.22615584097088
recurdyn,0.373,0.3500576815482738,1.2761106312474364,-0.8600104850718324,-0.27710673620180354,-0.106457041738688,0.0108153384963549,4.542784653553269,4.257438757497373
recurdyn,0.3735,0.35069567961647213,1.2756233254577654,-1.4912437555328122,-0.2599501048635613,-0.1064508982980968,0.0135948963616336,5.232060716598024,4.301045399296969
recurdyn,0.374,0.3513334588803531,1.2750228894995157,-2.14255305027042,-0.24891955910874491,-0.1064434974441609,0.0160626180160546,5.043640577144863,4.281468803843693
recurdyn,0.3745,0.351970983140557,1.2743691637480428,-2.7174266394816247,-0.5185156584813662,-0.1064348700995879,0.0184034790751659,4.59515971701871,4.126547338845324
recurdyn,0.375,0.3526083171575869,1.274208449287904,-1.8383390871043843,-0.7050138520775973,-0.1064251585418399,0.0204336378354669,4.04208935769778,4.070080216625449
recurdyn,0.3755,0.3532457258828257,1.274848295526629,0.1233801966193937,-0.7910190105992486,-0.1064144293225448,0.0225338018853836,4.301453181092715,4.0105270611805945
recurdyn,0.376,0.3538833672031611,1.27565475397264,1.4884532070473735,-0.777151716155916,-0.1064026648096119,0.0245587188761673,4.118772041571006,3.9733099513278525
recurdyn,0.3765,0.3545212523018386,1.276353879080169,2.334726901143501,-0.6984596670210181,-0.1063899084311123,0.0264878778418755,3.9004833703512567,3.9267313763013023
recurdyn,0.377,0.3551592368002455,1.2763869585976757,1.6718471350227393,-0.5784199442449184,-0.1063762302388263,0.0282315762056636,3.500766534978389,3.922484854531394
recurdyn,0.3775,0.3557968374472945,1.2744391064246272,-3.0487506927624457,-0.5638309841824762,-0.1063615223252548,0.0305752035999848,4.637505827622988,3.919384255975701
recurdyn,0.378,0.35643404601462103,1.2739946447739294,-1.6899595162326433,-0.7228652022189861,-0.1063456378136651,0.0327925356621723,4.094049931211316,3.9023437595326698
recurdyn,0.3785,0.35707168021651814,1.2761950554367467,3.706606570069071,-0.775100990856875,-0.10632859893583879,0.0353134035216524,4.942591476907637,3.8768766507376853
recurdyn,0.379,0.35770921202907363,1.2743712188480494,-2.769625051154093,-0.6181838245649419,-0.1063103908294384,0.037497869044978,4.326624976301876,3.814298797858836
recurdyn,0.3795,0.3583460977803019,1.2728271765538788,-3.777303610944558,-0.5378211513448514,-0.1062911813645209,0.0393136025408961,3.5786908237636545,3.727304252068209
recurdyn,0.38,0.3589825576499152,1.272236643912388,-2.732381256899779,-0.4871482936950147,-0.1062711477758089,0.0407913687530589,2.8967653157804563,3.64921173069679
recurdyn,0.3805,0.359618883642373,1.2723873768673106,-1.0584321932824503,-0.5107418524378966,-0.1062504219148364,0.0421005846233055,2.5954507136941345,3.5951368113490516
recurdyn,0.381,0.36025530474752904,1.2729146722253917,0.2898476536393541,-0.6308618682413156,-0.1062289662871969,0.0436910289870133,3.119094831521579,3.4776855690669755
recurdyn,0.3815,0.3608919047318993,1.2735645222240457,1.4582139333823338,-0.8351154614805186,-0.1062068535609796,0.044823324202749,2.391487072895345,3.387617021177498
recurdyn,0.382,0.3615286765832803,1.2740621767053095,2.073895772603016,-1.071975370745702,-0.1061841133277656,0.0461924353231419,2.847875580580137,3.3450021734234436
recurdyn,0.3825,0.3621653463092787,1.2732823799773934,-0.2282880769669306,-1.1101040219920824,-0.1061606095183362,0.0478528691538194,3.3810011798798776,3.3114353966727768
recurdyn,0.383,0.3628014905960541,1.2712953667507318,-3.972827200421518,-0.8413103262318833,-0.1061361522847039,0.0498796850321204,3.8608710700210582,3.2515535438449192
recurdyn,0.3835,0.3634373081718155,1.2711459110111472,-1.9569620464674973,-0.5861882749127337,-0.106110698691384,0.0519091804820842,4.007975368858599,3.2423884835602172
recurdyn,0.384,0.3640732032988917,1.2722412583365674,1.8040167365977808,-0.8351820203737529,-0.1060842429464333,0.0538909713529811,3.9179258061421898,3.2015205484057967
recurdyn,0.3845,0.3647091007552498,1.27168117848809,-0.4549369126485176,-0.6317366239254667,-0.1060569082134414,0.0554736547625063,3.216755115541691,3.1979342244538906
recurdyn,0.385,0.3653447765394276,1.270938244198462,-1.6532966288350543,-0.5645117357140983,-0.1060287965402598,0.0569621505553338,2.955216768218921,3.2047831920304555
recurdyn,0.3855,0.36598016751304113,1.2701984962719748,-2.333803820704904,-0.68155439398289,-0.1059999380063683,0.058443696795771,2.9065160513952684,3.217644193313859
recurdyn,0.386,0.36661526318228893,1.269591553461538,-2.3991401352524058,-0.6465087498381624,-0.1059704846848104,0.0593653873891044,1.8349770931691085,3.2219044811088104
recurdyn,0.3865,0.3672500786242488,1.2689306658572623,-2.8008722509758903,-0.6517294302297912,-0.1059405676038443,0.0603909950662255,2.227332535891975,3.2361241751410974
recurdyn,0.387,0.3678846423335053,1.2684675857148842,-2.639331193425353,-0.5923754292893124,-0.10590995962198779,0.0619673566049144,3.005571567516121,3.296091460079672
recurdyn,0.3875,0.3685192085088315,1.2693501370170197,0.8711454588487504,-0.6349654947627782,-0.1058785678011771,0.0634826076771639,2.7958642232143944,3.345441373171667
recurdyn,0.388,0.3691540983807278,1.27042872302233,2.5959169182017394,-0.5987575852288357,-0.1058464529429319,0.0650747132200794,3.3799869182379787,3.3549342688267605
recurdyn,0.3885,0.3697899051535146,1.2725304464638814,3.667603561469496,-0.6358647690155449,-0.1058133626887703,0.0671559042394445,3.901583665232579,3.3405843532444073
recurdyn,0.389,0.3704253313607802,1.2704718490100546,-1.5222620846123291,-0.697194600978125,-0.105779251343399,0.0692437819521347,4.08436483866479,3.32974442449081
recurdyn,0.3895,0.3710611332501144,1.2719794607369024,1.5027282742599164,-0.9082036446713311,-0.1057440771699845,0.0714111748724525,4.251312173311852,3.295500451152381
recurdyn,0.39,0.3716963437442089,1.269829592949458,-2.365580958505821,-0.9989478618376089,-0.1057079723667842,0.0731402361862783,3.722519142871516,3.2968651803638753
recurdyn,0.3905,0.37233054773507773,1.26711041246731,-5.190277080544405,-1.0092485331058283,-0.1056710108947962,0.0747146555617412,3.166846342731933,3.3127030952903698
recurdyn,0.391,0.37296393068749034,1.2666852864083962,-0.3224736662431735,-0.8730338295140389,-0.1056333533262447,0.0759863662922498,2.684916757388109,3.3335662604593557
recurdyn,0.3915,0.3735969333702574,1.2660504188754358,0.1802133654151498,-0.6683766190986428,-0.10559487136486109,0.0778183498686519,3.4177084061996155,3.400168530605293
recurdyn,0.392,0.3742303505639658,1.2675105494050465,2.704647953132389,-0.6194330734563798,-0.1055555143304682,0.0796267688000542,3.6508000566053935,3.4256694524325764
recurdyn,0.3925,0.37486383602507733,1.2672657983226974,1.1795043976602355,-0.688704540069381,-0.1055152377098092,0.0815242972569598,3.8842237555120462,3.446360373031041
recurdyn,0.393,0.3754971436726505,1.2667483146521166,0.5320780232458615,-0.7310121841225152,-0.10547403202935,0.0833064489154208,3.580351988636835,3.549883097353603
recurdyn,0.3935,0.37612984175497843,1.2642081451408549,-4.752078059942411,-0.765519191331888,-0.1054319713230279,0.0850112933549139,3.5595228427916545,3.635482358020265
recurdyn,0.394,0.37676202667444064,1.2635586167948685,-3.244888517681681,-0.9094106003780651,-0.1053889286235582,0.0870304831557432,3.780336865033039,3.6881982686650168
recurdyn,0.3945,0.37739389748144664,1.2630848207166,-2.6271731809595447,-0.8301081378255111,-0.105344977153141,0.0887026414258582,3.198802366035185,3.6730020679557915
recurdyn,0.395,0.3780255265550806,1.2626680058996111,-2.3605654731403525,-0.8947140829999866,-0.105300194544463,0.0903765709632659,3.245414428983075,3.5881518726619923
recurdyn,0.3955,0.3786569503106183,1.2623801083937598,-1.8696107254676608,-0.7937585863686577,-0.1052545607328125,0.0920895765465357,3.287812981675291,3.5397679739303967
recurdyn,0.396,0.37928850574239453,1.263242539791169,0.5267049547226748,-0.7583193241145465,-0.1052080907605319,0.0937761051910749,3.3446425199439744,3.506918208157841
recurdyn,0.3965,0.3799205358394916,1.2645348595150916,1.898661283470912,-0.7374677325288788,-0.10516081238205979,0.0953651631357643,3.2336247662338025,3.5142149092060606
recurdyn,0.397,0.3805521226721406,1.2627304008498574,-1.7730577924883693,-0.7550338765749947,-0.1051128432906142,0.0966288958649045,2.7628518942649336,3.4756216855189153
recurdyn,0.3975,0.3811826859967915,1.260103141303756,-4.094031992298374,-0.9498470834680551,-0.1050640141789435,0.0985182435664012,3.4400809000838706,3.410819319260194
recurdyn,0.398,0.3818132449926758,1.2611136630021298,-0.0173150662670702,-1.1041869737931005,-0.1050139426069143,0.1013856044168714,4.96984143398819,3.3506542992428487
recurdyn,0.3985,0.38244427180600193,1.2625214440938002,1.87126976680491,-1.2465298310041624,-0.104962576642037,0.1040263226025528,5.17757139223788,3.3123559118075914
recurdyn,0.399,0.38307515682496623,1.261931508921739,0.6458839714997762,-1.1532191518576365,-0.1049099657079731,0.1064740225751052,5.008617788772376,3.276749309004214
recurdyn,0.3995,0.3837057422268067,1.2612065760880609,0.1430896289913021,-1.1515908340437533,-0.1048562699979515,0.1083327311992203,3.765244623771057,3.241816132351386
recurdyn,0.4,0.3843360405047159,1.2606330566750537,0.1460034255959357,-1.080454755803446,-0.1048018751301302,0.109407100160702,2.4694580721420643,3.2631489138833976
recurdyn,0.4005,0.38496601009778764,1.2598778072610937,-0.245515529247918,-0.9709172723835516,-0.104746873579043,0.1106797164917538,2.7064572695080145,3.3155809371050657
recurdyn,0.401,0.38559537316481124,1.2576146209039123,-4.4460525732080685,-0.9246922924886466,-0.1046912217966724,0.1119228150564618,2.4770012615082635,3.373151358530319
recurdyn,0.4015,0.3862244360589726,1.2581546407618154,0.1154097570558512,-1.0473931020803402,-0.1046348767660603,0.1133995980941163,2.838147479400717,3.4548774632124974
recurdyn,0.402,0.3868533764933425,1.2578336998249129,-0.1886756595532861,-1.2247065269458086,-0.10457784510703799,0.1147151307217843,2.607250708769566,3.5228130824063664
recurdyn,0.4025,0.3874823716050731,1.257643616113252,-1.3864293916218782,-1.185951349317779,-0.1045201810907967,0.1159005200739621,2.289950365172242,3.5915150645324783
recurdyn,0.403,0.3881112158930815,1.257173167691961,-2.0616332991657167,-0.9676030183959073,-0.1044618687437623,0.1172798836526109,2.6207583351477943,3.612332914841501
recurdyn,0.4035,0.3887398357900778,1.2566255134981246,-2.4571219781864384,-1.0669549377634762,-0.1044028354051106,0.1187606987665595,2.776085852496436,3.4916922154695067
recurdyn,0.404,0.38936819518529964,1.2560206519943182,-2.792553797865372,-1.2058472324661185,-0.1043430555298262,0.1202626966146468,2.8117841839207323,3.3554533988998374
recurdyn,0.4045,0.3899962254014268,1.2552577587933351,-3.21069384359013,-1.253209278719844,-0.1042825134446224,0.1218458554465007,3.04674015532364,3.2304691415048445
recurdyn,0.405,0.3906234264436016,1.2541187554651316,-1.1333155379130953,-1.2630288458183365,-0.1042211655451211,0.1236074966971926,3.646790778207436,3.159907290400033
recurdyn,0.4055,0.3912501334884183,1.2533990200530356,-0.0602783213225686,-1.2639806660551967,-0.1041588506545599,0.125716402851594,4.3464869166381135,3.192826459731562
recurdyn,0.406,0.39187691547575704,1.253339253140399,-0.898886147674655,-1.2458742368314684,-0.1040953942489683,0.1280370091410352,4.496791831605599,3.241943024981304
recurdyn,0.4065,0.392503445406211,1.2525473578963071,-2.0500120467028915,-1.030283172204105,-0.1040307091939383,0.1306353327395699,5.060890718269718,3.2942341077718953
recurdyn,0.407,0.3931294862135467,1.2516253845118528,-1.824920638703928,-1.1052928451587942,-0.1039648130346353,0.1329573867982653,4.66027276930506,3.3271279577110473
recurdyn,0.4075,0.3937547092510904,1.2502062753217558,-0.9591990622997406,-1.2508379889568448,-0.1038978671276932,0.1349432122640996,4.20559351891329,3.349549641444822
recurdyn,0.408,0.3943798721632194,1.250448644997546,0.4912829570609263,-1.2252233707360323,-0.1038299005725754,0.1369024241747608,3.877255756573344,3.3961128906929643
recurdyn,0.4085,0.3950051697521194,1.250069251456637,-2.1037053729860102,-1.1393264164241124,-0.1037611254829968,0.1381592758439422,2.4363867471763,3.4273145174099446
recurdyn,0.409,0.3956299108367035,1.2492208020629127,-1.0454684219505874,-1.0231572614593492,-0.1036917881084506,0.139253888153398,2.316556244274828,3.424727477278239
recurdyn,0.4095,0.3962541326544352,1.2483564557134084,-0.3487189998284581,-0.9026798624126131,-0.1036219111470193,0.140349909958439,2.3839483834775272,3.4080299411830275
recurdyn,0.41,0.3968779095047236,1.2475379202570382,-0.0631212800770391,-0.8526345955707755,-0.1035514884984055,0.1414161586652136,2.2834457505700136,3.3712328603780413
recurdyn,0.4105,0.3975012758021673,1.2467640986874593,0.1260152006218728,-0.9086678808926355,-0.1034804316538453,0.1429038792774924,3.160760628104171,3.3111709949145247
recurdyn,0.411,0.39812426836909104,1.246018813718581,0.1347194844503745,-0.9734668707661667,-0.1034085508187288,0.1446961465180523,3.7379051397525984,3.2452340473913224
recurdyn,0.4115,0.39874732491370174,1.2461334291674748,0.081359783966568,-0.9511975289781053,-0.1033357334541434,0.1465285076708636,3.575114000110677,3.1926558218918824
recurdyn,0.412,0.39937045609227834,1.2458974088093555,-1.4597933749926222,-0.8602788408960477,-0.1032619804064733,0.1483883249221112,3.528918328122913,3.1166113595698928
recurdyn,0.4125,0.3999933819590977,1.2450404527189305,-3.2451236793123543,-0.7923810032130324,-0.103187351086403,0.1500281666575268,3.0781060671788296,3.0517750182940935
recurdyn,0.413,0.4006154304340093,1.2438848192209486,-0.8485224089848078,-0.7826252066505028,-0.1031119803376447,0.151558442166407,3.267778599383245,3.0035800150908987
recurdyn,0.4135,0.40123692975313563,1.2429341889380343,-0.2577972586154016,-0.8625704332819685,-0.1030358410955006,0.1530974824121982,3.275992496204381,2.9921627901386367
recurdyn,0.414,0.4018580215705305,1.242179242358866,-0.0175697239264138,-0.8388353234147677,-0.1029590055310266,0.1543515684504025,2.7217580097306104,3.038285005094262
recurdyn,0.4145,0.4024793208240112,1.2425328748569224,-0.2625284178839107,-0.9511593542609315,-0.1028814877439431,0.1556508581485376,2.461135925921287,3.072107905407044
recurdyn,0.415,0.4031005542124797,1.2419268411271105,-2.159743239911544,-0.9937595625139544,-0.1028033532492784,0.1568374896940075,2.274001458418933,3.071699574457137
recurdyn,0.4155,0.4037213906379145,1.241095347237119,-2.3100145296721557,-1.0222644849804776,-0.1027246312876522,0.1580402961532774,2.385491603473586,3.1070821103938044
recurdyn,0.416,0.4043415519054546,1.2399672708031515,-1.4210571086667212,-1.0518465363287703,-0.1026452746793796,0.1594536692999299,2.9618110186508595,3.112007136347424
recurdyn,0.4165,0.4049610629698635,1.2389143213253542,-0.4312299701253637,-1.0732061099409609,-0.1025651709464926,0.1610556280480092,3.39264909611736,3.097598918633799
recurdyn,0.417,0.4055801609994684,1.2381608793107466,-0.1407195969796846,-1.0812904203042533,-0.1024842501739822,0.1627075342731792,3.4639570095079435,3.083485257120994
recurdyn,0.4175,0.4061989848749144,1.2375479843800257,-0.3990660473606056,-1.0389907295890912,-0.1024024886636145,0.1643476981360057,3.2987096025132736,3.076661251297414
recurdyn,0.418,0.40681757905899674,1.2369997863311784,-0.7543273344866193,-0.9952936285290983,-0.1023199207932481,0.1659341153456553,3.1934984516461924,3.0624639088428403
recurdyn,0.4185,0.40743592204978973,1.236389089885378,-1.1875668021998504,-1.0688172845399813,-0.1022365155659866,0.1677198280313007,3.637494032575852,3.072344772874539
recurdyn,0.419,0.40805401715780243,1.2357888990090091,-1.6052680657747982,-1.0965217613725111,-0.1021521899787895,0.1695024127095062,3.404953261244429,3.0858687805806193
recurdyn,0.4195,0.40867190596550723,1.2349265471422195,-3.4042730697200274,-1.1204995236939022,-0.1020670052309771,0.1711262049124647,3.026837150843253,3.1084766314108387
recurdyn,0.42,0.40928894290322654,1.2337630445952676,-1.243323373141938,-1.1339846739474855,-0.1019811990642902,0.1722061767322288,2.375373433529486,3.1207212356636673
recurdyn,0.4205,0.40990540682484494,1.2327624120739429,-0.6617246518740219,-1.0600310167328812,-0.1018947687620618,0.1736172242081363,3.026479005240024,3.1208310656402865
recurdyn,0.421,0.41052134998261014,1.231762513560945,-0.4952078776922803,-0.9947702698973647,-0.1018076066407228,0.1751402892212567,3.264186173130188,3.113440968341993
recurdyn,0.4215,0.4111367799465665,1.2307814700224151,-0.3138315614056242,-0.8805813667475393,-0.1017196956536746,0.1766808072383739,3.435332567766462,3.0981414933873257
recurdyn,0.422,0.4117518584471894,1.2301348985622238,-0.0884107336625721,-0.8723696234117054,-0.1016309792817821,0.1782524255619865,3.278727108341773,3.056951029172904
recurdyn,0.4225,0.4123669632376863,1.230066706026412,-0.571499869974224,-0.9960672918298963,-0.1015414166484867,0.1799716701422455,3.385614205827725,2.9998691085942477
recurdyn,0.423,0.4129820451164371,1.229581886362121,-2.3274845570524976,-1.2103184466881314,-0.101450990434224,0.1815474189943591,2.779961875632793,2.951974135438408
recurdyn,0.4235,0.4135966138925496,1.2285394224286836,-2.392519185213353,-1.384104522392936,-0.101359768532012,0.1833126236100849,3.4752767440489194,2.9265897865323174
recurdyn,0.424,0.4142103907239018,1.2273437648865202,-0.8395912720985264,-1.399153572307893,-0.10126771604589829,0.1849949713917943,3.5599966580320626,2.9190807737011593
recurdyn,0.4245,0.4148236464782035,1.2263812329204673,-0.5211027326756255,-1.3220259382591224,-0.1011748660364412,0.1864991496334233,3.1965228771652114,2.9226242629950856
recurdyn,0.425,0.4154364766291207,1.22552387269109,-0.5457165732091656,-1.1445732067785284,-0.1010813098711602,0.187791898715868,2.718272615230702,2.936225391644072
recurdyn,0.4255,0.4160489978547686,1.2248907721859328,-0.606716438404852,-1.1502264269844424,-0.1009871573997323,0.1888740198278572,2.276307887927935,2.961442203910323
recurdyn,0.426,0.4166613073552232,1.2243841161977258,-0.93953884612631,-1.3435533705215834,-0.1008924319033424,0.1900085676697672,2.2302995602094136,2.9311549945217714
recurdyn,0.4265,0.41727386108314213,1.2253516833023663,0.9769098574796162,-1.502745522148746,-0.1007970462764414,0.1914313843131672,2.64052204460285,2.8778473663242927
recurdyn,0.427,0.41788611091439604,1.224434966667562,-0.2587833600728557,-1.6629431929691212,-0.1007010904548314,0.1925435555567997,2.527649347614496,2.8075302488638916
recurdyn,0.4275,0.41849773747542474,1.2225685293988602,-2.738370633761689,-1.643886409582705,-0.1006045644549723,0.1936183088876209,2.265236677356171,2.793893261571686
recurdyn,0.428,0.4191085342031357,1.2203688703472662,-4.898340299383545,-1.5464754528105933,-0.1005074344318709,0.1948332749943975,2.29291516624064,2.7948246402544408
recurdyn,0.4285,0.41971857679303554,1.2189842210684974,-4.403834924287519,-1.5672504515857872,-0.1004096412919381,0.1962513866467685,2.6604271246182947,2.790987006058807
recurdyn,0.429,0.4203281685051855,1.2188075250873158,-1.503596850413942,-1.4523986179116135,-0.10031101430321859,0.1981239286296294,3.4798047631215248,2.7838343343306433
recurdyn,0.4295,0.4209376307720059,1.2189281367032372,0.0144122492493812,-1.5911959285078618,-0.1002115323430415,0.199833761988306,3.479366536416886,2.7431585939623524
recurdyn,0.43,0.4215469821490832,1.21878331272736,0.3222342913724487,-1.8317552748136723,-0.1001112434789283,0.2014058434396844,3.312460852471961,2.7108115706531954
recurdyn,0.4305,0.4221559891856954,1.2176735629750333,-1.362040997466134,-1.8791737719169137,-0.10001022348596669,0.2027662175459381,2.904926491120761,2.742745559400469
recurdyn,0.431,0.42276427853514853,1.215398301289727,-4.72159046615398,-2.0618467556351696,-0.0999085186499139,0.2040072840076504,2.390447608080432,2.760535627512019
recurdyn,0.4315,0.4233718929728592,1.214269314655695,-3.8382430618626975,-2.065410723809052,-0.0998061931752329,0.205187130857202,2.1447259809831465,2.793634227019443
recurdyn,0.432,0.4239789476479329,1.2131898544851791,-3.6779826486335,-2.3050106989194226,-0.0997032942248681,0.2062875690046882,1.9586731010980287,2.768055298593263
recurdyn,0.4325,0.4245860802684359,1.2143431864354266,0.3117817174521669,-2.330929305015669,-0.0995996471869096,0.2080421635108178,2.9923503752054543,2.7712448599312403
recurdyn,0.433,0.42519358142149444,1.215370838672743,1.4741302222401211,-2.1667729746414204,-0.0994951488556616,0.2098479557856405,3.405173158165581,2.7688264293025204
recurdyn,0.4335,0.4258003916346702,1.2129294864686853,-2.763759531331573,-1.8609377191027106,-0.0993899756815242,0.2110211911642425,2.699371557524476,2.770887660559422
recurdyn,0.434,0.4264072066901765,1.213634953342976,0.019369321944298,-1.5641185720706234,-0.09928397123972729,0.2128401512531798,3.3250706377574843,2.7491151275109695
recurdyn,0.4345,0.4270130831619841,1.210814359916526,-3.754334794619744,-1.6063980420081947,-0.0991772903464029,0.2140382381764637,2.7058061102979494,2.650536815824929
recurdyn,0.435,0.4276175664215404,1.2075733068613566,-5.572849005097644,-1.608263829277069,-0.0990699801442316,0.2152497131896438,2.517235387672919,2.5885731789472928
recurdyn,0.4355,0.4282216643048436,1.207810390353349,-1.5415050123772387,-1.7900408385673294,-0.0989618227204654,0.2171620691269184,3.3888863789234485,2.5098129714787847
recurdyn,0.436,0.42882465147587273,1.2048636297840765,-4.44284909648822,-1.7572194136099033,-0.0988530028218698,0.2183022720208902,2.649899318270492,2.475857557896808
recurdyn,0.4365,0.4294273850513574,1.2052135554248649,-1.0143821777778488,-1.7121518560688764,-0.0987434515807366,0.2198338248037216,2.925370149865312,2.4421727702403575
recurdyn,0.437,0.43002910495443714,1.2024261337544306,-4.0546896198381575,-1.7900706595301747,-0.0986333744984666,0.2206800056769952,2.103364547653072,2.417308526477987
recurdyn,0.4375,0.4306306240889947,1.2028375005933198,-0.8030740880940384,-1.6900412082871168,-0.0985226487586626,0.2221001371418658,2.5946301357120127,2.4464413094492268
recurdyn,0.438,0.4312323204516285,1.2035699533434168,0.7089123040975371,-1.9061845066588579,-0.0984113694064501,0.2231123168335528,2.2144496341530626,2.3894272118909763
recurdyn,0.4385,0.4318343978642788,1.2045358753175894,1.5242000669293532,-2.0260542886300676,-0.098299506003982,0.224310855191991,2.3362010226355707,2.3307154185883583
recurdyn,0.439,0.4324369326187201,1.205526850673397,1.8293671633863184,-2.0830633966501377,-0.0981870918005312,0.2253792078842827,2.2032039306007825,2.2773849622312357
recurdyn,0.4395,0.4330388695067316,1.2032759095932235,-2.39146571910294,-2.130150680179396,-0.0980743251820259,0.2258856520649186,1.4096602177146842,2.2024306271043885
recurdyn,0.44,0.43364080020242224,1.2038551990604511,-0.0247692833969761,-1.9213251417324806,-0.0979610140309802,0.2271668346319799,2.17813016198652,2.1857977428056885
recurdyn,0.4405,0.43424185712738694,1.2012400792035085,-3.4950829037230235,-1.5891063162314465,-0.0978472882558105,0.2278661744632081,1.6584964956332977,2.189994427734881
recurdyn,0.441,0.4348427458545833,1.201609256624419,-0.6727910733601785,-1.649003657913249,-0.0977330145149394,0.2290954474437243,2.1918628058992446,2.1172257602476274
recurdyn,0.4415,0.43544269078884024,1.198946075574414,-3.7751717577924255,-1.6717696345947939,-0.0976183200073014,0.2298097820427206,1.6830670672949744,2.0652759298456154
recurdyn,0.442,0.4360412670886135,1.19578396506295,-5.474537934549955,-1.6910589684474526,-0.09750321985544799,0.2306059479223771,1.6225768619733678,2.0290249903495443
recurdyn,0.4425,0.43663944904734364,1.1959695764171905,-1.5773641725292835,-1.6868621646668156,-0.0973874770882087,0.232128149864504,2.570461543494062,1.9868784017812402
recurdyn,0.443,0.4372365741991867,1.1931934967990565,-4.227227548354404,-1.6920204086094799,-0.0972712855573877,0.232831825223492,1.795054326482198,1.9651166395030042
recurdyn,0.4435,0.43783343856723,1.193467952286779,-1.0431351991552686,-1.91226293281085,-0.0971545509701921,0.2340122307659799,2.1722254988106044,1.9297997109338714
recurdyn,0.444,0.4384293126975733,1.1907580229867532,-3.960950799753048,-2.0292442923313563,-0.0970374215250029,0.2346537483717958,1.579431974024896,1.9118416481355087
recurdyn,0.4445,0.4390249444620086,1.1910211629625636,-0.9694636321701298,-2.3051667911307043,-0.0969198543224138,0.2355721625783597,1.7510296000936982,1.8721854149198058
recurdyn,0.445,0.4396207339768221,1.1917367800051806,0.6310015127654838,-2.235634666181622,-0.0968016979909396,0.2369017918333554,2.3565155400252493,1.9036124886667476
recurdyn,0.4455,0.4402168744282182,1.192631839374807,1.4037463304240685,-2.2055079037115624,-0.0966828903180226,0.2382666872767385,2.605365771185955,1.922999093112577
recurdyn,0.446,0.4408123150423173,1.1901813909014298,-2.799349187695091,-1.9756671511029078,-0.0965636174590152,0.2390109041052104,1.8607443616911252,1.9669713729511324
recurdyn,0.4465,0.4414065254227648,1.1871905272432528,-4.920934606800662,-2.0795301565283717,-0.0964439548617879,0.2397149326746585,1.5589528798282437,1.9426514905939025
recurdyn,0.447,0.4420003809386651,1.1873561672534405,-1.4194581886836843,-2.1331708498134376,-0.0963237512394554,0.2409482697700377,2.164100420447824,1.9180031258808878
recurdyn,0.4475,0.4425932448153802,1.1847361142452777,-3.9665567404447817,-1.9425965636035254,-0.096203243045576,0.2413209593057147,1.2182861877186824,1.923155491515138
recurdyn,0.448,0.4431858808427927,1.1850442055222214,-0.9113972108899846,-2.060245427758383,-0.0960822004434147,0.242619612604687,2.1376331278690515,1.8438567428531054
recurdyn,0.4485,0.4437775378250291,1.1823349192968453,-3.9161807041312384,-1.9080632652859915,-0.0959607896427198,0.2431897999233706,1.4727941342012727,1.8436551314446852
recurdyn,0.449,0.44436896170514484,1.1826146581106274,-0.9324084830012742,-2.044468394877293,-0.0958388890715989,0.2442909126677228,1.959081703869952,1.787552840473134
recurdyn,0.4495,0.4449593943339327,1.179874006247827,-3.9650053113999855,-1.9017543519794409,-0.0957166458947198,0.2448289595165584,1.3704230330710274,1.8009786798129528
recurdyn,0.45,0.4455495941399468,1.1801667892542982,-0.9312910951722176,-1.8295475497263334,-0.095593885310649,0.2460385753330909,2.069628766400456,1.8435819828733813
recurdyn,0.4505,0.446139945919143,1.1808555315744476,0.6078927284742734,-1.7953312655270364,-0.0954704784143644,0.2474601047830027,2.585248855348947,1.8902955112255642
recurdyn,0.451,0.4467306305915644,1.1817022380681224,1.3315729010587276,-2.0337401509273993,-0.0953464260394868,0.2487502283483474,2.581914372242956,1.8947405273191473
recurdyn,0.4515,0.44732060178543914,1.1792289092023869,-2.8539141872949205,-2.1826581839722246,-0.0952219533782901,0.2493656087125849,1.681145276397423,1.9224282605979506
recurdyn,0.452,0.44790934757273454,1.1762661680116264,-4.901626316778815,-2.038115107629087,-0.0950971893542412,0.2498194109497268,1.1654514083216585,1.9995816696819033
recurdyn,0.4525,0.4484977252405488,1.176387216147715,-1.4724779241417956,-2.1971258855656095,-0.0949719926360574,0.2508261305028658,1.7307765402926307,2.001514231165042
recurdyn,0.453,0.4490850909107833,1.1737193428889148,-4.047990319781296,-2.0731991695346945,-0.0948465696209181,0.2510723272339863,0.905187821591376,2.0777853756643014
recurdyn,0.4535,0.44967219873048364,1.1739577888665336,-1.0314021364341768,-1.9861814284745882,-0.094720698900657,0.2521891456437673,1.790820486905364,2.149232900267439
recurdyn,0.454,0.45025832963945384,1.1712849072102118,-3.9076429205726,-1.7268733236961527,-0.0945945796610489,0.2524869985633469,0.99407738840803,2.261110277572671
recurdyn,0.4545,0.4508442195594493,1.1715388510161824,-0.9639558988981518,-1.8268503470403512,-0.0944679950777908,0.2536345101663659,1.861374600161092,2.2848913987764843
recurdyn,0.455,0.45143024619924854,1.172189999402265,0.5468792151451218,-1.6631084687442217,-0.0943407490697915,0.2551534407395977,2.6456989643626976,2.3563027524985936
recurdyn,0.4555,0.452016610224918,1.1730654372091924,1.3495434809507252,-1.8016114988252356,-0.0942126686868834,0.2569951407250729,3.3374996354210893,2.334220303178949
recurdyn,0.456,0.45260207354052173,1.1700259211417168,-3.602840262983566,-2.027748482541971,-0.094083913626198,0.2581847991480811,2.698711109151205,2.275682383333567
recurdyn,0.4565,0.453186055199155,1.1664816602962351,-5.926627881636403,-2.2939247959286626,-0.0939545480188225,0.2593417614412027,2.4421867605459937,2.2099400398282176
recurdyn,0.457,0.4537695654752874,1.1665491697639483,-1.885530003594777,-2.2505126657632406,-0.0938243876178293,0.2611155956040099,3.1791744705912457,2.2329024630363534
recurdyn,0.4575,0.45435188608028854,1.1634515388708333,-4.75868452535067,-2.087644985681351,-0.0936936760457832,0.261974315145057,2.20468421159374,2.3067239179105945
recurdyn,0.458,0.4549338656613636,1.163618138224325,-1.3640957037955657,-2.0843315033293712,-0.0935622594786815,0.263538129258811,2.819980222203128,2.3723430885781185
recurdyn,0.4585,0.4555160742362766,1.164646143663803,0.9159753513722508,-1.8408271458045702,-0.0934299334037938,0.2655616575616614,3.638031144534942,2.513693512154334
recurdyn,0.459,0.4560986651335637,1.1655641169481217,1.529289496215906,-1.9481230779035326,-0.0932966517741416,0.2675188140687362,3.822219057611139,2.5598822553704497
recurdyn,0.4595,0.4566804980493574,1.1629078500941463,-3.0319259732294386,-1.9680559827836532,-0.0931627555231771,0.268407123241196,2.4584852491500406,2.6194202865471614
recurdyn,0.46,0.4572621993586843,1.1632710121870664,-0.5264258671812652,-2.1410990181439584,-0.0930281417568474,0.2699450480248346,2.8700614612353164,2.63638020941205
recurdyn,0.4605,0.4578429407043295,1.1605227276087065,-3.839854726873508,-2.367197696443423,-0.09289312651618489,0.2704319556575418,1.6058973306879205,2.597697418092374
recurdyn,0.461,0.4584230596932735,1.1592027319056943,-4.140983929577176,-2.5304897460778304,-0.092757650677904,0.2712906646964872,1.3559525385959272,2.5284744865519846
recurdyn,0.4615,0.4590024945201811,1.1578051213948917,-4.258129680061785,-2.5658977324095806,-0.0926217831656861,0.2720353557254538,1.2013251586306204,2.458587285398959
recurdyn,0.462,0.45958081800853934,1.1561614118530672,-1.942259453821067,-2.355007112098901,-0.0924855962449816,0.2729146804499835,2.163356163768267,2.4300762987192432
recurdyn,0.4625,0.4601583206604132,1.1546349524890778,-1.481405035059124,-2.242086889305024,-0.0923488926520446,0.2740861113642609,2.7157019606807307,2.360256515236335
recurdyn,0.463,0.46073505705738405,1.153122070242629,-1.4028947947502362,-2.146338667586165,-0.0922115622265033,0.2754380458636606,3.108779124310626,2.309303499660019
recurdyn,0.4635,0.4613118024777656,1.153757241060335,1.0656011882395262,-2.265130940583742,-0.0920733415008924,0.2774098379009865,3.8735467166919015,2.255985913113656
recurdyn,0.464,0.46188860116656405,1.1527762234190293,-3.28461671051238,-2.429308644840682,-0.0919342085631087,0.278956071590841,2.7607840944438,2.1376379085584447
recurdyn,0.4645,0.46246483749719725,1.1513911027857104,-4.326233923055134,-2.580143523150738,-0.0917943632190126,0.2802517822030067,2.244376043118976,2.0180445653049257
recurdyn,0.465,0.4630403665829683,1.1499087066317948,-4.597859641464566,-2.485005863345493,-0.0916538505563832,0.2815797085038218,2.217532980323753,1.9659400939286527
recurdyn,0.4655,0.4636150690914519,1.148354718709912,-4.201193029143624,-2.538141676503982,-0.09151277930256654,0.2826008477201495,1.8333603466495028,1.8798104232409278
recurdyn,0.466,0.4641886471087556,1.1466361372170328,-2.079589561371841,-2.408745667345094,-0.09137132214724725,0.2833852651568503,1.8838180730729055,1.8584071567218639
recurdyn,0.4665,0.4647611385240653,1.1438962286254135,-4.34640797595032,-2.3949065186237473,-0.0912295572219568,0.2838376205522852,1.231079884937671,1.8837926933682323
recurdyn,0.467,0.4653332554581613,1.1438593869780664,-1.4979248551121271,-2.424990852358323,-0.0910873314326562,0.2849124426112547,1.8434560402719544,1.8795523366922366
recurdyn,0.4675,0.4659052962154966,1.1442029633394415,0.485794675076642,-2.3616644957781583,-0.0909446640396563,0.2857630257541412,1.7129590174501814,1.880885342892548
recurdyn,0.468,0.46647733697910443,1.1433945342483978,-2.7479718692546298,-2.4118084482658624,-0.0908015418798039,0.2865279874260218,1.1346708844911009,1.8085570389083039
recurdyn,0.4685,0.4670488807259543,1.1421228103406214,-3.858733436744688,-2.449975176130757,-0.0906579497118937,0.2876094135464461,1.7003109047295109,1.7160745208709471
recurdyn,0.469,0.4676194864167325,1.1405784424468792,-2.531756438023481,-2.582125456014018,-0.09051406540985239,0.2880567848449158,1.1527230488754956,1.561690985811331
recurdyn,0.4695,0.46818922670064356,1.1390710070851855,-1.638242948295277,-2.5380904316602177,-0.0903699557497861,0.2885470098450273,1.3107588492872502,1.4603678733421122
recurdyn,0.47,0.4687586432518561,1.1385745936457847,-1.034035117319286,-2.4246215196138,-0.090225464518976,0.2893235344577829,1.3642913502482994,1.3911614621463417
recurdyn,0.4705,0.4693278077284157,1.137918383633357,-1.6422779435095425,-2.294064693288795,-0.090080632032201,0.2899303081441853,1.0613383767930935,1.3372633043675555
recurdyn,0.471,0.4698967910425753,1.1376859936854786,-1.122538534536864,-2.0871664208554797,-0.089935480166813,0.2905928379594065,1.1564287337875785,1.3343652737983056
recurdyn,0.4715,0.470465004561928,1.1354644482540293,-3.850361806428895,-2.0576828248874914,-0.0897899303057907,0.291571984246686,1.8890488081696653,1.308783150369209
recurdyn,0.472,0.4710323046546288,1.1333777102294964,-4.889900688487864,-2.0826337689998398,-0.0896439632193386,0.29221224232129,1.1122776684347109,1.2710118503005314
recurdyn,0.4725,0.4715989794485148,1.1331964862805717,-0.6124059656376186,-2.2103218178396196,-0.0894975808191845,0.2933126376315381,2.1913492939748043,1.2068155769143838
recurdyn,0.473,0.4721654340175863,1.1322755311336985,-2.534428037300901,-2.373871519913834,-0.0893507264832091,0.294007873845086,1.196807577011603,1.1554280521832507
recurdyn,0.4735,0.47273129553948445,1.1311719447763395,-2.204396079913021,-2.2877284036489027,-0.0892035839283598,0.2945767712598826,1.1666462455261415,1.1585091934166238
recurdyn,0.474,0.4732966405565603,1.1302626454794678,-1.7095546893089582,-2.095926014661258,-0.0890562586310683,0.2948084677033485,0.631492480439956,1.1430725176613414
recurdyn,0.4745,0.4738615849755328,1.1292988676454092,-2.359881199082573,-2.133477439118385,-0.0889087758702425,0.2951237713346055,0.6329987325902096,1.1050394601195874
recurdyn,0.475,0.47442591482791974,1.1281738580813006,-1.943386770080374,-2.29158944559238,-0.0887611217823994,0.2955059360382741,0.7910414080077945,1.0318982668171408
recurdyn,0.4755,0.4749897012278189,1.1271087582261905,-1.85616628863945,-2.329887148793444,-0.0886132525696387,0.2960098434382663,1.0856716669692457,0.9900078283534273
recurdyn,0.476,0.4755533249927767,1.1272834475885956,0.1436706919559887,-2.4606735249243847,-0.0884649996745774,0.2969489155487379,1.7725017046952534,0.9389218101967716
recurdyn,0.4765,0.47611647048779615,1.1259258815274822,-1.4604340460440808,-2.4788781409585,-0.0883164352929373,0.2974654116503005,1.3465934810618734,0.9333094863258854
recurdyn,0.477,0.47667876856767555,1.1233785653084192,-4.870377802309631,-2.501498436511161,-0.0881676625255225,0.2976550054755985,0.4378825834954476,0.869683005281271
recurdyn,0.4775,0.4772402124085935,1.1218428383656127,-4.179373880747508,-2.341118315838566,-0.0880187048299708,0.2980392246781256,0.4953342991628506,0.891619806253687
recurdyn,0.478,0.47780100633486633,1.1208506652787502,-2.9487490684818605,-2.318210333659161,-0.08786953309570569,0.29850192377986,0.6338209980963843,0.8821593177295328
recurdyn,0.4785,0.4783615655195324,1.1208836277251015,-0.93896642769107,-2.1700455444203635,-0.0877200615177279,0.29924299966813,1.199374850391937,0.9256615903079919
recurdyn,0.479,0.4789221669833814,1.121245206881021,0.1691167319958513,-2.0245377592314884,-0.0875702459045717,0.2999752614909332,1.3761407138685833,0.9673082805008028
recurdyn,0.4795,0.4794819383631425,1.118712675434305,-3.3203363516231468,-2.0872957697077092,-0.0874203417842053,0.2998967479428402,0.3540288404986604,0.9733269760708425
recurdyn,0.48,0.48004047009413253,1.1158238132090248,-4.958595084249181,-2.0213893881088376,-0.0872704939653915,0.2996393360751676,-0.2252062100641296,0.9984066176034897
recurdyn,0.4805,0.48059854225340143,1.1156847468166808,-1.8382868845416291,-2.1136847767708584,-0.087120524998542,0.3000590817345664,0.4845921425103174,0.97231551783169
recurdyn,0.481,0.4811555172147097,1.1128527246561215,-4.388791842259298,-2.1014516188811045,-0.0869705588986937,0.2999293326955662,-0.0114680044966775,0.9558353431703756
recurdyn,0.4815,0.48171211596715025,1.1128212960132455,-1.504835471253278,-2.303753194657737,-0.0868203331563622,0.3007111271460644,1.0385699324989697,0.8789213998994669
recurdyn,0.482,0.4822676333725875,1.1099534638712836,-4.32538801303478,-2.4997360499327197,-0.08666996919085419,0.3008661541926143,0.5528927062327593,0.8135280432700491
recurdyn,0.4825,0.4828227702984862,1.1098933722587694,-1.5219181543633704,-2.2941404048978584,-0.0865192119877239,0.3019076438826975,1.5729504888554473,0.9856304503424063
recurdyn,0.483,0.48337787438979996,1.1101753480424583,-0.131338339870104,-2.307732888597462,-0.0863679566148349,0.3030089155367094,1.9926790349675687,1.1536021453349075
recurdyn,0.4835,0.4839331227392478,1.1106409570299605,0.5770325367138449,-2.296910002045895,-0.08621617365312059,0.3040935122538368,2.1103553011592435,1.2845169462873143
recurdyn,0.484,0.48448858390554805,1.1111351494525716,0.8512674090533574,-2.3456948504471633,-0.0860638803847215,0.3050968434832283,2.041226739575169,1.3298856958983305
recurdyn,0.4845,0.4850432882036208,1.108651727918327,-3.0274729093096,-2.360629491733374,-0.0859113976450505,0.3051549506138926,0.7578850874107896,1.364000955116747
recurdyn,0.485,0.48559774853989734,1.108676710756526,-0.9758471855062671,-2.342948860070427,-0.0857586249875783,0.3058352327456223,1.1596712047758029,1.3729660931534409
recurdyn,0.4855,0.4861512384786907,1.1060094801039142,-3.881589931982812,-2.2822540765115185,-0.0856057915480278,0.3057276611790281,0.2431283128000032,1.3841392764847134
recurdyn,0.486,0.4867043285999909,1.105780425107194,-1.5992699729546205,-2.2943218695140746,-0.0854527732114776,0.3062215701001392,0.7395879990816372,1.3830523932499688
recurdyn,0.4865,0.4872563925556913,1.1031017458009174,-4.1046623993532965,-2.1732423753075363,-0.0852997155477035,0.3061546547723733,0.1573088960061763,1.405747972895903
recurdyn,0.487,0.48780706249289,1.0999458558956428,-5.576074006818715,-2.098734371004445,-0.0851466645506813,0.3060953272922554,-0.0266670081558988,1.4016015294345627
recurdyn,0.4875,0.4883570655363189,1.0998678695435806,-0.552869256577539,-2.050053748133829,-0.0849932083746677,0.3079253603102483,4.052033132014948,1.3878992690806424
recurdyn,0.488,0.4889067896844637,1.0983320922800444,-4.464816038439192,-2.1933579302236987,-0.0848386032816937,0.3102158709214984,4.022739894005371,1.3566047636879575
recurdyn,0.4885,0.4894552498877488,1.0962400394572749,-2.7214684508989526,-2.311944354587755,-0.084683157800634,0.3117367200740121,3.3830318180969297,1.3667418155518758
recurdyn,0.489,0.4900028797468811,1.0947688562036535,-1.9634482441177017,-2.4427498494774578,-0.0845271126227141,0.3126283854876638,2.152118592223278,1.3936886322298379
recurdyn,0.4895,0.4905502871682862,1.0947787151266235,-0.1445107350145731,-2.471975932976194,-0.084370527193073,0.313693999571604,2.0925611574553287,1.3877706899002704
recurdyn,0.49,0.49109755647715625,1.0938013569682303,-2.9490430867012707,-2.502771196444035,-0.0842135406589353,0.3141086424602929,0.542296739269231,1.4089032309130676
recurdyn,0.4905,0.49164427059420035,1.0925072329306214,-3.684004629512086,-2.6835278354896226,-0.0840564034195462,0.3142768364381761,0.0094306398925976,1.417954162084455
recurdyn,0.491,0.4921899767724314,1.0908894288279636,-2.091710537595308,-2.6414520750556383,-0.0838992977583735,0.3143267642440055,0.4617675945806763,1.5308052751369243
recurdyn,0.4915,0.4927349067973944,1.089398519310091,-1.8461224639219929,-2.6741284583197555,-0.0837421302189456,0.3144513636476936,0.4651391680679442,1.6177466560020075
recurdyn,0.492,0.4932796567062422,1.0895147758504098,0.0598326191116322,-2.465975345481843,-0.0835847783233547,0.314941664836809,0.9514946198108216,1.7634827080161537
recurdyn,0.4925,0.4938242829705342,1.0884267548508586,-3.303094932751838,-2.371232086053904,-0.08342720802866929,0.3152068756805348,0.265145238800434,1.841262019897128
recurdyn,0.493,0.49436828593616683,1.086873104770967,-4.531305978250632,-2.598440085323015,-0.08326937998196,0.3158850348875919,0.915765875609063,1.7163706484911998
recurdyn,0.4935,0.4949110516955917,1.0848761055368903,-2.6216532515152897,-2.7185998705770906,-0.0831112663502984,0.3167786526041625,2.2055571241098555,1.5805638434361942
recurdyn,0.494,0.4954528236777983,1.0830014936990344,-2.169882855969916,-2.733992015880087,-0.0829526542599905,0.3178932402286586,2.6762384513964417,1.4875221423368306
recurdyn,0.4945,0.4959944021955911,1.0832164154995452,0.2375196555798897,-2.69063445646294,-0.0827935100146581,0.3187677281524034,1.9169499506542564,1.4817180762363678
recurdyn,0.495,0.49653584659509364,1.0819702556446131,-3.6741734421342502,-2.686265686028596,-0.0826338961094028,0.3195282276227991,1.2016684486795288,1.4899138729531185
recurdyn,0.4955,0.497076604961062,1.0803237977853215,-4.771736605463611,-2.673126815994962,-0.0824738501451712,0.3204293636529389,1.3497407593749404,1.5372947296373127
recurdyn,0.496,0.49761599213592833,1.0780248499920233,-2.997998962869139,-2.619922720546693,-0.0823133480041557,0.32165753245285,2.613001686901858,1.6177086290975609
recurdyn,0.4965,0.49815433671567355,1.076117790984843,-2.2854740215010807,-2.6492678418217697,-0.0821523170420496,0.3227032634614107,2.565356997248383,1.68192757545961
recurdyn,0.497,0.4986924819195152,1.0763570459259653,0.2665529702428588,-2.6965116875805797,-0.0819905480614001,0.3243424027960366,3.217765988303245,1.753503364129708
recurdyn,0.4975,0.4992304998246161,1.075139193812046,-3.586465558831992,-2.8687832067488435,-0.0818280634348335,0.3253709277685052,1.6066985413445671,1.8036289106496384
recurdyn,0.498,0.4997677805596069,1.0732304106713932,-5.3242372412288645,-2.839829091681977,-0.0816652341421104,0.3260159140293868,1.429314332490451,1.9061944887729187
recurdyn,0.4985,0.5003033142517155,1.0693203413351204,-6.988171528774783,-2.71900931406993,-0.0815021121501403,0.3265366831871523,1.170796987850256,1.9769393897131942
recurdyn,0.499,0.5008380867679487,1.0687838565906178,-3.044703502261874,-2.7264982419587485,-0.0813386328691465,0.3273158510114474,1.429156095010292,1.95935341014422
recurdyn,0.4995,0.5013725960493077,1.0687553278439144,-1.0529394963576246,-2.7728828574578177,-0.0811746460298516,0.3284812368907799,2.030233204113557,1.8996129900398682
recurdyn,0.5,0.5019070921390278,1.0689789878010836,-0.052766555893343,-3.046555813188519,-0.0810100930223346,0.3296721832561318,2.264672888507093,1.8980369027112873
