<?xml version="1.0"?>
<VTKFile type="PolyData" version="0.1" byte_order="LittleEndian">
  <PolyData>
    <Piece NumberOfPoints="1682" NumberOfVerts="0" NumberOfLines="787" NumberOfStrips="0" NumberOfPolys="36">
      <FieldData>
        <DataArray type="Int32" Name="step" NumberOfTuples="1" format="ascii">6184</DataArray>
        <DataArray type="Float64" Name="time" NumberOfTuples="1" format="ascii">1.2368000000000001</DataArray>
        <DataArray type="Int32" Name="candidate_pairs" NumberOfTuples="1" format="ascii">206</DataArray>
        <DataArray type="Int32" Name="contacts" NumberOfTuples="1" format="ascii">148</DataArray>
      </FieldData>
      <CellData Scalars="part_id">
        <DataArray type="Int32" Name="part_id" format="ascii">5 5 5 5 5 5 5 5 5 5 5 5 5 5 5 5 5 5 5 5 5 5 5 5 5 5 5 5 5 5 5 5 5 5 5 5 5 5 5 5 5 5 5 5 5 5 5 5 5 5 5 5 5 5 5 5 5 5 5 5 5 5 5 5 5 5 5 5 5 5 5 5 5 5 5 5 5 5 5 5 5 5 5 5 5 5 5 5 5 5 5 5 5 5 5 5 5 5 5 5 5 5 5 5 5 5 5 5 5 5 5 5 5 5 5 5 5 5 5 5 5 5 5 5 5 5 5 5 5 5 5 5 5 5 5 5 5 5 5 5 5 5 5 5 5 5 5 5 5 5 5 5 5 5 5 5 5 5 5 5 5 5 5 5 5 5 5 5 5 5 5 5 5 5 5 5 5 5 5 5 5 5 5 5 5 5 5 5 5 5 5 5 5 5 5 5 5 5 5 5 5 5 5 5 5 5 5 5 5 5 5 5 5 5 5 5 6 6 6 6 6 6 6 6 6 6 6 6 6 6 6 6 6 6 6 6 6 6 6 6 6 6 6 6 6 6 6 6 6 6 6 6 6 6 6 6 6 6 6 6 6 6 6 6 6 6 6 6 6 6 6 6 6 6 6 6 6 6 6 6 6 6 6 6 6 6 6 6 6 6 6 6 6 6 6 6 6 6 6 6 6 6 6 6 6 6 6 6 6 6 6 6 6 6 6 6 6 6 6 6 6 6 6 6 6 6 6 6 6 6 6 6 6 6 6 6 6 6 6 6 6 6 6 6 6 6 6 6 6 6 6 6 6 6 6 6 6 6 6 6 6 6 6 6 6 6 6 6 6 6 6 6 6 6 6 6 6 6 6 6 6 6 6 6 6 6 6 6 6 6 6 6 6 6 6 6 6 6 6 6 6 6 6 6 6 6 6 6 6 6 6 6 6 6 6 6 6 6 6 6 6 6 6 6 6 6 6 6 6 6 6 6 7 8 7 8 7 8 7 8 7 7 8 7 7 8 7 8 7 7 7 8 7 8 7 7 8 7 8 7 8 7 8 7 8 7 7 7 8 7 7 8 7 8 7 8 7 8 7 7 8 7 7 8 7 8 7 8 7 8 7 8 7 8 7 7 8 7 8 7 7 8 7 8 7 8 7 8 7 7 8 7 7 8 7 8 7 7 8 7 7 7 8 7 8 7 8 7 8 7 8 7 7 8 7 8 7 7 8 7 8 7 7 8 7 8 7 8 7 8 7 8 7 7 8 7 7 8 7 8 7 7 8 7 7 8 7 8 7 7 8 7 8 7 8 7 8 7 8 7 8 7 8 7 8 7 8 7 7 8 7 8 7 7 8 7 8 7 8 7 8 7 7 8 7 7 8 7 8 7 8 7 8 7 7 8 7 7 8 7 8 7 8 7 8 7 7 8 7 8 7 7 8 7 8 7 8 7 8 7 8 7 8 7 8 7 8 7 8 7 7 8 7 8 7 7 8 7 7 8 7 8 7 7 8 7 7 8 7 8 7 8 7 8 7 8 7 7 8 7 8 7 7 7 7 8 7 8 7 7 8 7 8 7 8 7 8 7 8 7 7 7 7 7 8 7 7 8 7 8 7 7 8 7 8 7 8 7 8 7 8 7 7 8 7 8 7 7 8 7 8 7 8 7 8 7 8 7 8 7 7 8 7 7 8 7 8 7 8 7 8 7 7 8 7 7 8 7 8 7 8 7 8 7 8 7 7 8 7 8 7 8 7 8 7 7 8 7 7 8 7 8 7 8 7 8 9 3 3 3 3 3 3 3 3 3 3 3 3 3 3 3 3 3 3 4 4 4 4 4 4 4 4 4 4 4 4 4 4 4 4 4 4</DataArray>
        <DataArray type="Int32" Name="candidate_pair" format="ascii">-1 -1 -1 -1 -1 -1 -1 -1 -1 -1 -1 -1 -1 -1 -1 -1 -1 -1 -1 -1 -1 -1 -1 -1 -1 -1 -1 -1 -1 -1 -1 -1 -1 -1 -1 -1 -1 -1 -1 -1 -1 -1 -1 -1 -1 -1 -1 -1 -1 -1 -1 -1 -1 -1 -1 -1 -1 -1 -1 -1 -1 -1 -1 -1 -1 -1 -1 -1 -1 -1 -1 -1 -1 -1 -1 -1 -1 -1 -1 -1 -1 -1 -1 -1 -1 -1 -1 -1 -1 -1 -1 -1 -1 -1 -1 -1 -1 -1 -1 -1 -1 -1 -1 -1 -1 -1 -1 -1 -1 -1 -1 -1 -1 -1 -1 -1 -1 -1 -1 -1 -1 -1 -1 -1 -1 -1 -1 -1 -1 -1 -1 -1 -1 -1 -1 -1 -1 -1 -1 -1 -1 -1 -1 -1 -1 -1 -1 -1 -1 -1 -1 -1 -1 -1 -1 -1 -1 -1 -1 -1 -1 -1 -1 -1 -1 -1 -1 -1 -1 -1 -1 -1 -1 -1 -1 -1 -1 -1 -1 -1 -1 -1 -1 -1 -1 -1 -1 -1 -1 -1 -1 -1 -1 -1 -1 -1 -1 -1 -1 -1 -1 -1 -1 -1 -1 -1 -1 -1 -1 -1 -1 -1 -1 -1 -1 -1 -1 -1 -1 -1 -1 -1 -1 -1 -1 -1 -1 -1 -1 -1 -1 -1 -1 -1 -1 -1 -1 -1 -1 -1 -1 -1 -1 -1 -1 -1 -1 -1 -1 -1 -1 -1 -1 -1 -1 -1 -1 -1 -1 -1 -1 -1 -1 -1 -1 -1 -1 -1 -1 -1 -1 -1 -1 -1 -1 -1 -1 -1 -1 -1 -1 -1 -1 -1 -1 -1 -1 -1 -1 -1 -1 -1 -1 -1 -1 -1 -1 -1 -1 -1 -1 -1 -1 -1 -1 -1 -1 -1 -1 -1 -1 -1 -1 -1 -1 -1 -1 -1 -1 -1 -1 -1 -1 -1 -1 -1 -1 -1 -1 -1 -1 -1 -1 -1 -1 -1 -1 -1 -1 -1 -1 -1 -1 -1 -1 -1 -1 -1 -1 -1 -1 -1 -1 -1 -1 -1 -1 -1 -1 -1 -1 -1 -1 -1 -1 -1 -1 -1 -1 -1 -1 -1 -1 -1 -1 -1 -1 -1 -1 -1 -1 -1 -1 -1 -1 -1 -1 -1 -1 -1 -1 -1 -1 -1 -1 -1 -1 -1 -1 -1 -1 -1 -1 -1 -1 -1 -1 -1 -1 -1 -1 -1 -1 -1 -1 -1 -1 -1 -1 -1 -1 -1 -1 -1 -1 -1 -1 -1 -1 -1 -1 -1 0 0 1 1 2 2 3 3 4 5 5 6 7 7 8 8 9 10 11 11 12 12 13 14 14 15 15 16 16 17 17 18 18 19 20 21 21 22 23 23 24 24 25 25 26 26 27 28 28 29 30 30 31 31 32 32 33 33 34 34 35 35 36 37 37 38 38 39 40 40 41 41 42 42 43 43 44 45 45 46 47 47 48 48 49 50 50 51 52 53 53 54 54 55 55 56 56 57 57 58 59 59 60 60 61 62 62 63 63 64 65 65 66 66 67 67 68 68 69 69 70 71 71 72 73 73 74 74 75 76 76 77 78 78 79 79 80 81 81 82 82 83 83 84 84 85 85 86 86 87 87 88 88 89 89 90 91 91 92 92 93 94 94 95 95 96 96 97 97 98 99 99 100 101 101 102 102 103 103 104 104 105 106 106 107 108 108 109 109 110 110 111 111 112 113 113 114 114 115 116 116 117 117 118 118 119 119 120 120 121 121 122 122 123 123 124 124 125 126 126 127 127 128 129 129 130 131 131 132 132 133 134 134 135 136 136 137 137 138 138 139 139 140 140 141 142 142 143 143 144 145 146 147 147 148 148 149 150 150 151 151 152 152 153 153 154 154 155 156 157 158 159 159 160 161 161 162 162 163 164 164 165 165 166 166 167 167 168 168 169 170 170 171 171 172 173 173 174 174 175 175 176 176 177 177 178 178 179 180 180 181 182 182 183 183 184 184 185 185 186 187 187 188 189 189 190 190 191 191 192 192 193 193 194 195 195 196 196 197 197 198 198 199 200 200 201 202 202 203 203 204 204 205 205 0 -1 -1 -1 -1 -1 -1 -1 -1 -1 -1 -1 -1 -1 -1 -1 -1 -1 -1 -1 -1 -1 -1 -1 -1 -1 -1 -1 -1 -1 -1 -1 -1 -1 -1 -1 -1</DataArray>
      </CellData>
      <Points>
        <DataArray type="Float64" NumberOfComponents="3" format="ascii">0.26009968869459882 0.1156800569755058 -0.30881430724484987 0.26510206391940683 0.16544670902121167 -0.28062124327948035 0.30769116976538435 0.1415674667090599 -0.24836424142373764 0.26009968869459882 0.1156800569755058 -0.30881430724484987 0.30769116976538435 0.1415674667090599 -0.24836424142373764 0.30165742382962968 0.091249532721102172 -0.27762622611463006 0.26510206391940683 0.16544670902121167 -0.28062124327948035 0.26510206391940683 0.21298854083001939 -0.24648889869681742 0.30769116976538435 0.19006022931483929 -0.21354918234729942 0.26510206391940683 0.16544670902121167 -0.28062124327948035 0.30769116976538435 0.19006022931483929 -0.21354918234729942 0.30769116976538435 0.1415674667090599 -0.24836424142373764 0.26510206391940683 0.21298854083001939 -0.24648889869681742 0.26009968869459882 0.2556142634915417 -0.20834946661954645 0.30165742382962957 0.23387502814752537 -0.17522919236664131 0.26510206391940683 0.21298854083001939 -0.24648889869681742 0.30165742382962957 0.23387502814752537 -0.17522919236664131 0.30769116976538435 0.19006022931483929 -0.21354918234729942 0.30165742382962968 0.091249532721102172 -0.27762622611463006 0.30769116976538435 0.1415674667090599 -0.24836424142373764 0.34497770927492954 0.11437896253466885 -0.2104942589072562 0.30165742382962968 0.091249532721102172 -0.27762622611463006 0.34497770927492954 0.11437896253466885 -0.2104942589072562 0.33821278373985247 0.064594188229800453 -0.2404988643671169 0.30769116976538435 0.1415674667090599 -0.24836424142373764 0.30769116976538435 0.19006022931483929 -0.21354918234729942 0.34497770927492954 0.16287172514044826 -0.17567919983081795 0.30769116976538435 0.1415674667090599 -0.24836424142373764 0.34497770927492954 0.16287172514044826 -0.17567919983081795 0.34497770927492954 0.11437896253466885 -0.2104942589072562 0.30769116976538435 0.19006022931483929 -0.21354918234729942 0.30165742382962957 0.23387502814752537 -0.17522919236664131 0.33821278373985247 0.20721968365622373 -0.13810183061912817 0.30769116976538435 0.19006022931483929 -0.21354918234729942 0.33821278373985247 0.20721968365622373 -0.13810183061912817 0.34497770927492954 0.16287172514044826 -0.17567919983081795 0.33821278373985247 0.064594188229800453 -0.2404988643671169 0.34497770927492954 0.11437896253466885 -0.2104942589072562 0.37476814365007532 0.085480675547306442 -0.16923915803694081 0.33821278373985247 0.064594188229800453 -0.2404988643671169 0.37476814365007532 0.085480675547306442 -0.16923915803694081 0.36769641116664831 0.037222952171419001 -0.19953395963296913 0.34497770927492954 0.11437896253466885 -0.2104942589072562 0.34497770927492954 0.16287172514044826 -0.17567919983081795 0.37476814365007532 0.13302250735611421 -0.13510681345427789 0.34497770927492954 0.11437896253466885 -0.2104942589072562 0.37476814365007532 0.13302250735611421 -0.13510681345427789 0.37476814365007532 0.085480675547306442 -0.16923915803694081 0.34497770927492954 0.16287172514044826 -0.17567919983081795 0.33821278373985247 0.20721968365622373 -0.13810183061912817 0.36769641116664831 0.17715715868745488 -0.099069119007665712 0.34497770927492954 0.16287172514044826 -0.17567919983081795 0.36769641116664831 0.17715715868745488 -0.099069119007665712 0.37476814365007532 0.13302250735611421 -0.13510681345427789 0.25886638035584891 0.11522562736028355 -0.30501912501349382 0.26445036325148452 0.1646192519753735 -0.278840179154555 0.30772834908981078 0.14158998406084031 -0.24826019516387163 0.25886638035584891 0.11522562736028355 -0.30501912501349382 0.30772834908981078 0.14158998406084031 -0.24826019516387163 0.30054781416879434 0.091351503106973514 -0.27588267893105295 0.26445036325148452 0.1646192519753735 -0.278840179154555 0.26445036325148452 0.21156555326886756 -0.24513539177751098 0.30772834908981078 0.18995444531183198 -0.21353724919888536 0.26445036325148452 0.1646192519753735 -0.278840179154555 0.30772834908981078 0.18995444531183198 -0.21353724919888536 0.30772834908981078 0.14158998406084031 -0.24826019516387163 0.26445036325148452 0.21156555326886756 -0.24513539177751098 0.25886638035584891 0.2521636184621196 -0.2067053974831303 0.30054781416879434 0.23219040698745574 -0.17476831679992089 0.26445036325148452 0.21156555326886756 -0.24513539177751098 0.30054781416879434 0.23219040698745574 -0.17476831679992089 0.30772834908981078 0.18995444531183198 -0.21353724919888536 0.30054781416879434 0.091351503106973514 -0.27588267893105295 0.30772834908981078 0.14158998406084031 -0.24826019516387163 0.34491623648556918 0.11447341478421094 -0.21049040842510139 0.30054781416879434 0.091351503106973514 -0.27588267893105295 0.34491623648556918 0.11447341478421094 -0.21049040842510139 0.33664526508610421 0.065030055532067588 -0.23922039133050688 0.30772834908981078 0.14158998406084031 -0.24826019516387163 0.30772834908981078 0.18995444531183198 -0.21353724919888536 0.34491623648556918 0.16283787603520264 -0.17576746246011515 0.30772834908981078 0.14158998406084031 -0.24826019516387163 0.34491623648556918 0.16283787603520264 -0.17576746246011515 0.34491623648556918 0.11447341478421094 -0.21049040842510139 0.30772834908981078 0.18995444531183198 -0.21353724919888536 0.30054781416879434 0.23219040698745574 -0.17476831679992089 0.3366452650861041 0.20586895941254979 -0.13810602919937479 0.30772834908981078 0.18995444531183198 -0.21353724919888536 0.3366452650861041 0.20586895941254979 -0.13810602919937479 0.34491623648556918 0.16283787603520264 -0.17576746246011515 0.33664526508610421 0.065030055532067588 -0.23922039133050688 0.34491623648556918 0.11447341478421094 -0.21049040842510139 0.37274271600341397 0.085654909250655692 -0.16885331635291673 0.33664526508610421 0.065030055532067588 -0.23922039133050688 0.37274271600341397 0.085654909250655692 -0.16885331635291673 0.36415928472355813 0.038448414789984182 -0.19807864461589791 0.34491623648556918 0.11447341478421094 -0.21049040842510139 0.34491623648556918 0.16283787603520264 -0.17576746246011515 0.37274271600341397 0.13260121054414975 -0.13514852897587273 0.34491623648556918 0.11447341478421094 -0.21049040842510139 0.37274271600341397 0.13260121054414975 -0.13514852897587273 0.37274271600341397 0.085654909250655692 -0.16885331635291673 0.34491623648556918 0.16283787603520264 -0.17576746246011515 0.3366452650861041 0.20586895941254979 -0.13810602919937479 0.36415928472355813 0.17538640589182025 -0.099764917085534366 0.34491623648556918 0.16283787603520264 -0.17576746246011515 0.36415928472355813 0.17538640589182025 -0.099764917085534366 0.37274271600341397 0.13260121054414975 -0.13514852897587273 0.2451534312452899 0.10073379952619689 -0.32376056469415881 0.3226374272146933 0.10073379952619689 -0.32376056469415881 0.3226374272146933 0.10073379952619689 -0.32376056469415881 0.3226374272146933 0.18039296647052058 -0.32376056469415881 0.3226374272146933 0.18039296647052058 -0.32376056469415881 0.2451534312452899 0.18039296647052058 -0.32376056469415881 0.2451534312452899 0.18039296647052058 -0.32376056469415881 0.2451534312452899 0.10073379952619689 -0.32376056469415881 0.2451534312452899 0.10073379952619689 -0.23341798397442873 0.3226374272146933 0.10073379952619689 -0.23341798397442873 0.3226374272146933 0.10073379952619689 -0.23341798397442873 0.3226374272146933 0.18039296647052058 -0.23341798397442873 0.3226374272146933 0.18039296647052058 -0.23341798397442873 0.2451534312452899 0.18039296647052058 -0.23341798397442873 0.2451534312452899 0.18039296647052058 -0.23341798397442873 0.2451534312452899 0.10073379952619689 -0.23341798397442873 0.2451534312452899 0.10073379952619689 -0.32376056469415881 0.2451534312452899 0.10073379952619689 -0.23341798397442873 0.3226374272146933 0.10073379952619689 -0.32376056469415881 0.3226374272146933 0.10073379952619689 -0.23341798397442873 0.3226374272146933 0.18039296647052058 -0.32376056469415881 0.3226374272146933 0.18039296647052058 -0.23341798397442873 0.2451534312452899 0.18039296647052058 -0.32376056469415881 0.2451534312452899 0.18039296647052058 -0.23341798397442873 0.2451534312452899 0.076303275271793258 -0.32376056469415881 0.3226374272146933 0.076303275271793258 -0.32376056469415881 0.3226374272146933 0.076303275271793258 -0.32376056469415881 0.3226374272146933 0.15651372415836881 -0.32376056469415881 0.3226374272146933 0.15651372415836881 -0.32376056469415881 0.2451534312452899 0.15651372415836881 -0.32376056469415881 0.2451534312452899 0.15651372415836881 -0.32376056469415881 0.2451534312452899 0.076303275271793258 -0.32376056469415881 0.2451534312452899 0.076303275271793258 -0.23341798397442873 0.3226374272146933 0.076303275271793258 -0.23341798397442873 0.3226374272146933 0.076303275271793258 -0.23341798397442873 0.3226374272146933 0.15651372415836881 -0.23341798397442873 0.3226374272146933 0.15651372415836881 -0.23341798397442873 0.2451534312452899 0.15651372415836881 -0.23341798397442873 0.2451534312452899 0.15651372415836881 -0.23341798397442873 0.2451534312452899 0.076303275271793258 -0.23341798397442873 0.2451534312452899 0.076303275271793258 -0.32376056469415881 0.2451534312452899 0.076303275271793258 -0.23341798397442873 0.3226374272146933 0.076303275271793258 -0.32376056469415881 0.3226374272146933 0.076303275271793258 -0.23341798397442873 0.3226374272146933 0.15651372415836881 -0.32376056469415881 0.3226374272146933 0.15651372415836881 -0.23341798397442873 0.2451534312452899 0.15651372415836881 -0.32376056469415881 0.2451534312452899 0.15651372415836881 -0.23341798397442873 0.25000845928065674 0.15035310438246158 -0.29571484791823044 0.32278477440413444 0.15035310438246158 -0.29571484791823044 0.32278477440413444 0.15035310438246158 -0.29571484791823044 0.32278477440413444 0.22808214546876948 -0.29571484791823044 0.32278477440413444 0.22808214546876948 -0.29571484791823044 0.25000845928065674 0.22808214546876948 -0.29571484791823044 0.25000845928065674 0.22808214546876948 -0.29571484791823044 0.25000845928065674 0.15035310438246158 -0.29571484791823044 0.25000845928065674 0.15035310438246158 -0.19845557770854932 0.32278477440413444 0.15035310438246158 -0.19845557770854932 0.32278477440413444 0.15035310438246158 -0.19845557770854932 0.32278477440413444 0.22808214546876948 -0.19845557770854932 0.32278477440413444 0.22808214546876948 -0.19845557770854932 0.25000845928065674 0.22808214546876948 -0.19845557770854932 0.25000845928065674 0.22808214546876948 -0.19845557770854932 0.25000845928065674 0.15035310438246158 -0.19845557770854932 0.25000845928065674 0.15035310438246158 -0.29571484791823044 0.25000845928065674 0.15035310438246158 -0.19845557770854932 0.32278477440413444 0.15035310438246158 -0.29571484791823044 0.32278477440413444 0.15035310438246158 -0.19845557770854932 0.32278477440413444 0.22808214546876948 -0.29571484791823044 0.32278477440413444 0.22808214546876948 -0.19845557770854932 0.25000845928065674 0.22808214546876948 -0.29571484791823044 0.25000845928065674 0.22808214546876948 -0.19845557770854932 0.25000845928065674 0.12647386207030981 -0.29571484791823044 0.32278477440413444 0.12647386207030981 -0.29571484791823044 0.32278477440413444 0.12647386207030981 -0.29571484791823044 0.32278477440413444 0.20515383395358938 -0.29571484791823044 0.32278477440413444 0.20515383395358938 -0.29571484791823044 0.25000845928065674 0.20515383395358938 -0.29571484791823044 0.25000845928065674 0.20515383395358938 -0.29571484791823044 0.25000845928065674 0.12647386207030981 -0.29571484791823044 0.25000845928065674 0.12647386207030981 -0.19845557770854932 0.32278477440413444 0.12647386207030981 -0.19845557770854932 0.32278477440413444 0.12647386207030981 -0.19845557770854932 0.32278477440413444 0.20515383395358938 -0.19845557770854932 0.32278477440413444 0.20515383395358938 -0.19845557770854932 0.25000845928065674 0.20515383395358938 -0.19845557770854932 0.25000845928065674 0.20515383395358938 -0.19845557770854932 0.25000845928065674 0.12647386207030981 -0.19845557770854932 0.25000845928065674 0.12647386207030981 -0.29571484791823044 0.25000845928065674 0.12647386207030981 -0.19845557770854932 0.32278477440413444 0.12647386207030981 -0.29571484791823044 0.32278477440413444 0.12647386207030981 -0.19845557770854932 0.32278477440413444 0.20515383395358938 -0.29571484791823044 0.32278477440413444 0.20515383395358938 -0.19845557770854932 0.25000845928065674 0.20515383395358938 -0.29571484791823044 0.25000845928065674 0.20515383395358938 -0.19845557770854932 0.24503646589289471 0.19792531802831528 -0.26155212149852153 0.31672064663133365 0.19792531802831528 -0.26155212149852153 0.31672064663133365 0.19792531802831528 -0.26155212149852153 0.31672064663133365 0.27067748629324578 -0.26155212149852153 0.31672064663133365 0.27067748629324578 -0.26155212149852153 0.24503646589289471 0.27067748629324578 -0.26155212149852153 0.24503646589289471 0.27067748629324578 -0.26155212149852153 0.24503646589289471 0.19792531802831528 -0.26155212149852153 0.24503646589289471 0.19792531802831528 -0.1601659695649372 0.31672064663133365 0.19792531802831528 -0.1601659695649372 0.31672064663133365 0.19792531802831528 -0.1601659695649372 0.31672064663133365 0.27067748629324578 -0.1601659695649372 0.31672064663133365 0.27067748629324578 -0.1601659695649372 0.24503646589289471 0.27067748629324578 -0.1601659695649372 0.24503646589289471 0.27067748629324578 -0.1601659695649372 0.24503646589289471 0.19792531802831528 -0.1601659695649372 0.24503646589289471 0.19792531802831528 -0.26155212149852153 0.24503646589289471 0.19792531802831528 -0.1601659695649372 0.31672064663133365 0.19792531802831528 -0.26155212149852153 0.31672064663133365 0.19792531802831528 -0.1601659695649372 0.31672064663133365 0.27067748629324578 -0.26155212149852153 0.31672064663133365 0.27067748629324578 -0.1601659695649372 0.24503646589289471 0.27067748629324578 -0.26155212149852153 0.24503646589289471 0.27067748629324578 -0.1601659695649372 0.25003884111770275 0.17499700651313518 -0.26155212149852153 0.32275439256708843 0.17499700651313518 -0.26155212149852153 0.32275439256708843 0.17499700651313518 -0.26155212149852153 0.32275439256708843 0.24893825094922947 -0.26155212149852153 0.32275439256708843 0.24893825094922947 -0.26155212149852153 0.25003884111770275 0.24893825094922947 -0.26155212149852153 0.25003884111770275 0.24893825094922947 -0.26155212149852153 0.25003884111770275 0.17499700651313518 -0.26155212149852153 0.25003884111770275 0.17499700651313518 -0.1601659695649372 0.32275439256708843 0.17499700651313518 -0.1601659695649372 0.32275439256708843 0.17499700651313518 -0.1601659695649372 0.32275439256708843 0.24893825094922947 -0.1601659695649372 0.32275439256708843 0.24893825094922947 -0.1601659695649372 0.25003884111770275 0.24893825094922947 -0.1601659695649372 0.25003884111770275 0.24893825094922947 -0.1601659695649372 0.25003884111770275 0.17499700651313518 -0.1601659695649372 0.25003884111770275 0.17499700651313518 -0.26155212149852153 0.25003884111770275 0.17499700651313518 -0.1601659695649372 0.32275439256708843 0.17499700651313518 -0.26155212149852153 0.32275439256708843 0.17499700651313518 -0.1601659695649372 0.32275439256708843 0.24893825094922947 -0.26155212149852153 0.32275439256708843 0.24893825094922947 -0.1601659695649372 0.25003884111770275 0.24893825094922947 -0.26155212149852153 0.25003884111770275 0.24893825094922947 -0.1601659695649372 0.28656381919087959 0.076155928082352081 -0.29271983075338015 0.36007131391367964 0.076155928082352081 -0.29271983075338015 0.36007131391367964 0.076155928082352081 -0.29271983075338015 0.36007131391367964 0.15666107134780999 -0.29271983075338015 0.36007131391367964 0.15666107134780999 -0.29271983075338015 0.28656381919087959 0.15666107134780999 -0.29271983075338015 0.28656381919087959 0.15666107134780999 -0.29271983075338015 0.28656381919087959 0.076155928082352081 -0.29271983075338015 0.28656381919087959 0.076155928082352081 -0.19540065426850611 0.36007131391367964 0.076155928082352081 -0.19540065426850611 0.36007131391367964 0.076155928082352081 -0.19540065426850611 0.36007131391367964 0.15666107134780999 -0.19540065426850611 0.36007131391367964 0.15666107134780999 -0.19540065426850611 0.28656381919087959 0.15666107134780999 -0.19540065426850611 0.28656381919087959 0.15666107134780999 -0.19540065426850611 0.28656381919087959 0.076155928082352081 -0.19540065426850611 0.28656381919087959 0.076155928082352081 -0.29271983075338015 0.28656381919087959 0.076155928082352081 -0.19540065426850611 0.36007131391367964 0.076155928082352081 -0.29271983075338015 0.36007131391367964 0.076155928082352081 -0.19540065426850611 0.36007131391367964 0.15666107134780999 -0.29271983075338015 0.36007131391367964 0.15666107134780999 -0.19540065426850611 0.28656381919087959 0.15666107134780999 -0.29271983075338015 0.28656381919087959 0.15666107134780999 -0.19540065426850611 0.28656381919087959 0.049500583591050369 -0.29271983075338015 0.36007131391367964 0.049500583591050369 -0.29271983075338015 0.36007131391367964 0.049500583591050369 -0.29271983075338015 0.36007131391367964 0.12947256717341893 -0.29271983075338015 0.36007131391367964 0.12947256717341893 -0.29271983075338015 0.28656381919087959 0.12947256717341893 -0.29271983075338015 0.28656381919087959 0.12947256717341893 -0.29271983075338015 0.28656381919087959 0.049500583591050369 -0.29271983075338015 0.28656381919087959 0.049500583591050369 -0.19540065426850611 0.36007131391367964 0.049500583591050369 -0.19540065426850611 0.36007131391367964 0.049500583591050369 -0.19540065426850611 0.36007131391367964 0.12947256717341893 -0.19540065426850611 0.36007131391367964 0.12947256717341893 -0.19540065426850611 0.28656381919087959 0.12947256717341893 -0.19540065426850611 0.28656381919087959 0.12947256717341893 -0.19540065426850611 0.28656381919087959 0.049500583591050369 -0.19540065426850611 0.28656381919087959 0.049500583591050369 -0.29271983075338015 0.28656381919087959 0.049500583591050369 -0.19540065426850611 0.36007131391367964 0.049500583591050369 -0.29271983075338015 0.36007131391367964 0.049500583591050369 -0.19540065426850611 0.36007131391367964 0.12947256717341893 -0.29271983075338015 0.36007131391367964 0.12947256717341893 -0.19540065426850611 0.28656381919087959 0.12947256717341893 -0.29271983075338015 0.28656381919087959 0.12947256717341893 -0.19540065426850611 0.29250397049172827 0.12638026743540381 -0.26355144069739372 0.36016490854858563 0.12638026743540381 -0.26355144069739372 0.36016490854858563 0.12638026743540381 -0.26355144069739372 0.36016490854858563 0.20524742858849537 -0.26355144069739372 0.36016490854858563 0.20524742858849537 -0.26355144069739372 0.29250397049172827 0.20524742858849537 -0.26355144069739372 0.29250397049172827 0.20524742858849537 -0.26355144069739372 0.29250397049172827 0.12638026743540381 -0.26355144069739372 0.29250397049172827 0.12638026743540381 -0.16049200055716187 0.36016490854858563 0.12638026743540381 -0.16049200055716187 0.36016490854858563 0.12638026743540381 -0.16049200055716187 0.36016490854858563 0.20524742858849537 -0.16049200055716187 0.36016490854858563 0.20524742858849537 -0.16049200055716187 0.29250397049172827 0.20524742858849537 -0.16049200055716187 0.29250397049172827 0.20524742858849537 -0.16049200055716187 0.29250397049172827 0.12638026743540381 -0.16049200055716187 0.29250397049172827 0.12638026743540381 -0.26355144069739372 0.29250397049172827 0.12638026743540381 -0.16049200055716187 0.36016490854858563 0.12638026743540381 -0.26355144069739372 0.36016490854858563 0.12638026743540381 -0.16049200055716187 0.36016490854858563 0.20524742858849537 -0.26355144069739372 0.36016490854858563 0.20524742858849537 -0.16049200055716187 0.29250397049172827 0.20524742858849537 -0.26355144069739372 0.29250397049172827 0.20524742858849537 -0.16049200055716187 0.29250397049172827 0.099191763261012769 -0.26355144069739372 0.36016490854858563 0.099191763261012769 -0.26355144069739372 0.36016490854858563 0.099191763261012769 -0.26355144069739372 0.36016490854858563 0.17805892441410434 -0.26355144069739372 0.36016490854858563 0.17805892441410434 -0.26355144069739372 0.29250397049172827 0.17805892441410434 -0.26355144069739372 0.29250397049172827 0.17805892441410434 -0.26355144069739372 0.29250397049172827 0.099191763261012769 -0.26355144069739372 0.29250397049172827 0.099191763261012769 -0.16049200055716187 0.36016490854858563 0.099191763261012769 -0.16049200055716187 0.36016490854858563 0.099191763261012769 -0.16049200055716187 0.36016490854858563 0.17805892441410434 -0.16049200055716187 0.36016490854858563 0.17805892441410434 -0.16049200055716187 0.29250397049172827 0.17805892441410434 -0.16049200055716187 0.29250397049172827 0.17805892441410434 -0.16049200055716187 0.29250397049172827 0.099191763261012769 -0.16049200055716187 0.29250397049172827 0.099191763261012769 -0.26355144069739372 0.29250397049172827 0.099191763261012769 -0.16049200055716187 0.36016490854858563 0.099191763261012769 -0.26355144069739372 0.36016490854858563 0.099191763261012769 -0.16049200055716187 0.36016490854858563 0.17805892441410434 -0.26355144069739372 0.36016490854858563 0.17805892441410434 -0.16049200055716187 0.29250397049172827 0.17805892441410434 -0.26355144069739372 0.29250397049172827 0.17805892441410434 -0.16049200055716187 0.28656381919087948 0.17496662467608923 -0.22864278698604948 0.35330638837860256 0.17496662467608923 -0.22864278698604948 0.35330638837860256 0.17496662467608923 -0.22864278698604948 0.35330638837860256 0.24896863278627543 -0.22864278698604948 0.35330638837860256 0.24896863278627543 -0.22864278698604948 0.28656381919087948 0.24896863278627543 -0.22864278698604948 0.28656381919087948 0.24896863278627543 -0.22864278698604948 0.28656381919087948 0.17496662467608923 -0.22864278698604948 0.28656381919087948 0.17496662467608923 -0.12300822598037811 0.35330638837860256 0.17496662467608923 -0.12300822598037811 0.35330638837860256 0.17496662467608923 -0.12300822598037811 0.35330638837860256 0.24896863278627543 -0.12300822598037811 0.35330638837860256 0.24896863278627543 -0.12300822598037811 0.28656381919087948 0.24896863278627543 -0.12300822598037811 0.28656381919087948 0.24896863278627543 -0.12300822598037811 0.28656381919087948 0.17496662467608923 -0.12300822598037811 0.28656381919087948 0.17496662467608923 -0.22864278698604948 0.28656381919087948 0.17496662467608923 -0.12300822598037811 0.35330638837860256 0.17496662467608923 -0.22864278698604948 0.35330638837860256 0.17496662467608923 -0.12300822598037811 0.35330638837860256 0.24896863278627543 -0.22864278698604948 0.35330638837860256 0.24896863278627543 -0.12300822598037811 0.28656381919087948 0.24896863278627543 -0.22864278698604948 0.28656381919087948 0.24896863278627543 -0.12300822598037811 0.29259756512663426 0.1477781205016982 -0.22864278698604948 0.36007131391367964 0.1477781205016982 -0.22864278698604948 0.36007131391367964 0.1477781205016982 -0.22864278698604948 0.36007131391367964 0.22231328829497379 -0.22864278698604948 0.36007131391367964 0.22231328829497379 -0.22864278698604948 0.29259756512663426 0.22231328829497379 -0.22864278698604948 0.29259756512663426 0.22231328829497379 -0.22864278698604948 0.29259756512663426 0.1477781205016982 -0.22864278698604948 0.29259756512663426 0.1477781205016982 -0.12300822598037811 0.36007131391367964 0.1477781205016982 -0.12300822598037811 0.36007131391367964 0.1477781205016982 -0.12300822598037811 0.36007131391367964 0.22231328829497379 -0.12300822598037811 0.36007131391367964 0.22231328829497379 -0.12300822598037811 0.29259756512663426 0.22231328829497379 -0.12300822598037811 0.29259756512663426 0.22231328829497379 -0.12300822598037811 0.29259756512663426 0.1477781205016982 -0.12300822598037811 0.29259756512663426 0.1477781205016982 -0.22864278698604948 0.29259756512663426 0.1477781205016982 -0.12300822598037811 0.36007131391367964 0.1477781205016982 -0.22864278698604948 0.36007131391367964 0.1477781205016982 -0.12300822598037811 0.36007131391367964 0.22231328829497379 -0.22864278698604948 0.36007131391367964 0.22231328829497379 -0.12300822598037811 0.29259756512663426 0.22231328829497379 -0.22864278698604948 0.29259756512663426 0.22231328829497379 -0.12300822598037811 0.32314956093814839 0.049530965428096353 -0.25556208716882101 0.3898313664517794 0.049530965428096353 -0.25556208716882101 0.3898313664517794 0.049530965428096353 -0.25556208716882101 0.3898313664517794 0.12944218533637294 -0.25556208716882101 0.3898313664517794 0.12944218533637294 -0.25556208716882101 0.32314956093814839 0.12944218533637294 -0.25556208716882101 0.32314956093814839 0.12944218533637294 -0.25556208716882101 0.32314956093814839 0.049530965428096353 -0.25556208716882101 0.32314956093814839 0.049530965428096353 -0.15417593523523671 0.3898313664517794 0.049530965428096353 -0.15417593523523671 0.3898313664517794 0.049530965428096353 -0.15417593523523671 0.3898313664517794 0.12944218533637294 -0.15417593523523671 0.3898313664517794 0.12944218533637294 -0.15417593523523671 0.32314956093814839 0.12944218533637294 -0.15417593523523671 0.32314956093814839 0.12944218533637294 -0.15417593523523671 0.32314956093814839 0.049530965428096353 -0.15417593523523671 0.32314956093814839 0.049530965428096353 -0.25556208716882101 0.32314956093814839 0.049530965428096353 -0.15417593523523671 0.3898313664517794 0.049530965428096353 -0.25556208716882101 0.3898313664517794 0.049530965428096353 -0.15417593523523671 0.3898313664517794 0.12944218533637294 -0.25556208716882101 0.3898313664517794 0.12944218533637294 -0.15417593523523671 0.32314956093814839 0.12944218533637294 -0.25556208716882101 0.32314956093814839 0.12944218533637294 -0.15417593523523671 0.32314956093814839 0.022159729369714901 -0.25556208716882101 0.3898313664517794 0.022159729369714901 -0.25556208716882101 0.3898313664517794 0.022159729369714901 -0.25556208716882101 0.3898313664517794 0.10054389834901055 -0.25556208716882101 0.3898313664517794 0.10054389834901055 -0.25556208716882101 0.32314956093814839 0.10054389834901055 -0.25556208716882101 0.32314956093814839 0.10054389834901055 -0.25556208716882101 0.32314956093814839 0.022159729369714901 -0.25556208716882101 0.32314956093814839 0.022159729369714901 -0.15417593523523671 0.3898313664517794 0.022159729369714901 -0.15417593523523671 0.3898313664517794 0.022159729369714901 -0.15417593523523671 0.3898313664517794 0.10054389834901055 -0.15417593523523671 0.3898313664517794 0.10054389834901055 -0.15417593523523671 0.32314956093814839 0.10054389834901055 -0.15417593523523671 0.32314956093814839 0.10054389834901055 -0.15417593523523671 0.32314956093814839 0.022159729369714901 -0.15417593523523671 0.32314956093814839 0.022159729369714901 -0.25556208716882101 0.32314956093814839 0.022159729369714901 -0.15417593523523671 0.3898313664517794 0.022159729369714901 -0.25556208716882101 0.3898313664517794 0.022159729369714901 -0.15417593523523671 0.3898313664517794 0.10054389834901055 -0.25556208716882101 0.3898313664517794 0.10054389834901055 -0.15417593523523671 0.32314956093814839 0.10054389834901055 -0.25556208716882101 0.32314956093814839 0.10054389834901055 -0.15417593523523671 0.32988410463617945 0.099285357895918774 -0.2255878635460063 0.38986174828882542 0.099285357895918774 -0.2255878635460063 0.38986174828882542 0.099285357895918774 -0.2255878635460063 0.38986174828882542 0.17796532977919832 -0.2255878635460063 0.38986174828882542 0.17796532977919832 -0.2255878635460063 0.32988410463617945 0.17796532977919832 -0.2255878635460063 0.32988410463617945 0.17796532977919832 -0.2255878635460063 0.32988410463617945 0.099285357895918774 -0.2255878635460063 0.32988410463617945 0.099285357895918774 -0.12001320881552781 0.38986174828882542 0.099285357895918774 -0.12001320881552781 0.38986174828882542 0.099285357895918774 -0.12001320881552781 0.38986174828882542 0.17796532977919832 -0.12001320881552781 0.38986174828882542 0.17796532977919832 -0.12001320881552781 0.32988410463617945 0.17796532977919832 -0.12001320881552781 0.32988410463617945 0.17796532977919832 -0.12001320881552781 0.32988410463617945 0.099285357895918774 -0.12001320881552781 0.32988410463617945 0.099285357895918774 -0.2255878635460063 0.32988410463617945 0.099285357895918774 -0.12001320881552781 0.38986174828882542 0.099285357895918774 -0.2255878635460063 0.38986174828882542 0.099285357895918774 -0.12001320881552781 0.38986174828882542 0.17796532977919832 -0.2255878635460063 0.38986174828882542 0.17796532977919832 -0.12001320881552781 0.32988410463617945 0.17796532977919832 -0.2255878635460063 0.32988410463617945 0.17796532977919832 -0.12001320881552781 0.32988410463617945 0.070387070908556365 -0.2255878635460063 0.38986174828882542 0.070387070908556365 -0.2255878635460063 0.38986174828882542 0.070387070908556365 -0.2255878635460063 0.38986174828882542 0.1481161119948643 -0.2255878635460063 0.38986174828882542 0.1481161119948643 -0.2255878635460063 0.32988410463617945 0.1481161119948643 -0.2255878635460063 0.32988410463617945 0.1481161119948643 -0.2255878635460063 0.32988410463617945 0.070387070908556365 -0.2255878635460063 0.32988410463617945 0.070387070908556365 -0.12001320881552781 0.38986174828882542 0.070387070908556365 -0.12001320881552781 0.38986174828882542 0.070387070908556365 -0.12001320881552781 0.38986174828882542 0.1481161119948643 -0.12001320881552781 0.38986174828882542 0.1481161119948643 -0.12001320881552781 0.32988410463617945 0.1481161119948643 -0.12001320881552781 0.32988410463617945 0.1481161119948643 -0.12001320881552781 0.32988410463617945 0.070387070908556365 -0.12001320881552781 0.32988410463617945 0.070387070908556365 -0.2255878635460063 0.32988410463617945 0.070387070908556365 -0.12001320881552781 0.38986174828882542 0.070387070908556365 -0.2255878635460063 0.38986174828882542 0.070387070908556365 -0.12001320881552781 0.38986174828882542 0.1481161119948643 -0.2255878635460063 0.38986174828882542 0.1481161119948643 -0.12001320881552781 0.32988410463617945 0.1481161119948643 -0.2255878635460063 0.32988410463617945 0.1481161119948643 -0.12001320881552781 0.32326652629054353 0.14792546769113935 -0.19062545728012686 0.38264266861595719 0.14792546769113935 -0.19062545728012686 0.38264266861595719 0.14792546769113935 -0.19062545728012686 0.38264266861595719 0.22216594110553264 -0.19062545728012686 0.38264266861595719 0.22216594110553264 -0.19062545728012686 0.32326652629054353 0.22216594110553264 -0.19062545728012686 0.32326652629054353 0.22216594110553264 -0.19062545728012686 0.32326652629054353 0.14792546769113935 -0.19062545728012686 0.32326652629054353 0.14792546769113935 -0.084122861558356798 0.38264266861595719 0.14792546769113935 -0.084122861558356798 0.38264266861595719 0.14792546769113935 -0.084122861558356798 0.38264266861595719 0.22216594110553264 -0.084122861558356798 0.38264266861595719 0.22216594110553264 -0.084122861558356798 0.32326652629054353 0.22216594110553264 -0.084122861558356798 0.32326652629054353 0.22216594110553264 -0.084122861558356798 0.32326652629054353 0.14792546769113935 -0.084122861558356798 0.32326652629054353 0.14792546769113935 -0.19062545728012686 0.32326652629054353 0.14792546769113935 -0.084122861558356798 0.38264266861595719 0.14792546769113935 -0.19062545728012686 0.38264266861595719 0.14792546769113935 -0.084122861558356798 0.38264266861595719 0.22216594110553264 -0.19062545728012686 0.38264266861595719 0.22216594110553264 -0.084122861558356798 0.32326652629054353 0.22216594110553264 -0.19062545728012686 0.32326652629054353 0.22216594110553264 -0.084122861558356798 0.33003145182562066 0.11807624990680529 -0.19062545728012686 0.38971440109938427 0.11807624990680529 -0.19062545728012686 0.38971440109938427 0.11807624990680529 -0.19062545728012686 0.38971440109938427 0.19210341613676379 -0.19062545728012686 0.38971440109938427 0.19210341613676379 -0.19062545728012686 0.33003145182562066 0.19210341613676379 -0.19062545728012686 0.33003145182562066 0.19210341613676379 -0.19062545728012686 0.33003145182562066 0.11807624990680529 -0.19062545728012686 0.33003145182562066 0.11807624990680529 -0.084122861558356798 0.38971440109938427 0.11807624990680529 -0.084122861558356798 0.38971440109938427 0.11807624990680529 -0.084122861558356798 0.38971440109938427 0.19210341613676379 -0.084122861558356798 0.38971440109938427 0.19210341613676379 -0.084122861558356798 0.33003145182562066 0.19210341613676379 -0.084122861558356798 0.33003145182562066 0.19210341613676379 -0.084122861558356798 0.33003145182562066 0.11807624990680529 -0.084122861558356798 0.33003145182562066 0.11807624990680529 -0.19062545728012686 0.33003145182562066 0.11807624990680529 -0.084122861558356798 0.38971440109938427 0.11807624990680529 -0.19062545728012686 0.38971440109938427 0.11807624990680529 -0.084122861558356798 0.38971440109938427 0.19210341613676379 -0.19062545728012686 0.38971440109938427 0.19210341613676379 -0.084122861558356798 0.33003145182562066 0.19210341613676379 -0.19062545728012686 0.33003145182562066 0.19210341613676379 -0.084122861558356798 0.2433818799968922 0.09974112700132684 -0.32050362537245053 0.32321284944876749 0.09974112700132684 -0.32050362537245053 0.32321284944876749 0.09974112700132684 -0.32050362537245053 0.32321284944876749 0.18010375233433021 -0.32050362537245053 0.32321284944876749 0.18010375233433021 -0.32050362537245053 0.2433818799968922 0.18010375233433021 -0.32050362537245053 0.2433818799968922 0.18010375233433021 -0.32050362537245053 0.2433818799968922 0.09974112700132684 -0.32050362537245053 0.2433818799968922 0.09974112700132684 -0.23277569480491492 0.32321284944876749 0.09974112700132684 -0.23277569480491492 0.32321284944876749 0.09974112700132684 -0.23277569480491492 0.32321284944876749 0.18010375233433021 -0.23277569480491492 0.32321284944876749 0.18010375233433021 -0.23277569480491492 0.2433818799968922 0.18010375233433021 -0.23277569480491492 0.2433818799968922 0.18010375233433021 -0.23277569480491492 0.2433818799968922 0.09974112700132684 -0.23277569480491492 0.2433818799968922 0.09974112700132684 -0.32050362537245053 0.2433818799968922 0.09974112700132684 -0.23277569480491492 0.32321284944876749 0.09974112700132684 -0.32050362537245053 0.32321284944876749 0.09974112700132684 -0.23277569480491492 0.32321284944876749 0.18010375233433021 -0.32050362537245053 0.32321284944876749 0.18010375233433021 -0.23277569480491492 0.2433818799968922 0.18010375233433021 -0.32050362537245053 0.2433818799968922 0.18010375233433021 -0.23277569480491492 0.2433818799968922 0.075867002748016804 -0.32050362537245053 0.32321284944876749 0.075867002748016804 -0.32050362537245053 0.32321284944876749 0.075867002748016804 -0.32050362537245053 0.32321284944876749 0.15707448441979702 -0.32050362537245053 0.32321284944876749 0.15707448441979702 -0.32050362537245053 0.2433818799968922 0.15707448441979702 -0.32050362537245053 0.2433818799968922 0.15707448441979702 -0.32050362537245053 0.2433818799968922 0.075867002748016804 -0.32050362537245053 0.2433818799968922 0.075867002748016804 -0.23277569480491492 0.32321284944876749 0.075867002748016804 -0.23277569480491492 0.32321284944876749 0.075867002748016804 -0.23277569480491492 0.32321284944876749 0.15707448441979702 -0.23277569480491492 0.32321284944876749 0.15707448441979702 -0.23277569480491492 0.2433818799968922 0.15707448441979702 -0.23277569480491492 0.2433818799968922 0.15707448441979702 -0.23277569480491492 0.2433818799968922 0.075867002748016804 -0.23277569480491492 0.2433818799968922 0.075867002748016804 -0.32050362537245053 0.2433818799968922 0.075867002748016804 -0.23277569480491492 0.32321284944876749 0.075867002748016804 -0.32050362537245053 0.32321284944876749 0.075867002748016804 -0.23277569480491492 0.32321284944876749 0.15707448441979702 -0.32050362537245053 0.32321284944876749 0.15707448441979702 -0.23277569480491492 0.2433818799968922 0.15707448441979702 -0.32050362537245053 0.2433818799968922 0.15707448441979702 -0.23277569480491492 0.24870256665987892 0.14887145538376789 -0.29458797574616064 0.32347614568141642 0.14887145538376789 -0.29458797574616064 0.32347614568141642 0.14887145538376789 -0.29458797574616064 0.32347614568141642 0.22731334986047316 -0.29458797574616064 0.32347614568141642 0.22731334986047316 -0.29458797574616064 0.24870256665987892 0.22731334986047316 -0.29458797574616064 0.24870256665987892 0.22731334986047316 -0.29458797574616064 0.24870256665987892 0.14887145538376789 -0.29458797574616064 0.24870256665987892 0.14887145538376789 -0.19778945260727976 0.32347614568141642 0.14887145538376789 -0.19778945260727976 0.32347614568141642 0.14887145538376789 -0.19778945260727976 0.32347614568141642 0.22731334986047316 -0.19778945260727976 0.32347614568141642 0.22731334986047316 -0.19778945260727976 0.24870256665987892 0.22731334986047316 -0.19778945260727976 0.24870256665987892 0.22731334986047316 -0.19778945260727976 0.24870256665987892 0.14887145538376789 -0.19778945260727976 0.24870256665987892 0.14887145538376789 -0.29458797574616064 0.24870256665987892 0.14887145538376789 -0.19778945260727976 0.32347614568141642 0.14887145538376789 -0.29458797574616064 0.32347614568141642 0.14887145538376789 -0.19778945260727976 0.32347614568141642 0.22731334986047316 -0.29458797574616064 0.32347614568141642 0.22731334986047316 -0.19778945260727976 0.24870256665987892 0.22731334986047316 -0.29458797574616064 0.24870256665987892 0.22731334986047316 -0.19778945260727976 0.24870256665987892 0.1258421874692347 -0.29458797574616064 0.32347614568141642 0.1258421874692347 -0.29458797574616064 0.32347614568141642 0.1258421874692347 -0.29458797574616064 0.32347614568141642 0.20570224190343758 -0.29458797574616064 0.32347614568141642 0.20570224190343758 -0.29458797574616064 0.24870256665987892 0.20570224190343758 -0.29458797574616064 0.24870256665987892 0.20570224190343758 -0.29458797574616064 0.24870256665987892 0.1258421874692347 -0.29458797574616064 0.24870256665987892 0.1258421874692347 -0.19778945260727976 0.32347614568141642 0.1258421874692347 -0.19778945260727976 0.32347614568141642 0.1258421874692347 -0.19778945260727976 0.32347614568141642 0.20570224190343758 -0.19778945260727976 0.32347614568141642 0.20570224190343758 -0.19778945260727976 0.24870256665987892 0.20570224190343758 -0.19778945260727976 0.24870256665987892 0.20570224190343758 -0.19778945260727976 0.24870256665987892 0.1258421874692347 -0.19778945260727976 0.24870256665987892 0.1258421874692347 -0.29458797574616064 0.24870256665987892 0.1258421874692347 -0.19778945260727976 0.32347614568141642 0.1258421874692347 -0.29458797574616064 0.32347614568141642 0.1258421874692347 -0.19778945260727976 0.32347614568141642 0.20570224190343758 -0.29458797574616064 0.32347614568141642 0.20570224190343758 -0.19778945260727976 0.24870256665987892 0.20570224190343758 -0.29458797574616064 0.24870256665987892 0.20570224190343758 -0.19778945260727976 0.24317366460062056 0.19587283751363921 -0.26082810753273933 0.31624052992402268 0.19587283751363921 -0.26082810753273933 0.31624052992402268 0.19587283751363921 -0.26082810753273933 0.31624052992402268 0.26785633421734795 -0.26082810753273933 0.31624052992402268 0.26785633421734795 -0.26082810753273933 0.24317366460062056 0.26785633421734795 -0.26082810753273933 0.24317366460062056 0.26785633421734795 -0.26082810753273933 0.24317366460062056 0.19587283751363921 -0.26082810753273933 0.24317366460062056 0.19587283751363921 -0.15907560104469254 0.31624052992402268 0.19587283751363921 -0.15907560104469254 0.31624052992402268 0.19587283751363921 -0.15907560104469254 0.31624052992402268 0.26785633421734795 -0.15907560104469254 0.31624052992402268 0.26785633421734795 -0.15907560104469254 0.24317366460062056 0.26785633421734795 -0.15907560104469254 0.24317366460062056 0.26785633421734795 -0.15907560104469254 0.24317366460062056 0.19587283751363921 -0.15907560104469254 0.24317366460062056 0.19587283751363921 -0.26082810753273933 0.24317366460062056 0.19587283751363921 -0.15907560104469254 0.31624052992402268 0.19587283751363921 -0.26082810753273933 0.31624052992402268 0.19587283751363921 -0.15907560104469254 0.31624052992402268 0.26785633421734795 -0.26082810753273933 0.31624052992402268 0.26785633421734795 -0.15907560104469254 0.24317366460062056 0.26785633421734795 -0.26082810753273933 0.24317366460062056 0.26785633421734795 -0.15907560104469254 0.24875764749625617 0.17426172955660363 -0.26082810753273933 0.32342106484503913 0.17426172955660363 -0.26082810753273933 0.32342106484503913 0.17426172955660363 -0.26082810753273933 0.32342106484503913 0.24788312274268409 -0.26082810753273933 0.32342106484503913 0.24788312274268409 -0.26082810753273933 0.24875764749625617 0.24788312274268409 -0.26082810753273933 0.24875764749625617 0.24788312274268409 -0.26082810753273933 0.24875764749625617 0.17426172955660363 -0.26082810753273933 0.24875764749625617 0.17426172955660363 -0.15907560104469254 0.32342106484503913 0.17426172955660363 -0.15907560104469254 0.32342106484503913 0.17426172955660363 -0.15907560104469254 0.32342106484503913 0.24788312274268409 -0.15907560104469254 0.32342106484503913 0.24788312274268409 -0.15907560104469254 0.24875764749625617 0.24788312274268409 -0.15907560104469254 0.24875764749625617 0.24788312274268409 -0.15907560104469254 0.24875764749625617 0.17426172955660363 -0.15907560104469254 0.24875764749625617 0.17426172955660363 -0.26082810753273933 0.24875764749625617 0.17426172955660363 -0.15907560104469254 0.32342106484503913 0.17426172955660363 -0.26082810753273933 0.32342106484503913 0.17426172955660363 -0.15907560104469254 0.32342106484503913 0.24788312274268409 -0.26082810753273933 0.32342106484503913 0.24788312274268409 -0.15907560104469254 0.24875764749625617 0.24788312274268409 -0.26082810753273933 0.24875764749625617 0.24788312274268409 -0.15907560104469254 0.2848000175771887 0.075603706515367894 -0.29163047552265858 0.36066403307717482 0.075603706515367894 -0.29163047552265858 0.36066403307717482 0.075603706515367894 -0.29163047552265858 0.36066403307717482 0.15733778065244591 -0.29163047552265858 0.36066403307717482 0.15733778065244591 -0.29163047552265858 0.2848000175771887 0.15733778065244591 -0.29163047552265858 0.2848000175771887 0.15733778065244591 -0.29163047552265858 0.2848000175771887 0.075603706515367894 -0.29163047552265858 0.2848000175771887 0.075603706515367894 -0.19474261183349578 0.36066403307717482 0.075603706515367894 -0.19474261183349578 0.36066403307717482 0.075603706515367894 -0.19474261183349578 0.36066403307717482 0.15733778065244591 -0.19474261183349578 0.36066403307717482 0.15733778065244591 -0.19474261183349578 0.2848000175771887 0.15733778065244591 -0.19474261183349578 0.2848000175771887 0.15733778065244591 -0.19474261183349578 0.2848000175771887 0.075603706515367894 -0.19474261183349578 0.2848000175771887 0.075603706515367894 -0.29163047552265858 0.2848000175771887 0.075603706515367894 -0.19474261183349578 0.36066403307717482 0.075603706515367894 -0.29163047552265858 0.36066403307717482 0.075603706515367894 -0.19474261183349578 0.36066403307717482 0.15733778065244591 -0.29163047552265858 0.36066403307717482 0.15733778065244591 -0.19474261183349578 0.2848000175771887 0.15733778065244591 -0.29163047552265858 0.2848000175771887 0.15733778065244591 -0.19474261183349578 0.2848000175771887 0.049282258940461968 -0.29163047552265858 0.36066403307717482 0.049282258940461968 -0.29163047552265858 0.36066403307717482 0.049282258940461968 -0.29163047552265858 0.36066403307717482 0.13022121137581655 -0.29163047552265858 0.36066403307717482 0.13022121137581655 -0.29163047552265858 0.2848000175771887 0.13022121137581655 -0.29163047552265858 0.2848000175771887 0.13022121137581655 -0.29163047552265858 0.2848000175771887 0.049282258940461968 -0.29163047552265858 0.2848000175771887 0.049282258940461968 -0.19474261183349578 0.36066403307717482 0.049282258940461968 -0.19474261183349578 0.36066403307717482 0.049282258940461968 -0.19474261183349578 0.36066403307717482 0.13022121137581655 -0.19474261183349578 0.36066403307717482 0.13022121137581655 -0.19474261183349578 0.2848000175771887 0.13022121137581655 -0.19474261183349578 0.2848000175771887 0.13022121137581655 -0.19474261183349578 0.2848000175771887 0.049282258940461968 -0.19474261183349578 0.2848000175771887 0.049282258940461968 -0.29163047552265858 0.2848000175771887 0.049282258940461968 -0.19474261183349578 0.36066403307717482 0.049282258940461968 -0.29163047552265858 0.36066403307717482 0.049282258940461968 -0.19474261183349578 0.36066403307717482 0.13022121137581655 -0.29163047552265858 0.36066403307717482 0.13022121137581655 -0.19474261183349578 0.2848000175771887 0.13022121137581655 -0.29163047552265858 0.2848000175771887 0.13022121137581655 -0.19474261183349578 0.2918085783891915 0.12567021336022102 -0.26417996586449094 0.36083600718618847 0.12567021336022102 -0.26417996586449094 0.36083600718618847 0.12567021336022102 -0.26417996586449094 0.36083600718618847 0.20587421601245126 -0.26417996586449094 0.36083600718618847 0.20587421601245126 -0.26417996586449094 0.2918085783891915 0.20587421601245126 -0.26417996586449094 0.2918085783891915 0.20587421601245126 -0.26417996586449094 0.2918085783891915 0.12567021336022102 -0.26417996586449094 0.2918085783891915 0.12567021336022102 -0.15984769175949587 0.36083600718618847 0.12567021336022102 -0.15984769175949587 0.36083600718618847 0.12567021336022102 -0.15984769175949587 0.36083600718618847 0.20587421601245126 -0.15984769175949587 0.36083600718618847 0.20587421601245126 -0.15984769175949587 0.2918085783891915 0.20587421601245126 -0.15984769175949587 0.2918085783891915 0.20587421601245126 -0.15984769175949587 0.2918085783891915 0.12567021336022102 -0.15984769175949587 0.2918085783891915 0.12567021336022102 -0.26417996586449094 0.2918085783891915 0.12567021336022102 -0.15984769175949587 0.36083600718618847 0.12567021336022102 -0.26417996586449094 0.36083600718618847 0.12567021336022102 -0.15984769175949587 0.36083600718618847 0.20587421601245126 -0.26417996586449094 0.36083600718618847 0.20587421601245126 -0.15984769175949587 0.2918085783891915 0.20587421601245126 -0.26417996586449094 0.2918085783891915 0.20587421601245126 -0.15984769175949587 0.2918085783891915 0.098553644083591643 -0.26417996586449094 0.36083600718618847 0.098553644083591643 -0.26417996586449094 0.36083600718618847 0.098553644083591643 -0.26417996586449094 0.36083600718618847 0.17875764673582192 -0.26417996586449094 0.36083600718618847 0.17875764673582192 -0.26417996586449094 0.2918085783891915 0.17875764673582192 -0.26417996586449094 0.2918085783891915 0.17875764673582192 -0.26417996586449094 0.2918085783891915 0.098553644083591643 -0.26417996586449094 0.2918085783891915 0.098553644083591643 -0.15984769175949587 0.36083600718618847 0.098553644083591643 -0.15984769175949587 0.36083600718618847 0.098553644083591643 -0.15984769175949587 0.36083600718618847 0.17875764673582192 -0.15984769175949587 0.36083600718618847 0.17875764673582192 -0.15984769175949587 0.2918085783891915 0.17875764673582192 -0.15984769175949587 0.2918085783891915 0.17875764673582192 -0.15984769175949587 0.2918085783891915 0.098553644083591643 -0.15984769175949587 0.2918085783891915 0.098553644083591643 -0.26417996586449094 0.2918085783891915 0.098553644083591643 -0.15984769175949587 0.36083600718618847 0.098553644083591643 -0.26417996586449094 0.36083600718618847 0.098553644083591643 -0.15984769175949587 0.36083600718618847 0.17875764673582192 -0.26417996586449094 0.36083600718618847 0.17875764673582192 -0.15984769175949587 0.2918085783891915 0.17875764673582192 -0.26417996586449094 0.2918085783891915 0.17875764673582192 -0.15984769175949587 0.2848000175771887 0.17420664872022634 -0.229285045790491 0.35239306167770973 0.17420664872022634 -0.229285045790491 0.35239306167770973 0.17420664872022634 -0.229285045790491 0.35239306167770973 0.24793820357906138 -0.229285045790491 0.35239306167770973 0.24793820357906138 -0.229285045790491 0.2848000175771887 0.24793820357906138 -0.229285045790491 0.2848000175771887 0.24793820357906138 -0.229285045790491 0.2848000175771887 0.17420664872022634 -0.229285045790491 0.2848000175771887 0.17420664872022634 -0.12235823260776917 0.35239306167770973 0.17420664872022634 -0.12235823260776917 0.35239306167770973 0.17420664872022634 -0.12235823260776917 0.35239306167770973 0.24793820357906138 -0.12235823260776917 0.35239306167770973 0.24793820357906138 -0.12235823260776917 0.2848000175771887 0.24793820357906138 -0.12235823260776917 0.2848000175771887 0.24793820357906138 -0.12235823260776917 0.2848000175771887 0.17420664872022634 -0.12235823260776917 0.2848000175771887 0.17420664872022634 -0.229285045790491 0.2848000175771887 0.17420664872022634 -0.12235823260776917 0.35239306167770973 0.17420664872022634 -0.229285045790491 0.35239306167770973 0.17420664872022634 -0.12235823260776917 0.35239306167770973 0.24793820357906138 -0.229285045790491 0.35239306167770973 0.24793820357906138 -0.12235823260776917 0.2848000175771887 0.24793820357906138 -0.229285045790491 0.2848000175771887 0.24793820357906138 -0.12235823260776917 0.29198055249820515 0.147090079443597 -0.229285045790491 0.36066403307717482 0.147090079443597 -0.229285045790491 0.36066403307717482 0.147090079443597 -0.229285045790491 0.36066403307717482 0.22161675600415542 -0.229285045790491 0.36066403307717482 0.22161675600415542 -0.229285045790491 0.29198055249820515 0.22161675600415542 -0.229285045790491 0.29198055249820515 0.22161675600415542 -0.229285045790491 0.29198055249820515 0.147090079443597 -0.229285045790491 0.29198055249820515 0.147090079443597 -0.12235823260776917 0.36066403307717482 0.147090079443597 -0.12235823260776917 0.36066403307717482 0.147090079443597 -0.12235823260776917 0.36066403307717482 0.22161675600415542 -0.12235823260776917 0.36066403307717482 0.22161675600415542 -0.12235823260776917 0.29198055249820515 0.22161675600415542 -0.12235823260776917 0.29198055249820515 0.22161675600415542 -0.12235823260776917 0.29198055249820515 0.147090079443597 -0.12235823260776917 0.29198055249820515 0.147090079443597 -0.229285045790491 0.29198055249820515 0.147090079443597 -0.12235823260776917 0.36066403307717482 0.147090079443597 -0.229285045790491 0.36066403307717482 0.147090079443597 -0.12235823260776917 0.36066403307717482 0.22161675600415542 -0.229285045790491 0.36066403307717482 0.22161675600415542 -0.12235823260776917 0.29198055249820515 0.22161675600415542 -0.229285045790491 0.29198055249820515 0.22161675600415542 -0.12235823260776917 0.32095254933087586 0.049337339776839247 -0.25491310708573522 0.38843543175864231 0.049337339776839247 -0.25491310708573522 0.38843543175864231 0.049337339776839247 -0.25491310708573522 0.38843543175864231 0.13016613053943929 -0.25491310708573522 0.38843543175864231 0.13016613053943929 -0.25491310708573522 0.32095254933087586 0.13016613053943929 -0.25491310708573522 0.32095254933087586 0.13016613053943929 -0.25491310708573522 0.32095254933087586 0.049337339776839247 -0.25491310708573522 0.32095254933087586 0.049337339776839247 -0.15316060059768838 0.38843543175864231 0.049337339776839247 -0.15316060059768838 0.38843543175864231 0.049337339776839247 -0.15316060059768838 0.38843543175864231 0.13016613053943929 -0.15316060059768838 0.38843543175864231 0.13016613053943929 -0.15316060059768838 0.32095254933087586 0.13016613053943929 -0.15316060059768838 0.32095254933087586 0.13016613053943929 -0.15316060059768838 0.32095254933087586 0.049337339776839247 -0.15316060059768838 0.32095254933087586 0.049337339776839247 -0.25491310708573522 0.32095254933087586 0.049337339776839247 -0.15316060059768838 0.38843543175864231 0.049337339776839247 -0.25491310708573522 0.38843543175864231 0.049337339776839247 -0.15316060059768838 0.38843543175864231 0.13016613053943929 -0.25491310708573522 0.38843543175864231 0.13016613053943929 -0.15316060059768838 0.32095254933087586 0.13016613053943929 -0.25491310708573522 0.32095254933087586 0.13016613053943929 -0.15316060059768838 0.32095254933087586 0.022755699034755841 -0.25491310708573522 0.38843543175864231 0.022755699034755841 -0.25491310708573522 0.38843543175864231 0.022755699034755841 -0.25491310708573522 0.38843543175864231 0.10134762500588404 -0.25491310708573522 0.38843543175864231 0.10134762500588404 -0.25491310708573522 0.32095254933087586 0.10134762500588404 -0.25491310708573522 0.32095254933087586 0.10134762500588404 -0.25491310708573522 0.32095254933087586 0.022755699034755841 -0.25491310708573522 0.32095254933087586 0.022755699034755841 -0.15316060059768838 0.38843543175864231 0.022755699034755841 -0.15316060059768838 0.38843543175864231 0.022755699034755841 -0.15316060059768838 0.38843543175864231 0.10134762500588404 -0.15316060059768838 0.38843543175864231 0.10134762500588404 -0.15316060059768838 0.32095254933087586 0.10134762500588404 -0.15316060059768838 0.32095254933087586 0.10134762500588404 -0.15316060059768838 0.32095254933087586 0.022755699034755841 -0.15316060059768838 0.32095254933087586 0.022755699034755841 -0.25491310708573522 0.32095254933087586 0.022755699034755841 -0.15316060059768838 0.38843543175864231 0.022755699034755841 -0.25491310708573522 0.38843543175864231 0.022755699034755841 -0.15316060059768838 0.38843543175864231 0.10134762500588404 -0.25491310708573522 0.38843543175864231 0.10134762500588404 -0.15316060059768838 0.32095254933087586 0.10134762500588404 -0.25491310708573522 0.32095254933087586 0.10134762500588404 -0.15316060059768838 0.32916843989396355 0.098725618192605322 -0.22623820501670699 0.3884905125950196 0.098725618192605322 -0.22623820501670699 0.3884905125950196 0.098725618192605322 -0.22623820501670699 0.3884905125950196 0.17858567262680825 -0.22623820501670699 0.3884905125950196 0.17858567262680825 -0.22623820501670699 0.32916843989396355 0.17858567262680825 -0.22623820501670699 0.32916843989396355 0.17858567262680825 -0.22623820501670699 0.32916843989396355 0.098725618192605322 -0.22623820501670699 0.32916843989396355 0.098725618192605322 -0.11940073238426711 0.3884905125950196 0.098725618192605322 -0.11940073238426711 0.3884905125950196 0.098725618192605322 -0.11940073238426711 0.3884905125950196 0.17858567262680825 -0.11940073238426711 0.3884905125950196 0.17858567262680825 -0.11940073238426711 0.32916843989396355 0.17858567262680825 -0.11940073238426711 0.32916843989396355 0.17858567262680825 -0.11940073238426711 0.32916843989396355 0.098725618192605322 -0.11940073238426711 0.32916843989396355 0.098725618192605322 -0.22623820501670699 0.32916843989396355 0.098725618192605322 -0.11940073238426711 0.3884905125950196 0.098725618192605322 -0.22623820501670699 0.3884905125950196 0.098725618192605322 -0.11940073238426711 0.3884905125950196 0.17858567262680825 -0.22623820501670699 0.3884905125950196 0.17858567262680825 -0.11940073238426711 0.32916843989396355 0.17858567262680825 -0.22623820501670699 0.32916843989396355 0.17858567262680825 -0.11940073238426711 0.32916843989396355 0.069907112659050072 -0.22623820501670699 0.3884905125950196 0.069907112659050072 -0.22623820501670699 0.3884905125950196 0.069907112659050072 -0.22623820501670699 0.3884905125950196 0.14834900713575536 -0.22623820501670699 0.3884905125950196 0.14834900713575536 -0.22623820501670699 0.32916843989396355 0.14834900713575536 -0.22623820501670699 0.32916843989396355 0.14834900713575536 -0.22623820501670699 0.32916843989396355 0.069907112659050072 -0.22623820501670699 0.32916843989396355 0.069907112659050072 -0.11940073238426711 0.3884905125950196 0.069907112659050072 -0.11940073238426711 0.3884905125950196 0.069907112659050072 -0.11940073238426711 0.3884905125950196 0.14834900713575536 -0.11940073238426711 0.3884905125950196 0.14834900713575536 -0.11940073238426711 0.32916843989396355 0.14834900713575536 -0.11940073238426711 0.32916843989396355 0.14834900713575536 -0.11940073238426711 0.32916843989396355 0.069907112659050072 -0.11940073238426711 0.32916843989396355 0.069907112659050072 -0.22623820501670699 0.32916843989396355 0.069907112659050072 -0.11940073238426711 0.3884905125950196 0.069907112659050072 -0.22623820501670699 0.3884905125950196 0.069907112659050072 -0.11940073238426711 0.3884905125950196 0.14834900713575536 -0.22623820501670699 0.3884905125950196 0.14834900713575536 -0.11940073238426711 0.32916843989396355 0.14834900713575536 -0.22623820501670699 0.32916843989396355 0.14834900713575536 -0.11940073238426711 0.32116076472714739 0.14735337567624593 -0.19125196281907186 0.37964378508251484 0.14735337567624593 -0.19125196281907186 0.37964378508251484 0.14735337567624593 -0.19125196281907186 0.37964378508251484 0.2213534597715065 -0.19125196281907186 0.37964378508251484 0.2213534597715065 -0.19125196281907186 0.32116076472714739 0.2213534597715065 -0.19125196281907186 0.32116076472714739 0.2213534597715065 -0.19125196281907186 0.32116076472714739 0.14735337567624593 -0.19125196281907186 0.32116076472714739 0.14735337567624593 -0.084280416726577656 0.37964378508251484 0.14735337567624593 -0.084280416726577656 0.37964378508251484 0.14735337567624593 -0.084280416726577656 0.37964378508251484 0.2213534597715065 -0.084280416726577656 0.37964378508251484 0.2213534597715065 -0.084280416726577656 0.32116076472714739 0.2213534597715065 -0.084280416726577656 0.32116076472714739 0.2213534597715065 -0.084280416726577656 0.32116076472714739 0.14735337567624593 -0.084280416726577656 0.32116076472714739 0.14735337567624593 -0.19125196281907186 0.32116076472714739 0.14735337567624593 -0.084280416726577656 0.37964378508251484 0.14735337567624593 -0.19125196281907186 0.37964378508251484 0.14735337567624593 -0.084280416726577656 0.37964378508251484 0.2213534597715065 -0.19125196281907186 0.37964378508251484 0.2213534597715065 -0.084280416726577656 0.32116076472714739 0.2213534597715065 -0.19125196281907186 0.32116076472714739 0.2213534597715065 -0.084280416726577656 0.32943173612661247 0.11711671018519304 -0.19125196281907186 0.38822721636237068 0.11711671018519304 -0.19125196281907186 0.38822721636237068 0.11711671018519304 -0.19125196281907186 0.38822721636237068 0.19087090625077696 -0.19125196281907186 0.38822721636237068 0.19087090625077696 -0.19125196281907186 0.32943173612661247 0.19087090625077696 -0.19125196281907186 0.32943173612661247 0.19087090625077696 -0.19125196281907186 0.32943173612661247 0.11711671018519304 -0.19125196281907186 0.32943173612661247 0.11711671018519304 -0.084280416726577656 0.38822721636237068 0.11711671018519304 -0.084280416726577656 0.38822721636237068 0.11711671018519304 -0.084280416726577656 0.38822721636237068 0.19087090625077696 -0.084280416726577656 0.38822721636237068 0.19087090625077696 -0.084280416726577656 0.32943173612661247 0.19087090625077696 -0.084280416726577656 0.32943173612661247 0.19087090625077696 -0.084280416726577656 0.32943173612661247 0.11711671018519304 -0.084280416726577656 0.32943173612661247 0.11711671018519304 -0.19125196281907186 0.32943173612661247 0.11711671018519304 -0.084280416726577656 0.38822721636237068 0.11711671018519304 -0.19125196281907186 0.38822721636237068 0.11711671018519304 -0.084280416726577656 0.38822721636237068 0.19087090625077696 -0.19125196281907186 0.38822721636237068 0.19087090625077696 -0.084280416726577656 0.32943173612661247 0.19087090625077696 -0.19125196281907186 0.32943173612661247 0.19087090625077696 -0.084280416726577656 0.30769116976538435 0.1415674667090599 -0.24836424142373764 0.3076638947708229 0.14155520657027418 -0.24833506644443459 0.30769116976538435 0.14156746670905987 -0.24836424142373767 0.30767190427766955 0.14155885334063797 -0.24834365548987791 0.30769116976538435 0.1415674667090599 -0.24836424142373764 0.3076638947708229 0.14155520657027418 -0.24833506644443459 0.30769116976538435 0.14156746670905987 -0.24836424142373767 0.30767194178024182 0.14155877722088503 -0.24834365241725467 0.26571711003610898 0.16510185944143899 -0.28015540716168114 0.26445036325148452 0.1646192519753735 -0.278840179154555 0.26575665244121643 0.16511989661003151 -0.28019426265614666 0.26445036325148452 0.1646192519753735 -0.278840179154555 0.30769116976538435 0.1415674667090599 -0.24836424142373764 0.30767296644156389 0.14161945451376429 -0.24829932823496872 0.30769116976538435 0.14156746670905987 -0.24836424142373767 0.30767715389581168 0.14162221610985609 -0.2483031747722789 0.26529642891487892 0.16533773071016977 -0.28047403117217973 0.26445036325148452 0.21156555326886756 -0.24513539177751098 0.30769116976538435 0.1415674667090599 -0.24836424142373764 0.30771916019083473 0.14152569409758931 -0.24829554353493255 0.30769116976538435 0.14156746670905987 -0.24836424142373767 0.30772402372916574 0.14152708343171891 -0.24829933467999818 0.28383218377931557 0.12858935944801828 -0.27866960786395556 0.30054781416879434 0.091351503106973514 -0.27588267893105295 0.30769116976538435 0.1415674667090599 -0.24836424142373764 0.30772834908981078 0.14158998406084031 -0.24826019516387163 0.30769116976538435 0.14156746670905987 -0.24836424142373767 0.30772834908981078 0.14158998406084031 -0.24826019516387163 0.30769116976538435 0.1415674667090599 -0.24836424142373764 0.30772834908981078 0.14158998406084031 -0.24826019516387163 0.30769116976538435 0.14156746670905987 -0.24836424142373767 0.30772834908981078 0.14158998406084031 -0.24826019516387163 0.30769116976538435 0.1415674667090599 -0.24836424142373764 0.34477655367232135 0.11363839950206304 -0.21097560957536146 0.3073254162426387 0.14136851489895075 -0.24882881668020829 0.33664526508610421 0.065030055532067588 -0.23922039133050688 0.30769116976538435 0.1415674667090599 -0.24836424142373764 0.3076638947708229 0.14155520657027418 -0.24833506644443459 0.30769116976538435 0.1415674667090599 -0.24836424142373764 0.30767190427766955 0.14155885334063797 -0.24834365548987791 0.30769116976538435 0.1415674667090599 -0.24836424142373764 0.3076638947708229 0.14155520657027418 -0.24833506644443459 0.30769116976538435 0.1415674667090599 -0.24836424142373764 0.30767194178024182 0.14155877722088503 -0.24834365241725467 0.28383218377931557 0.12858935944801828 -0.27866960786395556 0.26445036325148452 0.1646192519753735 -0.278840179154555 0.30769116976538435 0.1415674667090599 -0.24836424142373764 0.30767296644156394 0.14161945451376429 -0.24829932823496872 0.30769116976538435 0.1415674667090599 -0.24836424142373764 0.30767715389581174 0.14162221610985609 -0.24830317477227884 0.30769116976538435 0.1415674667090599 -0.24836424142373764 0.30771916019083473 0.14152569409758931 -0.24829554353493255 0.30769116976538435 0.1415674667090599 -0.24836424142373764 0.30772402372916574 0.14152708343171891 -0.24829933467999818 0.30174455954035284 0.091976193900881159 -0.27720364222389943 0.30054781416879434 0.091351503106973514 -0.27588267893105295 0.30178420005630041 0.091994031931855555 -0.27724248968004578 0.30054781416879434 0.091351503106973514 -0.27588267893105295 0.30769116976538435 0.1415674667090599 -0.24836424142373764 0.30772834908981078 0.14158998406084031 -0.24826019516387163 0.30769116976538435 0.1415674667090599 -0.24836424142373764 0.30772834908981078 0.14158998406084031 -0.24826019516387163 0.30769116976538435 0.1415674667090599 -0.24836424142373764 0.30772834908981078 0.14158998406084031 -0.24826019516387163 0.30769116976538435 0.1415674667090599 -0.24836424142373764 0.30772834908981078 0.14158998406084031 -0.24826019516387163 0.30168496019082319 0.091479169967939478 -0.27749268244403696 0.33664526508610421 0.065030055532067588 -0.23922039133050688 0.30168496019082319 0.091479169967939478 -0.27749268244403696 0.33664526508610421 0.065030055532067588 -0.23922039133050688 0.26554121790752727 0.16570050926857355 -0.27992963535616899 0.26445036325148452 0.1646192519753735 -0.278840179154555 0.26559914243960925 0.16573636148403334 -0.27997957274014318 0.26445036325148452 0.1646192519753735 -0.278840179154555 0.26510206391940683 0.16544670902121167 -0.28062124327948035 0.2822235600085366 0.12782841500552286 -0.27788701069755006 0.30763330533513439 0.19002678772690393 -0.21364031097079214 0.30761254334706462 0.19001227356700728 -0.21362180134011455 0.30764100671172828 0.19003155447085601 -0.2136469504132921 0.30762128712069114 0.19001804002310346 -0.21362983324912077 0.3076898160527729 0.19005944696376212 -0.21355131426091808 0.30772834908981078 0.18995444531183198 -0.21353724919888536 0.30768999646244322 0.19005955862778667 -0.2135514697941033 0.30772834908981078 0.18995444531183198 -0.21353724919888536 0.26571984008296262 0.2123512921474997 -0.24622982188684908 0.26445036325148452 0.21156555326886756 -0.24513539177751098 0.26577790249227612 0.21238722970165858 -0.24627987813631955 0.26445036325148452 0.21156555326886756 -0.24513539177751098 0.30763330533513439 0.19002678772690396 -0.21364031097079214 0.30761254334706462 0.19001227356700728 -0.21362180134011455 0.30764100671172823 0.19003155447085604 -0.21364695041329212 0.30762113137907771 0.19001980338423877 -0.21362841391344009 0.28602467335921161 0.17753851188518088 -0.24767097331415422 0.30772834908981078 0.14158998406084031 -0.24826019516387163 0.3076898160527729 0.19005944696376212 -0.21355131426091808 0.30772834908981078 0.18995444531183198 -0.21353724919888536 0.30768999646244322 0.19005955862778667 -0.2135514697941033 0.30772834908981078 0.18995444531183198 -0.21353724919888536 0.28602467335921161 0.17753851188518088 -0.24767097331415422 0.30772834908981078 0.14158998406084031 -0.24826019516387163 0.30769116976538435 0.19006022931483929 -0.21354918234729942 0.30771916019083473 0.19000849448633811 -0.21348763676650506 0.30769116976538435 0.19006022931483929 -0.21354918234729939 0.3077240237291658 0.19001164237384285 -0.21349016536977367 0.3076898160527729 0.19005944696376212 -0.21355131426091808 0.30772834908981078 0.18995444531183198 -0.21353724919888536 0.30768999646244322 0.19005955862778667 -0.2135514697941033 0.30772834908981078 0.18995444531183198 -0.21353724919888536 0.30769116976538435 0.14163253964493075 -0.2483175227386209 0.30767205996798475 0.14161993687038299 -0.24829996874415608 0.30769508789485517 0.14163496475941914 -0.24832090060165765 0.30767624222638723 0.14162184107451042 -0.24830445361546749 0.30769116976538435 0.14157831120008221 -0.24835645569293355 0.30766953591580276 0.14155825035181435 -0.24832851359033395 0.30769182345802887 0.14157871580118458 -0.24835701924863982 0.30767687948694183 0.14156150887003008 -0.24833634901078896 0.30769116976538435 0.18999515637896838 -0.21359590103241621 0.30767205996798475 0.1899825536044206 -0.21357834703795139 0.30769508789485517 0.18999758149345677 -0.21359927889545297 0.30767631587098748 0.18998536034197613 -0.21358225645133713 0.30769116976538435 0.18993409609574116 -0.21363973886003312 0.30767205996798475 0.18992149332119337 -0.2136221848655683 0.30769875484133097 0.18993879085575632 -0.21364627803845032 0.30768070230846112 0.18992719288285337 -0.21363012359949171 0.28657108757112487 0.17785430102952904 -0.24681044509719194 0.26445036325148452 0.21156555326886756 -0.24513539177751098 0.30769116976538435 0.18999515637896838 -0.21359590103241621 0.30767205996798475 0.1899825536044206 -0.21357834703795139 0.30769508789485517 0.18999758149345677 -0.21359927889545297 0.30767624006605143 0.18998621863203158 -0.21358156561060365 0.30769116976538435 0.14163161738645372 -0.24831818486801166 0.30772834908981078 0.14158998406084031 -0.24826019516387163 0.30769503243798446 0.1416340081760783 -0.24832151492106286 0.30772834908981078 0.14158998406084033 -0.24826019516387163 0.30769116976538435 0.1415674667090599 -0.24836424142373764 0.32199808869858021 0.10252997931217063 -0.24426825404877914 0.30769116976538435 0.14163161738645372 -0.24831818486801166 0.30772834908981078 0.14158998406084031 -0.24826019516387163 0.30769503243798446 0.1416340081760783 -0.24832151492106286 0.30772834908981078 0.14158998406084031 -0.24826019516387163 0.30769116976538435 0.14163161738645372 -0.24831818486801166 0.30772834908981078 0.14158998406084031 -0.24826019516387163 0.30769503243798446 0.1416340081760783 -0.24832151492106286 0.30772834908981078 0.14158998406084031 -0.24826019516387163 0.30769116976538435 0.18999607863744541 -0.21359523890302543 0.30772834908981078 0.18995444531183198 -0.21353724919888536 0.30769503243798446 0.18999846942706999 -0.2135985689560766 0.30772834908981078 0.18995444531183198 -0.21353724919888536 0.30769116976538435 0.18999607863744541 -0.21359523890302543 0.30772834908981078 0.18995444531183198 -0.21353724919888536 0.30769503243798446 0.18999846942706999 -0.2135985689560766 0.30772834908981078 0.18995444531183198 -0.21353724919888536 0.30769116976538435 0.1415674667090599 -0.24836424142373764 0.34477655367232135 0.11363839950206303 -0.21097560957536146 0.26533101841586332 0.21311935762947834 -0.24604258302052442 0.26445036325148452 0.21156555326886756 -0.24513539177751098 0.26536571774421375 0.21314646597056236 -0.24606832890909494 0.26445036325148452 0.21156555326886756 -0.24513539177751098 0.27222680660915849 0.21705937608360357 -0.23260018106425503 0.29435686027937735 0.1821266952988308 -0.23371372877103463 0.3011455149950526 0.23358254087869884 -0.17622708907205928 0.29989436401002983 0.23250353196937762 -0.17526900232183873 0.28477368364296629 0.22452074417892062 -0.21189285547630132 0.28411987985991433 0.22327572258654105 -0.2111925416823443 0.30142846933317308 0.23374421134806644 -0.17567550804293428 0.30054781416879434 0.23219040698745574 -0.17476831679992089 0.30146316866152356 0.23377131968915046 -0.17570125393150476 0.30054781416879434 0.23219040698745574 -0.17476831679992089 0.2833797438745182 0.22343178448877238 -0.21085904553172938 0.30772834908981078 0.18995444531183198 -0.21353724919888536 0.30142846933317308 0.23374421134806644 -0.17567550804293428 0.30054781416879434 0.23219040698745574 -0.17476831679992089 0.30146316866152356 0.23377131968915046 -0.17570125393150476 0.30054781416879434 0.23219040698745572 -0.17476831679992089 0.29453268113987857 0.22980419289394158 -0.18911790999920239 0.31666273481009727 0.19487151210916878 -0.1902314577059819 0.26529642891487887 0.21288390230626295 -0.24633857086785857 0.26445036325148452 0.1646192519753735 -0.278840179154555 0.30769116976538435 0.19006022931483929 -0.21354918234729942 0.30767296644156389 0.18998210095169196 -0.21357768520305212 0.30769116976538435 0.19006022931483926 -0.21354918234729939 0.30767715389581168 0.18998486254778377 -0.21358153174036229 0.30769116976538435 0.19006022931483929 -0.21354918234729942 0.30772834908981078 0.18995444531183198 -0.21353724919888536 0.30769116976538435 0.19006022931483926 -0.21354918234729939 0.30772834908981078 0.18995444531183198 -0.21353724919888536 0.30175611839567329 0.23315834524388165 -0.17585599615026265 0.30047779888583631 0.23215040263999137 -0.17490480207908282 0.3018008092761072 0.23319358357205239 -0.17588925051286716 0.30049034805908231 0.23216122521048771 -0.17491441178786862 0.30769116976538435 0.19006022931483929 -0.21354918234729942 0.30766374849307254 0.19003618688364557 -0.21352806864237067 0.30769116976538435 0.19006022931483926 -0.21354918234729939 0.3076719779306788 0.19004340229236771 -0.21353440510682686 0.30769116976538435 0.19006022931483929 -0.21354918234729942 0.30772834908981078 0.18995444531183198 -0.21353724919888536 0.30769116976538435 0.19006022931483926 -0.21354918234729939 0.30772834908981078 0.18995444531183198 -0.21353724919888536 0.30769116976538435 0.19006022931483929 -0.21354918234729942 0.32632229278768998 0.15221393004802147 -0.21201382881199338 0.30769116976538435 0.19006022931483929 -0.21354918234729942 0.30771916019083473 0.19000849448633814 -0.21348763676650506 0.30769116976538435 0.19006022931483926 -0.21354918234729939 0.3077240237291658 0.19001164237384288 -0.21349016536977367 0.30769116976538435 0.19006022931483929 -0.21354918234729942 0.30772834908981078 0.18995444531183198 -0.21353724919888536 0.30769116976538435 0.19006022931483926 -0.21354918234729939 0.30772834908981078 0.18995444531183198 -0.21353724919888536 0.30168496019082303 0.23367506942551036 -0.17540407428846458 0.3366452650861041 0.20586895941254979 -0.13810602919937479 0.30769950819613645 0.14156138651330311 -0.24835577251696994 0.30766953591580276 0.14155825035181435 -0.24832851359033392 0.30770024526269679 0.14156162188862983 -0.24835632924176798 0.30767684526269867 0.14156157833569014 -0.24833635181481534 0.30774120495546159 0.14153098217624521 -0.24831342330550091 0.30771900979184863 0.14152464183383995 -0.24829612209817298 0.30774562281488888 0.14153239297842005 -0.248316760225163 0.30772321163266125 0.14152650629114122 -0.24830060536507795 0.30769116976538435 0.1415674667090599 -0.24836424142373764 0.2853734573993984 0.17686775719496903 -0.24726894668774524 0.30774049582227775 0.14153149926017908 -0.24831414353488204 0.30772834908981078 0.14158998406084031 -0.24826019516387163 0.30774485115169914 0.14153289009398012 -0.24831743322406757 0.30772834908981078 0.14158998406084031 -0.24826019516387163 0.30774120495546159 0.14153098217624521 -0.24831342330550091 0.30771900979184863 0.14152464183383995 -0.24829612209817298 0.30774562281488888 0.14153239297842005 -0.248316760225163 0.3077239528303064 0.14152605387823355 -0.24829997521386427 0.34492767408485225 0.11441544706748355 -0.21054507702549297 0.34490547892123929 0.11440910672507829 -0.21052777581816501 0.3449320919442796 0.11441685786965837 -0.21054841394515506 0.34491042195969712 0.11441051876947188 -0.21053162893385632 0.30774049582227775 0.14153149926017908 -0.24831414353488204 0.30772834908981078 0.14158998406084031 -0.24826019516387163 0.30774485115169914 0.14153289009398012 -0.24831743322406757 0.30772834908981078 0.14158998406084031 -0.24826019516387163 0.30774049582227775 0.14153149926017908 -0.24831414353488204 0.30772834908981078 0.14158998406084031 -0.24826019516387163 0.30774485115169914 0.14153289009398012 -0.24831743322406757 0.30772834908981078 0.14158998406084031 -0.24826019516387163 0.30774049582227769 0.14153149926017911 -0.24831414353488204 0.30772834908981078 0.18995444531183198 -0.21353724919888536 0.34492767408485225 0.11441544706748355 -0.21054507702549297 0.34490547892123929 0.11440910672507827 -0.21052777581816501 0.3449320919442796 0.11441685786965837 -0.21054841394515506 0.34491103329021611 0.11440998236636535 -0.21053088179542842 0.32349503263474999 0.10290899975743853 -0.24378522938242014 0.33664526508610421 0.065030055532067588 -0.23922039133050688 0.34492838321803615 0.11441492998354968 -0.21054435679611183 0.34491623648556918 0.11447341478421094 -0.21049040842510139 0.34493273854745754 0.11441632081735073 -0.21054764648529736 0.34491623648556918 0.11447341478421094 -0.21049040842510139 0.34492838321803615 0.11441492998354968 -0.21054435679611183 0.34491623648556918 0.11447341478421094 -0.21049040842510139 0.34493273854745754 0.11441632081735073 -0.21054764648529736 0.34491623648556918 0.11447341478421094 -0.21049040842510139 0.30165742382962968 0.091249532721102172 -0.27762622611463006 0.2822235600085366 0.12782841500552286 -0.27788701069755006 0.30210411731478104 0.091488029894118986 -0.27693400047279321 0.30054781416879434 0.091351503106973514 -0.27588267893105295 0.30216942971500588 0.091508886799549688 -0.27698333256134822 0.30054781416879434 0.0913515031069735 -0.27588267893105295 0.32293923745752656 0.102612251354002 -0.24464652619124405 0.30772834908981078 0.14158998406084031 -0.24826019516387163 0.34497633232146752 0.11437822735603073 -0.21049639272502099 0.34491623648556918 0.11447341478421094 -0.21049040842510139 0.34497653574112702 0.11437829231620042 -0.21049654637297482 0.34491623648556918 0.11447341478421096 -0.21049040842510136 0.34491885141478518 0.11434753733210629 -0.21058546892345287 0.34489410454094205 0.11434111137796069 -0.21056728577844852 0.34492753504799373 0.11435031036932437 -0.21059202788868689 0.34490426003773655 0.1143440124301041 -0.21057520202356497 0.32293923745752656 0.10261225135400201 -0.24464652619124402 0.30772834908981078 0.14158998406084031 -0.24826019516387163 0.34497633232146752 0.11437822735603073 -0.21049639272502099 0.34491623648556918 0.11447341478421094 -0.21049040842510139 0.34497653574112702 0.11437829231620042 -0.21049654637297482 0.34491623648556918 0.11447341478421093 -0.21049040842510136 0.34491885141478518 0.1143475373321063 -0.21058546892345287 0.34489410454094205 0.1143411113779607 -0.21056728577844852 0.34492753504799378 0.1143503103693244 -0.21059202788868686 0.34490551601929104 0.11434291038728664 -0.21057366702399447 0.33807665479118343 0.065487156474775876 -0.24030155575632173 0.33664526508610421 0.065030055532067588 -0.23922039133050688 0.33814212265391447 0.065508063025706942 -0.24035100526959388 0.33664526508610415 0.065030055532067588 -0.23922039133050685 0.34497633232146752 0.11437822735603073 -0.21049639272502099 0.34491623648556918 0.11447341478421094 -0.21049040842510139 0.34497653574112702 0.11437829231620042 -0.21049654637297482 0.34491623648556918 0.11447341478421094 -0.21049040842510139 0.34497770927492954 0.11437896253466885 -0.2104942589072562 0.34495184590909556 0.11443653586935273 -0.21043712562139441 0.34497770927492954 0.11437896253466885 -0.21049425890725623 0.34495738553150984 0.11443831149489529 -0.21043959883241847 0.30774049582227775 0.14159564993757293 -0.24826808697915606 0.30772834908981078 0.14158998406084031 -0.24826019516387163 0.30774929447637472 0.14159975409395095 -0.2482738035249904 0.30772834908981078 0.14158998406084031 -0.24826019516387166 0.30774049582227775 0.14159564993757293 -0.24826808697915603 0.30772834908981078 0.14158998406084031 -0.24826019516387163 0.30774929447637472 0.14159975409395098 -0.24827380352499037 0.30772834908981078 0.14158998406084031 -0.24826019516387163 0.30774049582227775 0.1899601111885646 -0.2135451410141698 0.30772834908981078 0.18995444531183198 -0.21353724919888536 0.30774929447637472 0.18996421534494259 -0.21355085756000414 0.30772834908981078 0.18995444531183198 -0.21353724919888536 0.30774049582227775 0.1899601111885646 -0.2135451410141698 0.30772834908981078 0.18995444531183198 -0.21353724919888536 0.30774929447637472 0.18996421534494259 -0.21355085756000414 0.30772834908981078 0.18995444531183198 -0.21353724919888536 0.30769116976538435 0.19006022931483929 -0.21354918234729942 0.2824990887101394 0.22187798012816165 -0.20995185428871596 0.30774049582227775 0.1899601111885646 -0.2135451410141698 0.30772834908981078 0.18995444531183198 -0.21353724919888536 0.30774929447637472 0.18996421534494259 -0.21355085756000414 0.30772834908981078 0.18995444531183198 -0.21353724919888536 0.30774049582227775 0.14159564993757293 -0.24826808697915606 0.30772834908981078 0.14158998406084031 -0.24826019516387163 0.30774929447637472 0.14159975409395095 -0.2482738035249904 0.30772834908981078 0.14158998406084033 -0.24826019516387163 0.30769116976538435 0.1415674667090599 -0.24836424142373764 0.32199808869858015 0.10252997931217062 -0.24426825404877917 0.34492838321803615 0.1628435419119352 -0.17577535427539959 0.34491623648556918 0.16283787603520264 -0.17576746246011515 0.34452542601384151 0.16260317192924306 -0.17681191873711483 0.34452542601383779 0.16260317192924134 -0.17681191873711255 0.34492838321803615 0.16284354191193523 -0.17577535427539959 0.34491623648556918 0.16283787603520264 -0.17576746246011515 0.34452542601384423 0.1626031719292447 -0.17681191873710803 0.34452542601387898 0.16260317192916462 -0.17681191873710242 0.30774049582227775 0.1899601111885646 -0.2135451410141698 0.30772834908981078 0.18995444531183198 -0.21353724919888536 0.30774929447637472 0.18996421534494259 -0.21355085756000414 0.30772834908981078 0.18995444531183198 -0.21353724919888536 0.34492838321803615 0.1628435419119352 -0.17577535427539959 0.34491623648556918 0.16283787603520264 -0.17576746246011515 0.34493718187213313 0.16284764606831323 -0.17578107082123395 0.34491623648556918 0.16283787603520264 -0.17576746246011515 0.32633443952015695 0.15221959592475406 -0.21202172062727781 0.34491623648556918 0.11447341478421094 -0.21049040842510139 0.34492838321803615 0.1628435419119352 -0.17577535427539959 0.34491623648556918 0.16283787603520264 -0.17576746246011515 0.34493718187213313 0.16284764606831323 -0.17578107082123395 0.34491623648556918 0.16283787603520264 -0.17576746246011515 0.34497770927492954 0.16287172514044826 -0.17567919983081795 0.35928977822271757 0.12383718028645091 -0.17157317320229062 0.34492838321803615 0.1628435419119352 -0.17577535427539959 0.34491623648556918 0.16283787603520264 -0.17576746246011515 0.34493718187213313 0.16284764606831323 -0.17578107082123395 0.34491623648556918 0.16283787603520264 -0.17576746246011515 0.34492838321803615 0.1628435419119352 -0.17577535427539959 0.34491623648556918 0.16283787603520264 -0.17576746246011515 0.34493718187213313 0.16284764606831323 -0.17578107082123395 0.34491623648556918 0.16283787603520264 -0.17576746246011515 0.30774049582227775 0.14159564993757293 -0.24826808697915603 0.30772834908981078 0.14158998406084031 -0.24826019516387163 0.30774929447637472 0.14159975409395095 -0.24827380352499037 0.30772834908981078 0.14158998406084031 -0.24826019516387166 0.30774049582227775 0.14159564993757293 -0.24826808697915603 0.30772834908981078 0.14158998406084031 -0.24826019516387163 0.30774929447637472 0.14159975409395095 -0.24827380352499037 0.30772834908981078 0.14158998406084031 -0.24826019516387163 0.30769116976538435 0.1415674667090599 -0.24836424142373764 0.2853734573993984 0.17686775719496903 -0.24726894668774524 0.30774049582227775 0.14159564993757293 -0.24826808697915603 0.30772834908981078 0.14158998406084031 -0.24826019516387163 0.30774929447637472 0.14159975409395095 -0.24827380352499037 0.30772834908981078 0.14158998406084031 -0.24826019516387163 0.32633443952015695 0.15221959592475406 -0.21202172062727784 0.30772834908981078 0.18995444531183198 -0.21353724919888536 0.30774049582227775 0.14159564993757293 -0.24826808697915603 0.30772834908981078 0.14158998406084031 -0.24826019516387163 0.30774929447637472 0.14159975409395095 -0.24827380352499037 0.30772834908981078 0.14158998406084033 -0.24826019516387163 0.34492838321803615 0.11447908066094355 -0.21049830024038582 0.34491623648556918 0.11447341478421094 -0.21049040842510139 0.34493718187213313 0.11448318481732156 -0.21050401678622013 0.34491623648556924 0.11447341478421096 -0.21049040842510139 0.34492838321803615 0.1628435419119352 -0.17577535427539959 0.34491623648556918 0.16283787603520264 -0.17576746246011515 0.34452542601384456 0.16260317192924489 -0.17681191873710708 0.34452542601381492 0.16260317192929549 -0.17681191873710675 0.30828454313772929 0.14190650003950628 -0.24720754067284109 0.30827239640526238 0.14190083416277366 -0.24719964885755666 0.30833664063441796 0.14192613281054425 -0.24735703783538374 0.30833664063432226 0.14192613281049959 -0.24735703783532109 0.34497770927492954 0.16287172514044826 -0.17567919983081795 0.32266514692353576 0.19817495816924935 -0.17457386584125673 0.34492838321803615 0.1628435419119352 -0.17577535427539959 0.34491623648556918 0.16283787603520264 -0.17576746246011515 0.34493718187213313 0.16284764606831323 -0.17578107082123393 0.34491623648556918 0.16283787603520264 -0.17576746246011515 0.34492838321803615 0.11447908066094355 -0.21049830024038582 0.34491623648556918 0.11447341478421094 -0.21049040842510139 0.34493718187213313 0.11448318481732156 -0.21050401678622013 0.34491623648556924 0.11447341478421094 -0.21049040842510142 0.34497770927492954 0.11437896253466885 -0.2104942589072562 0.35469399054475909 0.07534248239136164 -0.20403685384171183 0.34492838321803615 0.1628435419119352 -0.17577535427539959 0.34491623648556918 0.16283787603520264 -0.17576746246011515 0.34493718187213313 0.16284764606831323 -0.17578107082123393 0.34491623648556918 0.16283787603520264 -0.17576746246011515 0.34492838321803615 0.11447908066094355 -0.21049830024038582 0.34491623648556918 0.11447341478421094 -0.21049040842510139 0.34493718187213313 0.11448318481732156 -0.21050401678622013 0.34491623648556918 0.11447341478421094 -0.21049040842510139 0.34492838321803615 0.1628435419119352 -0.17577535427539959 0.34491623648556918 0.16283787603520264 -0.17576746246011515 0.34493718187213313 0.16284764606831323 -0.17578107082123393 0.34491623648556918 0.16283787603520264 -0.17576746246011515 0.34492838321803615 0.1628435419119352 -0.17577535427539959 0.34491623648556918 0.16283787603520264 -0.17576746246011515 0.34493718187213313 0.16284764606831323 -0.17578107082123393 0.34491623648556918 0.16283787603520264 -0.17576746246011515 0.30769116976538435 0.19006022931483929 -0.21354918234729942 0.30767296644156389 0.18998210095169196 -0.21357768520305212 0.30769116976538435 0.19006022931483929 -0.21354918234729942 0.30767715389581168 0.18998486254778377 -0.21358153174036229 0.30769213990769984 0.19006077473530036 -0.21354678422154622 0.30772834908981078 0.18995444531183198 -0.21353724919888536 0.30769234332735929 0.19006089954644881 -0.21354689489988457 0.30772834908981078 0.18995444531183198 -0.21353724919888536 0.30197920387387356 0.23306865736616109 -0.17554711976587326 0.30054781416879434 0.23219040698745574 -0.17476831679992089 0.30204467173660465 0.23310882614412043 -0.17558274009029545 0.30054781416879434 0.23219040698745577 -0.17476831679992086 0.30773263848767518 0.19008354330627303 -0.21344667448913013 0.30770913499831054 0.19006746274593153 -0.21343350904266112 0.30774132212088373 0.19008887127819213 -0.21345139915584671 0.30771772303032358 0.19007499256316301 -0.21344012161598666 0.30769213990769984 0.19006077473530036 -0.21354678422154622 0.30772834908981078 0.18995444531183198 -0.21353724919888536 0.30769234332735929 0.19006089954644881 -0.21354689489988457 0.30772834908981078 0.18995444531183198 -0.21353724919888536 0.3232185311962622 0.19878981516630195 -0.17516660204647194 0.34491623648556918 0.16283787603520264 -0.17576746246011515 0.30773263848767518 0.19008354330627303 -0.21344667448913013 0.30770913499831054 0.19006746274593153 -0.21343350904266112 0.30774132212088373 0.19008887127819213 -0.21345139915584671 0.30771929049510505 0.19007403581255258 -0.21343878898920229 0.30769213990769984 0.19006077473530036 -0.21354678422154622 0.30772834908981078 0.18995444531183198 -0.21353724919888536 0.30769234332735929 0.19006089954644881 -0.21354689489988457 0.30772834908981078 0.18995444531183198 -0.21353724919888536 0.3232185311962622 0.19878981516630195 -0.17516660204647194 0.34491623648556918 0.16283787603520264 -0.17576746246011515 0.33789806268068689 0.20704274538390494 -0.13887979965009065 0.3366452650861041 0.20586895941254979 -0.13810602919937479 0.33796337508091173 0.2070828187755383 -0.13891533538911968 0.3366452650861041 0.20586895941254979 -0.13810602919937479 0.33821278373985247 0.20721968365622373 -0.13810183061912817 0.35496065138139321 0.16938791107402112 -0.13609593592026586 0.30774049582227775 0.19002426186595847 -0.21349908445844379 0.30772834908981078 0.18995444531183198 -0.21353724919888536 0.30774485115169914 0.19002693414290733 -0.2135014541439732 0.30772834908981078 0.18995444531183198 -0.21353724919888536 0.30774049582227775 0.19002426186595847 -0.21349908445844379 0.30772834908981078 0.18995444531183198 -0.21353724919888536 0.30774485115169914 0.19002693414290733 -0.2135014541439732 0.30772834908981078 0.18995444531183198 -0.21353724919888536 0.32282694176711352 0.19856966098521356 -0.17613458445456898 0.30054781416879434 0.23219040698745574 -0.17476831679992089 0.30774120495546164 0.19002374478202458 -0.21349836422906265 0.30771900979184863 0.19000937913433197 -0.21348682473673447 0.30774562281488893 0.19002645542518579 -0.21350076793646178 0.30772318988991532 0.19001304416194298 -0.21349004330938676 0.34492838321803615 0.16290769258932908 -0.17572929771967358 0.34491623648556918 0.11447341478421094 -0.21049040842510139 0.34492838321803615 0.16290769258932911 -0.17572929771967358 0.34491623648556918 0.16283787603520264 -0.17576746246011515 0.34493273854745754 0.16291036486627794 -0.17573166740520299 0.34491623648556918 0.16283787603520264 -0.17576746246011513 0.34492838321803615 0.16290769258932911 -0.17572929771967361 0.34491623648556918 0.16283787603520264 -0.17576746246011515 0.34493273854745754 0.16291036486627794 -0.17573166740520302 0.34491623648556918 0.16283787603520264 -0.17576746246011515 0.30778815477932558 0.18998951002870873 -0.21345067975546264 0.30776595961571257 0.18997514438101612 -0.21343914026313443 0.30779670727855429 0.18999475754143 -0.21345533307366243 0.30777599730250021 0.18998164119602298 -0.2134443589590494 0.34492767408485225 0.16290820967326297 -0.17573001794905471 0.34490547892123929 0.16289384402557036 -0.17571847845672653 0.34493209194427954 0.16291092031642415 -0.17573242165645384 0.34491042195969701 0.16289704336891625 -0.17572104839292327 0.34492838321803615 0.16290769258932911 -0.17572929771967358 0.34491623648556918 0.16283787603520264 -0.17576746246011515 0.34493273854745754 0.16291036486627794 -0.17573166740520299 0.34491623648556918 0.16283787603520264 -0.17576746246011515 0.34497770927492954 0.16287172514044826 -0.17567919983081795 0.35928977822271757 0.12383718028645091 -0.17157317320229062 0.34492767408485225 0.16290820967326297 -0.17573001794905471 0.34490547892123929 0.16289384402557036 -0.17571847845672653 0.34493209194427954 0.16291092031642415 -0.17573242165645384 0.34491101586814177 0.16289652225255635 -0.17572032254690723 0.34496937084417745 0.16287780533620505 -0.17568766873758568 0.34493939856384376 0.16285298019267161 -0.1756759812725579 0.34497010791073779 0.16287825757432264 -0.17568806976717338 0.34494910972857201 0.16285759147320714 -0.17567920139106294 0.34491756469557516 0.11393634357407668 -0.21076101932682334 0.30772834908981078 0.14158998406084031 -0.24826019516387163 0.33824365700415038 0.064821392282107579 -0.24036193157905986 0.30054781416879434 0.091351503106973514 -0.27588267893105295 0.34491756469557516 0.11393634357407668 -0.21076101932682334 0.30772834908981078 0.14158998406084031 -0.24826019516387163 0.34497770927492954 0.11437896253466885 -0.2104942589072562 0.34491623648556918 0.11447341478421094 -0.21049040842510139 0.34497770927492954 0.11437896253466887 -0.2104942589072562 0.34491623648556918 0.11447341478421096 -0.21049040842510136 0.34497770927492954 0.11437896253466885 -0.2104942589072562 0.34490565215982472 0.11441014233470659 -0.21052717405794144 0.34497770927492954 0.11437896253466887 -0.2104942589072562 0.34491051569815584 0.11441153166883622 -0.21053096520300707 0.34497770927492954 0.11437896253466885 -0.2104942589072562 0.32632229278768998 0.15221393004802147 -0.21201382881199338 0.34497770927492954 0.11437896253466885 -0.2104942589072562 0.34491623648556918 0.11447341478421094 -0.21049040842510139 0.34497770927492954 0.11437896253466887 -0.2104942589072562 0.34491623648556918 0.11447341478421093 -0.21049040842510136 0.34497770927492954 0.11437896253466885 -0.2104942589072562 0.34494127284166831 0.11437321836364769 -0.21047388382347232 0.34497770927492954 0.11437896253466887 -0.2104942589072562 0.34495220783223723 0.1143749422551025 -0.2104799986192708 0.33832343828134487 0.065408522599845392 -0.24000807613262623 0.33671528036906223 0.065070059879531961 -0.23908390605134494 0.33837966052658447 0.065420355476405956 -0.24004038571898964 0.33673181081520964 0.065072801577398504 -0.23909318957046369 0.34497770927492954 0.11437896253466885 -0.2104942589072562 0.34491623648556918 0.11447341478421094 -0.21049040842510139 0.34497770927492954 0.11437896253466887 -0.2104942589072562 0.34491623648556918 0.11447341478421094 -0.21049040842510139 0.34497770927492954 0.11437896253466885 -0.2104942589072562 0.34495184590909556 0.11443653586935273 -0.21043712562139441 0.34497770927492954 0.11437896253466887 -0.2104942589072562 0.34495738553150984 0.11443831149489529 -0.21043959883241847 0.37463218828009465 0.08561255940135501 -0.16942743499966592 0.37274271600341397 0.13260121054414975 -0.13514852897587273 0.33821278373985247 0.064594188229800453 -0.2404988643671169 0.30695412276984158 0.14117223628285444 -0.24915955019440927 0.33821278373985247 0.064594188229800453 -0.2404988643671169 0.30054781416879434 0.091351503106973514 -0.27588267893105295 0.34533752642960369 0.068665023483384352 -0.22661014673455543 0.33120783829990375 0.10732949675570085 -0.23069449131901598 0.33844173823630902 0.064725005029259403 -0.2400525486908239 0.33664526508610421 0.065030055532067588 -0.23922039133050688 0.33848518915472142 0.064734350085497327 -0.2400775775528757 0.33664526508610421 0.06503005553206756 -0.23922039133050682 0.3564904636949639 0.075037431888553441 -0.20486901120202888 0.34491623648556918 0.11447341478421094 -0.21049040842510139 0.33844173823630902 0.064725005029259403 -0.2400525486908239 0.33664526508610421 0.065030055532067588 -0.23922039133050688 0.33848518915472142 0.064734350085497327 -0.2400775775528757 0.33664526508610415 0.065030055532067588 -0.23922039133050685 0.3387246925744295 0.064886675498626992 -0.23950096766169887 0.33707660918479881 0.064613328568185135 -0.2385754019800167 0.35823559311431558 0.075412699645711526 -0.20587467601024051 0.35682859415943446 0.0756964541388844 -0.20523607214962072 0.36764340096032355 0.081409840293722238 -0.18312787566950331 0.35351371283062372 0.12007431356603877 -0.18721222025396392 0.37453918915361883 0.085349858747847507 -0.16968547371323378 0.37274271600341397 0.085654909250655692 -0.16885331635291673 0.37458264007203124 0.085359203804085446 -0.16971050257528561 0.37274271600341397 0.085654909250655692 -0.16885331635291673 0.34497770927492954 0.11444311321206273 -0.21044820235153019 0.34491623648556918 0.11447341478421094 -0.21049040842510139 0.34498255726117216 0.11444478553318807 -0.21045053167319394 0.34491623648556918 0.11447341478421096 -0.21049040842510136 0.34497770927492954 0.11444311321206273 -0.21044820235153019 0.34491623648556918 0.11447341478421094 -0.21049040842510139 0.34498255726117216 0.11444478553318807 -0.21045053167319394 0.34491623648556924 0.11447341478421096 -0.21049040842510139 0.34497770927492954 0.16280757446305441 -0.17572525638654396 0.34491623648556918 0.16283787603520264 -0.17576746246011515 0.34498255726117216 0.16280924678417974 -0.17572758570820768 0.34491623648556918 0.16283787603520264 -0.17576746246011513 0.34497770927492954 0.11444311321206273 -0.21044820235153019 0.34491623648556918 0.11447341478421094 -0.21049040842510139 0.34498255726117216 0.11444478553318807 -0.21045053167319394 0.34491623648556918 0.11447341478421093 -0.21049040842510136 0.34497770927492954 0.16287172514044826 -0.17567919983081795 0.32266514692353576 0.19817495816924935 -0.17457386584125673 0.34497770927492954 0.16280757446305441 -0.17572525638654396 0.34491623648556918 0.16283787603520264 -0.17576746246011515 0.34498255726117216 0.16280924678417974 -0.17572758570820768 0.34491623648556918 0.16283787603520264 -0.17576746246011515 0.34497770927492954 0.11444403547053976 -0.21044754022213941 0.34495242874510323 0.11443593225498966 -0.21043625351694809 0.3449826268643133 0.11444573180138737 -0.21044990298616384 0.34495798311408005 0.11443680789627672 -0.2104393594942115 0.35975088683073864 0.12362435971312302 -0.17310936873979718 0.37274271600341397 0.085654909250655692 -0.16885331635291673 0.34497770927492954 0.16280665220457738 -0.17572591851593472 0.34495242874510323 0.16279854898902729 -0.1757146318107434 0.3449826268643133 0.162808348535425 -0.17572828127995915 0.34495805891901604 0.16280035363921116 -0.17571714544924569 0.34497770927492954 0.11450509575376699 -0.2104037023945225 0.34495242874510323 0.11449699253821689 -0.21039241568933117 0.34498722919744051 0.11450837966727868 -0.2104082764507661 0.34496386177820215 0.11450065718971858 -0.21039752006312859 0.34497770927492954 0.162860880649426 -0.17568698556162202 0.34493939856384376 0.16285298019267164 -0.17567598127255779 0.34497852971540571 0.16286116366176798 -0.17568737976030149 0.34494907550432891 0.16285766093886725 -0.17567920419508928 0.34497770927492954 0.16280665220457738 -0.17572591851593472 0.34495242874510323 0.16279854898902729 -0.17571463181074343 0.3449826268643133 0.162808348535425 -0.17572828127995915 0.34495798527441585 0.16280118746918712 -0.17571647429651766 0.34497865617639445 0.11437955512756898 -0.21049186268564912 0.34491623648556918 0.11447341478421094 -0.21049040842510139 0.34497888260604309 0.11437963323486258 -0.21049197147875609 0.34491623648556918 0.11447341478421096 -0.21049040842510136 0.34497770927492954 0.11437896253466885 -0.2104942589072562 0.34490565215982472 0.11441014233470659 -0.21052717405794144 0.34497770927492954 0.11437896253466885 -0.2104942589072562 0.34491051569815584 0.11441153166883622 -0.21053096520300707 0.36013309529457715 0.12386355463512305 -0.17214215492356177 0.34491623648556918 0.16283787603520264 -0.17576746246011515 0.34497865617639445 0.11437955512756898 -0.21049186268564912 0.34491623648556918 0.11447341478421094 -0.21049040842510139 0.34497888260604309 0.11437963323486258 -0.21049197147875609 0.34491623648556918 0.11447341478421093 -0.21049040842510136 0.36013309529457715 0.12386355463512305 -0.17214215492356177 0.34491623648556918 0.16283787603520264 -0.17576746246011515 0.34501818456732591 0.11440429291147539 -0.21039183244179083 0.34499069619218803 0.11439630055688495 -0.21037899348099509 0.34502785045714923 0.11440762717666052 -0.2103964766312415 0.34500210767053702 0.11439809956621087 -0.21038537472654104 0.37433601858209448 0.086204521693437272 -0.16961885363534596 0.37274271600341397 0.085654909250655692 -0.16885331635291673 0.37440889189824306 0.086229659468168782 -0.16965386722356984 0.37274271600341397 0.085654909250655692 -0.16885331635291673 0.34497865617639445 0.11437955512756898 -0.21049186268564912 0.34491623648556918 0.11447341478421094 -0.21049040842510139 0.34497888260604309 0.11437963323486258 -0.21049197147875609 0.34491623648556918 0.11447341478421094 -0.21049040842510139 0.34501818456732591 0.11440429291147539 -0.2103918324417908 0.34499069619218803 0.11439630055688493 -0.21037899348099509 0.34502785045714923 0.11440762717666052 -0.21039647663124147 0.34500226341215051 0.11440000821955319 -0.21038415776364644 0.37476814365007532 0.13302250735611421 -0.13510681345427789 0.35496065138139321 0.16938791107402115 -0.13609593592026581 0.37446096208794066 0.13283026600945036 -0.13588416476671489 0.37274271600341397 0.13260121054414975 -0.13514852897587273 0.37453366235630842 0.13285534409105465 -0.1359190952103248 0.37274271600341397 0.13260121054414975 -0.13514852897587273 0.33824365700415038 0.20701729173967853 -0.13827332342348747 0.30054781416879434 0.23219040698745574 -0.17476831679992089 0.34497770927492954 0.16287172514044826 -0.17567919983081795 0.34491623648556918 0.16283787603520264 -0.17576746246011515 0.34497770927492954 0.16287172514044826 -0.17567919983081795 0.34491623648556918 0.16283787603520264 -0.17576746246011513 0.34497770927492954 0.16287172514044826 -0.17567919983081795 0.34491623648556918 0.16283787603520264 -0.17576746246011515 0.34497770927492954 0.16287172514044826 -0.17567919983081795 0.34491623648556918 0.16283787603520264 -0.17576746246011515 0.33831047870426839 0.20657923725268942 -0.13864450026551892 0.3366452650861041 0.20586895941254979 -0.13810602919937479 0.33836012366714402 0.20660304667862581 -0.13866366219653675 0.3366452650861041 0.20586895941254979 -0.13810602919937479 0.34497770927492954 0.16287172514044826 -0.17567919983081795 0.34490565215982472 0.16289294272345547 -0.17571926728951401 0.34497770927492954 0.16287172514044826 -0.17567919983081795 0.34491051569815573 0.16289609061096022 -0.17572179589278261 0.34497770927492954 0.16287172514044826 -0.17567919983081795 0.34495184590909561 0.16279918230728041 -0.17571548258947778 0.34497770927492954 0.16287172514044826 -0.17567919983081795 0.3449573855315099 0.16280095793282295 -0.17571795580050187 0.3563672516438669 0.17003342616622644 -0.13727235046144168 0.37274271600341397 0.13260121054414975 -0.13514852897587273 0.34497770927492954 0.16287172514044826 -0.17567919983081795 0.34494162018584912 0.16285442892832513 -0.1756672067309582 0.34497770927492954 0.16287172514044826 -0.17567919983081795 0.34495222407730131 0.16285955804166932 -0.17567073837618585 0.34497770927492954 0.16287172514044826 -0.17567919983081795 0.34494162018584912 0.16285442892832513 -0.1756672067309582 0.34497770927492954 0.16287172514044826 -0.17567919983081795 0.34495226157987352 0.1628594819219164 -0.17567073530356264 0.34497770927492954 0.16287172514044826 -0.17567919983081795 0.34491623648556918 0.16283787603520264 -0.17576746246011515 0.34497770927492954 0.16287172514044826 -0.17567919983081795 0.34491623648556918 0.16283787603520264 -0.17576746246011513 0.34497770927492954 0.16287172514044826 -0.17567919983081795 0.34491623648556918 0.16283787603520264 -0.17576746246011515 0.34497770927492954 0.16287172514044826 -0.17567919983081795 0.34491623648556918 0.16283787603520264 -0.17576746246011515 0.3563672516438669 0.17003342616622644 -0.13727235046144165 0.3366452650861041 0.20586895941254979 -0.13810602919937479 0.34497770927492954 0.16287172514044826 -0.17567919983081795 0.34490565215982472 0.16289294272345547 -0.17571926728951401 0.34497770927492954 0.16287172514044826 -0.17567919983081795 0.34491051569815573 0.16289609061096022 -0.17572179589278261 0.37463218828009465 0.13315873099744818 -0.13529197469534474 0.37274271600341397 0.085654909250655692 -0.16885331635291673 0.34497770927492954 0.16287172514044826 -0.17567919983081795 0.34495184590909561 0.16279918230728041 -0.17571548258947778 0.34497770927492954 0.16287172514044826 -0.17567919983081795 0.3449573855315099 0.16280095793282295 -0.17571795580050187 0.37433792820851225 0.1334535717121316 -0.13569273532773718 0.37274271600341397 0.13260121054414975 -0.13514852897587273 0.37438767128222805 0.13347718200044986 -0.13571188922043584 0.37274271600341397 0.13260121054414975 -0.13514852897587273 0.34497770927492954 0.16287172514044826 -0.17567919983081795 0.34494162018584912 0.16285442892832513 -0.1756672067309582 0.34497770927492954 0.16287172514044826 -0.17567919983081795 0.34495222407730131 0.16285955804166932 -0.17567073837618585 0.34497770927492954 0.16287172514044826 -0.17567919983081795 0.34494162018584912 0.16285442892832513 -0.1756672067309582 0.34497770927492954 0.16287172514044826 -0.17567919983081795 0.34495226157987352 0.1628594819219164 -0.17567073530356264 0.34452542601384151 0.16260317192924306 -0.17681191873711483 0.3162171961345151 0.14571393767927907 -0.24970497662021546</DataArray>
      </Points>
      <Lines>
        <DataArray type="Int32" Name="connectivity" format="ascii">108 109 110 111 112 113 114 115 116 117 118 119 120 121 122 123 124 125 126 127 128 129 130 131 132 133 134 135 136 137 138 139 140 141 142 143 144 145 146 147 148 149 150 151 152 153 154 155 156 157 158 159 160 161 162 163 164 165 166 167 168 169 170 171 172 173 174 175 176 177 178 179 180 181 182 183 184 185 186 187 188 189 190 191 192 193 194 195 196 197 198 199 200 201 202 203 204 205 206 207 208 209 210 211 212 213 214 215 216 217 218 219 220 221 222 223 224 225 226 227 228 229 230 231 232 233 234 235 236 237 238 239 240 241 242 243 244 245 246 247 248 249 250 251 252 253 254 255 256 257 258 259 260 261 262 263 264 265 266 267 268 269 270 271 272 273 274 275 276 277 278 279 280 281 282 283 284 285 286 287 288 289 290 291 292 293 294 295 296 297 298 299 300 301 302 303 304 305 306 307 308 309 310 311 312 313 314 315 316 317 318 319 320 321 322 323 324 325 326 327 328 329 330 331 332 333 334 335 336 337 338 339 340 341 342 343 344 345 346 347 348 349 350 351 352 353 354 355 356 357 358 359 360 361 362 363 364 365 366 367 368 369 370 371 372 373 374 375 376 377 378 379 380 381 382 383 384 385 386 387 388 389 390 391 392 393 394 395 396 397 398 399 400 401 402 403 404 405 406 407 408 409 410 411 412 413 414 415 416 417 418 419 420 421 422 423 424 425 426 427 428 429 430 431 432 433 434 435 436 437 438 439 440 441 442 443 444 445 446 447 448 449 450 451 452 453 454 455 456 457 458 459 460 461 462 463 464 465 466 467 468 469 470 471 472 473 474 475 476 477 478 479 480 481 482 483 484 485 486 487 488 489 490 491 492 493 494 495 496 497 498 499 500 501 502 503 504 505 506 507 508 509 510 511 512 513 514 515 516 517 518 519 520 521 522 523 524 525 526 527 528 529 530 531 532 533 534 535 536 537 538 539 540 541 542 543 544 545 546 547 548 549 550 551 552 553 554 555 556 557 558 559 560 561 562 563 564 565 566 567 568 569 570 571 572 573 574 575 576 577 578 579 580 581 582 583 584 585 586 587 588 589 590 591 592 593 594 595 596 597 598 599 600 601 602 603 604 605 606 607 608 609 610 611 612 613 614 615 616 617 618 619 620 621 622 623 624 625 626 627 628 629 630 631 632 633 634 635 636 637 638 639 640 641 642 643 644 645 646 647 648 649 650 651 652 653 654 655 656 657 658 659 660 661 662 663 664 665 666 667 668 669 670 671 672 673 674 675 676 677 678 679 680 681 682 683 684 685 686 687 688 689 690 691 692 693 694 695 696 697 698 699 700 701 702 703 704 705 706 707 708 709 710 711 712 713 714 715 716 717 718 719 720 721 722 723 724 725 726 727 728 729 730 731 732 733 734 735 736 737 738 739 740 741 742 743 744 745 746 747 748 749 750 751 752 753 754 755 756 757 758 759 760 761 762 763 764 765 766 767 768 769 770 771 772 773 774 775 776 777 778 779 780 781 782 783 784 785 786 787 788 789 790 791 792 793 794 795 796 797 798 799 800 801 802 803 804 805 806 807 808 809 810 811 812 813 814 815 816 817 818 819 820 821 822 823 824 825 826 827 828 829 830 831 832 833 834 835 836 837 838 839 840 841 842 843 844 845 846 847 848 849 850 851 852 853 854 855 856 857 858 859 860 861 862 863 864 865 866 867 868 869 870 871 872 873 874 875 876 877 878 879 880 881 882 883 884 885 886 887 888 889 890 891 892 893 894 895 896 897 898 899 900 901 902 903 904 905 906 907 908 909 910 911 912 913 914 915 916 917 918 919 920 921 922 923 924 925 926 927 928 929 930 931 932 933 934 935 936 937 938 939 940 941 942 943 944 945 946 947 948 949 950 951 952 953 954 955 956 957 958 959 960 961 962 963 964 965 966 967 968 969 970 971 972 973 974 975 976 977 978 979 980 981 982 983 984 985 986 987 988 989 990 991 992 993 994 995 996 997 998 999 1000 1001 1002 1003 1004 1005 1006 1007 1008 1009 1010 1011 1012 1013 1014 1015 1016 1017 1018 1019 1020 1021 1022 1023 1024 1025 1026 1027 1028 1029 1030 1031 1032 1033 1034 1035 1036 1037 1038 1039 1040 1041 1042 1043 1044 1045 1046 1047 1048 1049 1050 1051 1052 1053 1054 1055 1056 1057 1058 1059 1060 1061 1062 1063 1064 1065 1066 1067 1068 1069 1070 1071 1072 1073 1074 1075 1076 1077 1078 1079 1080 1081 1082 1083 1084 1085 1086 1087 1088 1089 1090 1091 1092 1093 1094 1095 1096 1097 1098 1099 1100 1101 1102 1103 1104 1105 1106 1107 1108 1109 1110 1111 1112 1113 1114 1115 1116 1117 1118 1119 1120 1121 1122 1123 1124 1125 1126 1127 1128 1129 1130 1131 1132 1133 1134 1135 1136 1137 1138 1139 1140 1141 1142 1143 1144 1145 1146 1147 1148 1149 1150 1151 1152 1153 1154 1155 1156 1157 1158 1159 1160 1161 1162 1163 1164 1165 1166 1167 1168 1169 1170 1171 1172 1173 1174 1175 1176 1177 1178 1179 1180 1181 1182 1183 1184 1185 1186 1187 1188 1189 1190 1191 1192 1193 1194 1195 1196 1197 1198 1199 1200 1201 1202 1203 1204 1205 1206 1207 1208 1209 1210 1211 1212 1213 1214 1215 1216 1217 1218 1219 1220 1221 1222 1223 1224 1225 1226 1227 1228 1229 1230 1231 1232 1233 1234 1235 1236 1237 1238 1239 1240 1241 1242 1243 1244 1245 1246 1247 1248 1249 1250 1251 1252 1253 1254 1255 1256 1257 1258 1259 1260 1261 1262 1263 1264 1265 1266 1267 1268 1269 1270 1271 1272 1273 1274 1275 1276 1277 1278 1279 1280 1281 1282 1283 1284 1285 1286 1287 1288 1289 1290 1291 1292 1293 1294 1295 1296 1297 1298 1299 1300 1301 1302 1303 1304 1305 1306 1307 1308 1309 1310 1311 1312 1313 1314 1315 1316 1317 1318 1319 1320 1321 1322 1323 1324 1325 1326 1327 1328 1329 1330 1331 1332 1333 1334 1335 1336 1337 1338 1339 1340 1341 1342 1343 1344 1345 1346 1347 1348 1349 1350 1351 1352 1353 1354 1355 1356 1357 1358 1359 1360 1361 1362 1363 1364 1365 1366 1367 1368 1369 1370 1371 1372 1373 1374 1375 1376 1377 1378 1379 1380 1381 1382 1383 1384 1385 1386 1387 1388 1389 1390 1391 1392 1393 1394 1395 1396 1397 1398 1399 1400 1401 1402 1403 1404 1405 1406 1407 1408 1409 1410 1411 1412 1413 1414 1415 1416 1417 1418 1419 1420 1421 1422 1423 1424 1425 1426 1427 1428 1429 1430 1431 1432 1433 1434 1435 1436 1437 1438 1439 1440 1441 1442 1443 1444 1445 1446 1447 1448 1449 1450 1451 1452 1453 1454 1455 1456 1457 1458 1459 1460 1461 1462 1463 1464 1465 1466 1467 1468 1469 1470 1471 1472 1473 1474 1475 1476 1477 1478 1479 1480 1481 1482 1483 1484 1485 1486 1487 1488 1489 1490 1491 1492 1493 1494 1495 1496 1497 1498 1499 1500 1501 1502 1503 1504 1505 1506 1507 1508 1509 1510 1511 1512 1513 1514 1515 1516 1517 1518 1519 1520 1521 1522 1523 1524 1525 1526 1527 1528 1529 1530 1531 1532 1533 1534 1535 1536 1537 1538 1539 1540 1541 1542 1543 1544 1545 1546 1547 1548 1549 1550 1551 1552 1553 1554 1555 1556 1557 1558 1559 1560 1561 1562 1563 1564 1565 1566 1567 1568 1569 1570 1571 1572 1573 1574 1575 1576 1577 1578 1579 1580 1581 1582 1583 1584 1585 1586 1587 1588 1589 1590 1591 1592 1593 1594 1595 1596 1597 1598 1599 1600 1601 1602 1603 1604 1605 1606 1607 1608 1609 1610 1611 1612 1613 1614 1615 1616 1617 1618 1619 1620 1621 1622 1623 1624 1625 1626 1627 1628 1629 1630 1631 1632 1633 1634 1635 1636 1637 1638 1639 1640 1641 1642 1643 1644 1645 1646 1647 1648 1649 1650 1651 1652 1653 1654 1655 1656 1657 1658 1659 1660 1661 1662 1663 1664 1665 1666 1667 1668 1669 1670 1671 1672 1673 1674 1675 1676 1677 1678 1679 1680 1681</DataArray>
        <DataArray type="Int32" Name="offsets" format="ascii">2 4 6 8 10 12 14 16 18 20 22 24 26 28 30 32 34 36 38 40 42 44 46 48 50 52 54 56 58 60 62 64 66 68 70 72 74 76 78 80 82 84 86 88 90 92 94 96 98 100 102 104 106 108 110 112 114 116 118 120 122 124 126 128 130 132 134 136 138 140 142 144 146 148 150 152 154 156 158 160 162 164 166 168 170 172 174 176 178 180 182 184 186 188 190 192 194 196 198 200 202 204 206 208 210 212 214 216 218 220 222 224 226 228 230 232 234 236 238 240 242 244 246 248 250 252 254 256 258 260 262 264 266 268 270 272 274 276 278 280 282 284 286 288 290 292 294 296 298 300 302 304 306 308 310 312 314 316 318 320 322 324 326 328 330 332 334 336 338 340 342 344 346 348 350 352 354 356 358 360 362 364 366 368 370 372 374 376 378 380 382 384 386 388 390 392 394 396 398 400 402 404 406 408 410 412 414 416 418 420 422 424 426 428 430 432 434 436 438 440 442 444 446 448 450 452 454 456 458 460 462 464 466 468 470 472 474 476 478 480 482 484 486 488 490 492 494 496 498 500 502 504 506 508 510 512 514 516 518 520 522 524 526 528 530 532 534 536 538 540 542 544 546 548 550 552 554 556 558 560 562 564 566 568 570 572 574 576 578 580 582 584 586 588 590 592 594 596 598 600 602 604 606 608 610 612 614 616 618 620 622 624 626 628 630 632 634 636 638 640 642 644 646 648 650 652 654 656 658 660 662 664 666 668 670 672 674 676 678 680 682 684 686 688 690 692 694 696 698 700 702 704 706 708 710 712 714 716 718 720 722 724 726 728 730 732 734 736 738 740 742 744 746 748 750 752 754 756 758 760 762 764 766 768 770 772 774 776 778 780 782 784 786 788 790 792 794 796 798 800 802 804 806 808 810 812 814 816 818 820 822 824 826 828 830 832 834 836 838 840 842 844 846 848 850 852 854 856 858 860 862 864 866 868 870 872 874 876 878 880 882 884 886 888 890 892 894 896 898 900 902 904 906 908 910 912 914 916 918 920 922 924 926 928 930 932 934 936 938 940 942 944 946 948 950 952 954 956 958 960 962 964 966 968 970 972 974 976 978 980 982 984 986 988 990 992 994 996 998 1000 1002 1004 1006 1008 1010 1012 1014 1016 1018 1020 1022 1024 1026 1028 1030 1032 1034 1036 1038 1040 1042 1044 1046 1048 1050 1052 1054 1056 1058 1060 1062 1064 1066 1068 1070 1072 1074 1076 1078 1080 1082 1084 1086 1088 1090 1092 1094 1096 1098 1100 1102 1104 1106 1108 1110 1112 1114 1116 1118 1120 1122 1124 1126 1128 1130 1132 1134 1136 1138 1140 1142 1144 1146 1148 1150 1152 1154 1156 1158 1160 1162 1164 1166 1168 1170 1172 1174 1176 1178 1180 1182 1184 1186 1188 1190 1192 1194 1196 1198 1200 1202 1204 1206 1208 1210 1212 1214 1216 1218 1220 1222 1224 1226 1228 1230 1232 1234 1236 1238 1240 1242 1244 1246 1248 1250 1252 1254 1256 1258 1260 1262 1264 1266 1268 1270 1272 1274 1276 1278 1280 1282 1284 1286 1288 1290 1292 1294 1296 1298 1300 1302 1304 1306 1308 1310 1312 1314 1316 1318 1320 1322 1324 1326 1328 1330 1332 1334 1336 1338 1340 1342 1344 1346 1348 1350 1352 1354 1356 1358 1360 1362 1364 1366 1368 1370 1372 1374 1376 1378 1380 1382 1384 1386 1388 1390 1392 1394 1396 1398 1400 1402 1404 1406 1408 1410 1412 1414 1416 1418 1420 1422 1424 1426 1428 1430 1432 1434 1436 1438 1440 1442 1444 1446 1448 1450 1452 1454 1456 1458 1460 1462 1464 1466 1468 1470 1472 1474 1476 1478 1480 1482 1484 1486 1488 1490 1492 1494 1496 1498 1500 1502 1504 1506 1508 1510 1512 1514 1516 1518 1520 1522 1524 1526 1528 1530 1532 1534 1536 1538 1540 1542 1544 1546 1548 1550 1552 1554 1556 1558 1560 1562 1564 1566 1568 1570 1572 1574</DataArray>
      </Lines>
      <Polys>
        <DataArray type="Int32" Name="connectivity" format="ascii">0 1 2 3 4 5 6 7 8 9 10 11 12 13 14 15 16 17 18 19 20 21 22 23 24 25 26 27 28 29 30 31 32 33 34 35 36 37 38 39 40 41 42 43 44 45 46 47 48 49 50 51 52 53 54 55 56 57 58 59 60 61 62 63 64 65 66 67 68 69 70 71 72 73 74 75 76 77 78 79 80 81 82 83 84 85 86 87 88 89 90 91 92 93 94 95 96 97 98 99 100 101 102 103 104 105 106 107</DataArray>
        <DataArray type="Int32" Name="offsets" format="ascii">3 6 9 12 15 18 21 24 27 30 33 36 39 42 45 48 51 54 57 60 63 66 69 72 75 78 81 84 87 90 93 96 99 102 105 108</DataArray>
      </Polys>
    </Piece>
  </PolyData>
</VTKFile>
